main500_task_id	specimen_id	status	size_bytes	target_path	raw_jpegURL	used_url	error
132	L_0044156	FAIL	0	/mnt/iusers01/sk01/f70829xm/code/nhm/data_rds/02_raw_images/main_data/main500_row0133_L_0044156.jpg	https://zenodo.org/record/1486774/files/L  0044156.jpg		"  % Total    % Received % Xferd  Average Speed   Time    Time     Time  Current
                                 Dload  Upload   Total   Spent    Left  Speed

  0     0    0     0    0     0      0      0 --:--:-- --:--:-- --:--:--     0
  0   763    0     0    0     0      0      0 --:--:-- --:--:-- --:--:--     0
curl: (22) The requested URL returned error: 403
"
160	L_0491067	FAIL	0	/mnt/iusers01/sk01/f70829xm/code/nhm/data_rds/02_raw_images/main_data/main500_row0161_L_0491067.jpg	https://zenodo.org/record/1486808/files/L  0491067.jpg		"  % Total    % Received % Xferd  Average Speed   Time    Time     Time  Current
                                 Dload  Upload   Total   Spent    Left  Speed

  0     0    0     0    0     0      0      0 --:--:-- --:--:-- --:--:--     0
  0   763    0     0    0     0      0      0 --:--:-- --:--:-- --:--:--     0
curl: (22) The requested URL returned error: 403
"
194	E00639946	FAIL	0	/mnt/iusers01/sk01/f70829xm/code/nhm/data_rds/02_raw_images/main_data/main500_row0195_E00639946.jpg	https://zenodo.org/record/1484154/files/E00639946.jpg		"  % Total    % Received % Xferd  Average Speed   Time    Time     Time  Current
                                 Dload  Upload   Total   Spent    Left  Speed

  0     0    0     0    0     0      0      0 --:--:-- --:--:-- --:--:--     0
  0     0    0     0    0     0      0      0 --:--:-- --:--:-- --:--:--     0
  0   763    0     0    0     0      0      0 --:--:-- --:--:-- --:--:--     0
curl: (22) The requested URL returned error: 403
"
261	L.3474871	FAIL	0	/mnt/iusers01/sk01/f70829xm/code/nhm/data_rds/02_raw_images/main_data/main500_row0262_L.3474871.jpg	https://zenodo.org/record/1487030/files/L.3474871.jpg		"  % Total    % Received % Xferd  Average Speed   Time    Time     Time  Current
                                 Dload  Upload   Total   Spent    Left  Speed

  0     0    0     0    0     0      0      0 --:--:-- --:--:-- --:--:--     0
  0   763    0     0    0     0      0      0 --:--:-- --:--:-- --:--:--     0
curl: (22) The requested URL returned error: 403
"
277	U_0004420	FAIL	0	/mnt/iusers01/sk01/f70829xm/code/nhm/data_rds/02_raw_images/main_data/main500_row0278_U_0004420.jpg	https://zenodo.org/record/1491114/files/U  0004420.jpg		"  % Total    % Received % Xferd  Average Speed   Time    Time     Time  Current
                                 Dload  Upload   Total   Spent    Left  Speed

  0     0    0     0    0     0      0      0 --:--:-- --:--:-- --:--:--     0
  0   763    0     0    0     0      0      0 --:--:-- --:--:-- --:--:--     0
curl: (22) The requested URL returned error: 403
"
305	U_0006147	FAIL	0	/mnt/iusers01/sk01/f70829xm/code/nhm/data_rds/02_raw_images/main_data/main500_row0306_U_0006147.jpg	https://zenodo.org/record/1491116/files/U  0006147.jpg		"  % Total    % Received % Xferd  Average Speed   Time    Time     Time  Current
                                 Dload  Upload   Total   Spent    Left  Speed

  0     0    0     0    0     0      0      0 --:--:-- --:--:-- --:--:--     0
  0   763    0     0    0     0      0      0 --:--:-- --:--:-- --:--:--     0
curl: (22) The requested URL returned error: 403
"
320	L_0016431	FAIL	0	/mnt/iusers01/sk01/f70829xm/code/nhm/data_rds/02_raw_images/main_data/main500_row0321_L_0016431.jpg	https://zenodo.org/record/1486762/files/L  0016431.jpg		"  % Total    % Received % Xferd  Average Speed   Time    Time     Time  Current
                                 Dload  Upload   Total   Spent    Left  Speed

  0     0    0     0    0     0      0      0 --:--:-- --:--:-- --:--:--     0
  0   763    0     0    0     0      0      0 --:--:-- --:--:-- --:--:--     0
curl: (22) The requested URL returned error: 403
"
354	E00049052	FAIL	0	/mnt/iusers01/sk01/f70829xm/code/nhm/data_rds/02_raw_images/main_data/main500_row0355_E00049052.jpg	https://zenodo.org/record/1483597/files/E00049052.jpg		"  % Total    % Received % Xferd  Average Speed   Time    Time     Time  Current
                                 Dload  Upload   Total   Spent    Left  Speed

  0     0    0     0    0     0      0      0 --:--:-- --:--:-- --:--:--     0
  0   763    0     0    0     0      0      0 --:--:-- --:--:-- --:--:--     0
curl: (22) The requested URL returned error: 403
"
421	BM000846721	FAIL	0	/mnt/iusers01/sk01/f70829xm/code/nhm/data_rds/02_raw_images/main_data/main500_row0422_BM000846721.jpg	https://zenodo.org/record/1480393/files/BM000846721.jpg		"  % Total    % Received % Xferd  Average Speed   Time    Time     Time  Current
                                 Dload  Upload   Total   Spent    Left  Speed

  0     0    0     0    0     0      0      0 --:--:-- --:--:-- --:--:--     0
  0   763    0     0    0     0      0      0 --:--:-- --:--:-- --:--:--     0
curl: (22) The requested URL returned error: 403
"
488	K000321250	FAIL	0	/mnt/iusers01/sk01/f70829xm/code/nhm/data_rds/02_raw_images/main_data/main500_row0489_K000321250.jpg	https://zenodo.org/record/1485822/files/K000321250.jpg		"  % Total    % Received % Xferd  Average Speed   Time    Time     Time  Current
                                 Dload  Upload   Total   Spent    Left  Speed

  0     0    0     0    0     0      0      0 --:--:-- --:--:-- --:--:--     0
  0   763    0     0    0     0      0      0 --:--:-- --:--:-- --:--:--     0
curl: (22) The requested URL returned error: 403
"
490	B_10_0002521	FAIL	0	/mnt/iusers01/sk01/f70829xm/code/nhm/data_rds/02_raw_images/main_data/main500_row0491_B_10_0002521.jpg	https://zenodo.org/record/1479042/files/B 10 0002521.jpg		"  % Total    % Received % Xferd  Average Speed   Time    Time     Time  Current
                                 Dload  Upload   Total   Spent    Left  Speed

  0     0    0     0    0     0      0      0 --:--:-- --:--:-- --:--:--     0
  0   763    0     0    0     0      0      0 --:--:-- --:--:-- --:--:--     0
curl: (22) The requested URL returned error: 403
"
491	B_10_0184751	FAIL	0	/mnt/iusers01/sk01/f70829xm/code/nhm/data_rds/02_raw_images/main_data/main500_row0492_B_10_0184751.jpg	https://zenodo.org/record/1479337/files/B 10 0184751.jpg		"  % Total    % Received % Xferd  Average Speed   Time    Time     Time  Current
                                 Dload  Upload   Total   Spent    Left  Speed

  0     0    0     0    0     0      0      0 --:--:-- --:--:-- --:--:--     0
  0   763    0     0    0     0      0      0 --:--:-- --:--:-- --:--:--     0
curl: (22) The requested URL returned error: 403
"
492	B_10_0423785	FAIL	0	/mnt/iusers01/sk01/f70829xm/code/nhm/data_rds/02_raw_images/main_data/main500_row0493_B_10_0423785.jpg	https://zenodo.org/record/1479568/files/B 10 0423785.jpg		"  % Total    % Received % Xferd  Average Speed   Time    Time     Time  Current
                                 Dload  Upload   Total   Spent    Left  Speed

  0     0    0     0    0     0      0      0 --:--:-- --:--:-- --:--:--     0
  0   763    0     0    0     0      0      0 --:--:-- --:--:-- --:--:--     0
curl: (22) The requested URL returned error: 403
"
493	B_10_0327000	FAIL	0	/mnt/iusers01/sk01/f70829xm/code/nhm/data_rds/02_raw_images/main_data/main500_row0494_B_10_0327000.jpg	https://zenodo.org/record/1479497/files/B 10 0327000.jpg		"  % Total    % Received % Xferd  Average Speed   Time    Time     Time  Current
                                 Dload  Upload   Total   Spent    Left  Speed

  0     0    0     0    0     0      0      0 --:--:-- --:--:-- --:--:--     0
  0   763    0     0    0     0      0      0 --:--:-- --:--:-- --:--:--     0
curl: (22) The requested URL returned error: 403
"
494	B_10_0066610	FAIL	0	/mnt/iusers01/sk01/f70829xm/code/nhm/data_rds/02_raw_images/main_data/main500_row0495_B_10_0066610.jpg	https://zenodo.org/record/1479193/files/B 10 0066610.jpg		"  % Total    % Received % Xferd  Average Speed   Time    Time     Time  Current
                                 Dload  Upload   Total   Spent    Left  Speed

  0     0    0     0    0     0      0      0 --:--:-- --:--:-- --:--:--     0
  0   763    0     0    0     0      0      0 --:--:-- --:--:-- --:--:--     0
curl: (22) The requested URL returned error: 403
"
495	B_10_0003448	FAIL	0	/mnt/iusers01/sk01/f70829xm/code/nhm/data_rds/02_raw_images/main_data/main500_row0496_B_10_0003448.jpg	https://zenodo.org/record/1479070/files/B 10 0003448.jpg		"  % Total    % Received % Xferd  Average Speed   Time    Time     Time  Current
                                 Dload  Upload   Total   Spent    Left  Speed

  0     0    0     0    0     0      0      0 --:--:-- --:--:-- --:--:--     0
  0   763    0     0    0     0      0      0 --:--:-- --:--:-- --:--:--     0
curl: (22) The requested URL returned error: 403
"
496	B_10_0003450	FAIL	0	/mnt/iusers01/sk01/f70829xm/code/nhm/data_rds/02_raw_images/main_data/main500_row0497_B_10_0003450.jpg	https://zenodo.org/record/1479074/files/B 10 0003450.jpg		"  % Total    % Received % Xferd  Average Speed   Time    Time     Time  Current
                                 Dload  Upload   Total   Spent    Left  Speed

  0     0    0     0    0     0      0      0 --:--:-- --:--:-- --:--:--     0
  0     0    0     0    0     0      0      0 --:--:-- --:--:-- --:--:--     0
  0   763    0     0    0     0      0      0 --:--:-- --:--:-- --:--:--     0
curl: (22) The requested URL returned error: 403
"
497	B_10_0089598	FAIL	0	/mnt/iusers01/sk01/f70829xm/code/nhm/data_rds/02_raw_images/main_data/main500_row0498_B_10_0089598.jpg	https://zenodo.org/record/1479264/files/B 10 0089598.jpg		"  % Total    % Received % Xferd  Average Speed   Time    Time     Time  Current
                                 Dload  Upload   Total   Spent    Left  Speed

  0     0    0     0    0     0      0      0 --:--:-- --:--:-- --:--:--     0
  0   763    0     0    0     0      0      0 --:--:-- --:--:-- --:--:--     0
curl: (22) The requested URL returned error: 403
"
498	B_10_0089768	FAIL	0	/mnt/iusers01/sk01/f70829xm/code/nhm/data_rds/02_raw_images/main_data/main500_row0499_B_10_0089768.jpg	https://zenodo.org/record/1479268/files/B 10 0089768.jpg		"  % Total    % Received % Xferd  Average Speed   Time    Time     Time  Current
                                 Dload  Upload   Total   Spent    Left  Speed

  0     0    0     0    0     0      0      0 --:--:-- --:--:-- --:--:--     0
  0   763    0     0    0     0      0      0 --:--:-- --:--:-- --:--:--     0
curl: (22) The requested URL returned error: 403
"
499	B_10_0278606	FAIL	0	/mnt/iusers01/sk01/f70829xm/code/nhm/data_rds/02_raw_images/main_data/main500_row0500_B_10_0278606.jpg	https://zenodo.org/record/1479473/files/B 10 0278606.jpg		"  % Total    % Received % Xferd  Average Speed   Time    Time     Time  Current
                                 Dload  Upload   Total   Spent    Left  Speed

  0     0    0     0    0     0      0      0 --:--:-- --:--:-- --:--:--     0
  0   763    0     0    0     0      0      0 --:--:-- --:--:-- --:--:--     0
curl: (22) The requested URL returned error: 403
"
