new250_task_id	specimen_id	jpegURL	target_path	jsonURL	occurrenceID
9	L_0004873	https://zenodo.org/record/1486752/files/L  0004873.jpg	/mnt/iusers01/sk01/f70829xm/code/nhm/data_rds/02_raw_images/new250/new250_row0010_L_0004873.jpg	https://zenodo.org/record/1486752/files/L  0004873.json	9	509	L_0004873	False	/mnt/iusers01/sk01/f70829xm/code/nhm/data_rds/02_raw_images/new250/new250_row0010_L_0004873.jpg	data_rds/02_raw_images/new250/new250_row0010_L_0004873.jpg	/mnt/iusers01/sk01/f70829xm/code/nhm/data_rds/02_raw_images/new250/new250_row0010_L_0004873.jpg|/mnt/iusers01/sk01/f70829xm/code/nhm/nhm_scribe_repo/data_rds/02_raw_images/new250/new250_row0010_L_0004873.jpg|/mnt/iusers01/sk01/f70829xm/code/nhm/data_rds/02_raw_images/new250/new250_row0010_L_0004873.jpg|/mnt/iusers01/sk01/f70829xm/code/nhm/data_rds/02_raw_images/new_data/new250_row0010_L_0004873.jpg|/mnt/iusers01/sk01/f70829xm/code/nhm/data_rds/02_raw_images/main500/new250_row0010_L_0004873.jpg	http://dx.doi.org/10.5281/zenodo.1486752	https://zenodo.org/record/1486752/files/L  0004873.jpg	https://zenodo.org/record/1486752/files/L  0004873.json	http://data.biodiversitydata.nl/naturalis/specimen/L%20%200004873
43	EIG.7313	https://zenodo.org/record/1485288/files/EIG.7313.jpg	/mnt/iusers01/sk01/f70829xm/code/nhm/data_rds/02_raw_images/new250/new250_row0044_EIG.7313.jpg	https://zenodo.org/record/1485288/files/EIG.7313.json	43	543	EIG.7313	False	/mnt/iusers01/sk01/f70829xm/code/nhm/data_rds/02_raw_images/new250/new250_row0044_EIG.7313.jpg	data_rds/02_raw_images/new250/new250_row0044_EIG.7313.jpg	/mnt/iusers01/sk01/f70829xm/code/nhm/data_rds/02_raw_images/new250/new250_row0044_EIG.7313.jpg|/mnt/iusers01/sk01/f70829xm/code/nhm/nhm_scribe_repo/data_rds/02_raw_images/new250/new250_row0044_EIG.7313.jpg|/mnt/iusers01/sk01/f70829xm/code/nhm/data_rds/02_raw_images/new250/new250_row0044_EIG.7313.jpg|/mnt/iusers01/sk01/f70829xm/code/nhm/data_rds/02_raw_images/new_data/new250_row0044_EIG.7313.jpg|/mnt/iusers01/sk01/f70829xm/code/nhm/data_rds/02_raw_images/main500/new250_row0044_EIG.7313.jpg	http://dx.doi.org/10.5281/zenodo.1485288	https://zenodo.org/record/1485288/files/EIG.7313.jpg	https://zenodo.org/record/1485288/files/EIG.7313.json	http://id.luomus.fi/EIG.7313
82	L_0044240	https://zenodo.org/record/1486776/files/L  0044240.jpg	/mnt/iusers01/sk01/f70829xm/code/nhm/data_rds/02_raw_images/new250/new250_row0083_L_0044240.jpg	https://zenodo.org/record/1486776/files/L  0044240.json	82	582	L_0044240	False	/mnt/iusers01/sk01/f70829xm/code/nhm/data_rds/02_raw_images/new250/new250_row0083_L_0044240.jpg	data_rds/02_raw_images/new250/new250_row0083_L_0044240.jpg	/mnt/iusers01/sk01/f70829xm/code/nhm/data_rds/02_raw_images/new250/new250_row0083_L_0044240.jpg|/mnt/iusers01/sk01/f70829xm/code/nhm/nhm_scribe_repo/data_rds/02_raw_images/new250/new250_row0083_L_0044240.jpg|/mnt/iusers01/sk01/f70829xm/code/nhm/data_rds/02_raw_images/new250/new250_row0083_L_0044240.jpg|/mnt/iusers01/sk01/f70829xm/code/nhm/data_rds/02_raw_images/new_data/new250_row0083_L_0044240.jpg|/mnt/iusers01/sk01/f70829xm/code/nhm/data_rds/02_raw_images/main500/new250_row0083_L_0044240.jpg	http://dx.doi.org/10.5281/zenodo.1486776	https://zenodo.org/record/1486776/files/L  0044240.jpg	https://zenodo.org/record/1486776/files/L  0044240.json	http://data.biodiversitydata.nl/naturalis/specimen/L%20%200044240
111	L_0059912	https://zenodo.org/record/1486794/files/L  0059912.jpg	/mnt/iusers01/sk01/f70829xm/code/nhm/data_rds/02_raw_images/new250/new250_row0112_L_0059912.jpg	https://zenodo.org/record/1486794/files/L  0059912.json	111	611	L_0059912	False	/mnt/iusers01/sk01/f70829xm/code/nhm/data_rds/02_raw_images/new250/new250_row0112_L_0059912.jpg	data_rds/02_raw_images/new250/new250_row0112_L_0059912.jpg	/mnt/iusers01/sk01/f70829xm/code/nhm/data_rds/02_raw_images/new250/new250_row0112_L_0059912.jpg|/mnt/iusers01/sk01/f70829xm/code/nhm/nhm_scribe_repo/data_rds/02_raw_images/new250/new250_row0112_L_0059912.jpg|/mnt/iusers01/sk01/f70829xm/code/nhm/data_rds/02_raw_images/new250/new250_row0112_L_0059912.jpg|/mnt/iusers01/sk01/f70829xm/code/nhm/data_rds/02_raw_images/new_data/new250_row0112_L_0059912.jpg|/mnt/iusers01/sk01/f70829xm/code/nhm/data_rds/02_raw_images/main500/new250_row0112_L_0059912.jpg	http://dx.doi.org/10.5281/zenodo.1486794	https://zenodo.org/record/1486794/files/L  0059912.jpg	https://zenodo.org/record/1486794/files/L  0059912.json	http://data.biodiversitydata.nl/naturalis/specimen/L%20%200059912
118	L_0039590	https://zenodo.org/record/1486770/files/L  0039590.jpg	/mnt/iusers01/sk01/f70829xm/code/nhm/data_rds/02_raw_images/new250/new250_row0119_L_0039590.jpg	https://zenodo.org/record/1486770/files/L  0039590.json	118	618	L_0039590	False	/mnt/iusers01/sk01/f70829xm/code/nhm/data_rds/02_raw_images/new250/new250_row0119_L_0039590.jpg	data_rds/02_raw_images/new250/new250_row0119_L_0039590.jpg	/mnt/iusers01/sk01/f70829xm/code/nhm/data_rds/02_raw_images/new250/new250_row0119_L_0039590.jpg|/mnt/iusers01/sk01/f70829xm/code/nhm/nhm_scribe_repo/data_rds/02_raw_images/new250/new250_row0119_L_0039590.jpg|/mnt/iusers01/sk01/f70829xm/code/nhm/data_rds/02_raw_images/new250/new250_row0119_L_0039590.jpg|/mnt/iusers01/sk01/f70829xm/code/nhm/data_rds/02_raw_images/new_data/new250_row0119_L_0039590.jpg|/mnt/iusers01/sk01/f70829xm/code/nhm/data_rds/02_raw_images/main500/new250_row0119_L_0039590.jpg	http://dx.doi.org/10.5281/zenodo.1486770	https://zenodo.org/record/1486770/files/L  0039590.jpg	https://zenodo.org/record/1486770/files/L  0039590.json	http://data.biodiversitydata.nl/naturalis/specimen/L%20%200039590
128	L_0007231	https://zenodo.org/record/1486754/files/L  0007231.jpg	/mnt/iusers01/sk01/f70829xm/code/nhm/data_rds/02_raw_images/new250/new250_row0129_L_0007231.jpg	https://zenodo.org/record/1486754/files/L  0007231.json	128	628	L_0007231	False	/mnt/iusers01/sk01/f70829xm/code/nhm/data_rds/02_raw_images/new250/new250_row0129_L_0007231.jpg	data_rds/02_raw_images/new250/new250_row0129_L_0007231.jpg	/mnt/iusers01/sk01/f70829xm/code/nhm/data_rds/02_raw_images/new250/new250_row0129_L_0007231.jpg|/mnt/iusers01/sk01/f70829xm/code/nhm/nhm_scribe_repo/data_rds/02_raw_images/new250/new250_row0129_L_0007231.jpg|/mnt/iusers01/sk01/f70829xm/code/nhm/data_rds/02_raw_images/new250/new250_row0129_L_0007231.jpg|/mnt/iusers01/sk01/f70829xm/code/nhm/data_rds/02_raw_images/new_data/new250_row0129_L_0007231.jpg|/mnt/iusers01/sk01/f70829xm/code/nhm/data_rds/02_raw_images/main500/new250_row0129_L_0007231.jpg	http://dx.doi.org/10.5281/zenodo.1486754	https://zenodo.org/record/1486754/files/L  0007231.jpg	https://zenodo.org/record/1486754/files/L  0007231.json	http://data.biodiversitydata.nl/naturalis/specimen/L%20%200007231
159	L_0052013	https://zenodo.org/record/1486788/files/L  0052013.jpg	/mnt/iusers01/sk01/f70829xm/code/nhm/data_rds/02_raw_images/new250/new250_row0160_L_0052013.jpg	https://zenodo.org/record/1486788/files/L  0052013.json	159	659	L_0052013	False	/mnt/iusers01/sk01/f70829xm/code/nhm/data_rds/02_raw_images/new250/new250_row0160_L_0052013.jpg	data_rds/02_raw_images/new250/new250_row0160_L_0052013.jpg	/mnt/iusers01/sk01/f70829xm/code/nhm/data_rds/02_raw_images/new250/new250_row0160_L_0052013.jpg|/mnt/iusers01/sk01/f70829xm/code/nhm/nhm_scribe_repo/data_rds/02_raw_images/new250/new250_row0160_L_0052013.jpg|/mnt/iusers01/sk01/f70829xm/code/nhm/data_rds/02_raw_images/new250/new250_row0160_L_0052013.jpg|/mnt/iusers01/sk01/f70829xm/code/nhm/data_rds/02_raw_images/new_data/new250_row0160_L_0052013.jpg|/mnt/iusers01/sk01/f70829xm/code/nhm/data_rds/02_raw_images/main500/new250_row0160_L_0052013.jpg	http://dx.doi.org/10.5281/zenodo.1486788	https://zenodo.org/record/1486788/files/L  0052013.jpg	https://zenodo.org/record/1486788/files/L  0052013.json	http://data.biodiversitydata.nl/naturalis/specimen/L%20%200052013
168	L_0007337	https://zenodo.org/record/1486756/files/L  0007337.jpg	/mnt/iusers01/sk01/f70829xm/code/nhm/data_rds/02_raw_images/new250/new250_row0169_L_0007337.jpg	https://zenodo.org/record/1486756/files/L  0007337.json	168	668	L_0007337	False	/mnt/iusers01/sk01/f70829xm/code/nhm/data_rds/02_raw_images/new250/new250_row0169_L_0007337.jpg	data_rds/02_raw_images/new250/new250_row0169_L_0007337.jpg	/mnt/iusers01/sk01/f70829xm/code/nhm/data_rds/02_raw_images/new250/new250_row0169_L_0007337.jpg|/mnt/iusers01/sk01/f70829xm/code/nhm/nhm_scribe_repo/data_rds/02_raw_images/new250/new250_row0169_L_0007337.jpg|/mnt/iusers01/sk01/f70829xm/code/nhm/data_rds/02_raw_images/new250/new250_row0169_L_0007337.jpg|/mnt/iusers01/sk01/f70829xm/code/nhm/data_rds/02_raw_images/new_data/new250_row0169_L_0007337.jpg|/mnt/iusers01/sk01/f70829xm/code/nhm/data_rds/02_raw_images/main500/new250_row0169_L_0007337.jpg	http://dx.doi.org/10.5281/zenodo.1486756	https://zenodo.org/record/1486756/files/L  0007337.jpg	https://zenodo.org/record/1486756/files/L  0007337.json	http://data.biodiversitydata.nl/naturalis/specimen/L%20%200007337
174	L_0015432	https://zenodo.org/record/1486760/files/L  0015432.jpg	/mnt/iusers01/sk01/f70829xm/code/nhm/data_rds/02_raw_images/new250/new250_row0175_L_0015432.jpg	https://zenodo.org/record/1486760/files/L  0015432.json	174	674	L_0015432	False	/mnt/iusers01/sk01/f70829xm/code/nhm/data_rds/02_raw_images/new250/new250_row0175_L_0015432.jpg	data_rds/02_raw_images/new250/new250_row0175_L_0015432.jpg	/mnt/iusers01/sk01/f70829xm/code/nhm/data_rds/02_raw_images/new250/new250_row0175_L_0015432.jpg|/mnt/iusers01/sk01/f70829xm/code/nhm/nhm_scribe_repo/data_rds/02_raw_images/new250/new250_row0175_L_0015432.jpg|/mnt/iusers01/sk01/f70829xm/code/nhm/data_rds/02_raw_images/new250/new250_row0175_L_0015432.jpg|/mnt/iusers01/sk01/f70829xm/code/nhm/data_rds/02_raw_images/new_data/new250_row0175_L_0015432.jpg|/mnt/iusers01/sk01/f70829xm/code/nhm/data_rds/02_raw_images/main500/new250_row0175_L_0015432.jpg	http://dx.doi.org/10.5281/zenodo.1486760	https://zenodo.org/record/1486760/files/L  0015432.jpg	https://zenodo.org/record/1486760/files/L  0015432.json	http://data.biodiversitydata.nl/naturalis/specimen/L%20%200015432
178	L_0014277	https://zenodo.org/record/1486758/files/L  0014277.jpg	/mnt/iusers01/sk01/f70829xm/code/nhm/data_rds/02_raw_images/new250/new250_row0179_L_0014277.jpg	https://zenodo.org/record/1486758/files/L  0014277.json	178	678	L_0014277	False	/mnt/iusers01/sk01/f70829xm/code/nhm/data_rds/02_raw_images/new250/new250_row0179_L_0014277.jpg	data_rds/02_raw_images/new250/new250_row0179_L_0014277.jpg	/mnt/iusers01/sk01/f70829xm/code/nhm/data_rds/02_raw_images/new250/new250_row0179_L_0014277.jpg|/mnt/iusers01/sk01/f70829xm/code/nhm/nhm_scribe_repo/data_rds/02_raw_images/new250/new250_row0179_L_0014277.jpg|/mnt/iusers01/sk01/f70829xm/code/nhm/data_rds/02_raw_images/new250/new250_row0179_L_0014277.jpg|/mnt/iusers01/sk01/f70829xm/code/nhm/data_rds/02_raw_images/new_data/new250_row0179_L_0014277.jpg|/mnt/iusers01/sk01/f70829xm/code/nhm/data_rds/02_raw_images/main500/new250_row0179_L_0014277.jpg	http://dx.doi.org/10.5281/zenodo.1486758	https://zenodo.org/record/1486758/files/L  0014277.jpg	https://zenodo.org/record/1486758/files/L  0014277.json	http://data.biodiversitydata.nl/naturalis/specimen/L%20%200014277
198	B_10_0003463	https://zenodo.org/record/1479078/files/B 10 0003463.jpg	/mnt/iusers01/sk01/f70829xm/code/nhm/data_rds/02_raw_images/new250/new250_row0199_B_10_0003463.jpg	https://zenodo.org/record/1479078/files/B 10 0003463.json	198	698	B_10_0003463	False	/mnt/iusers01/sk01/f70829xm/code/nhm/data_rds/02_raw_images/new250/new250_row0199_B_10_0003463.jpg	data_rds/02_raw_images/new250/new250_row0199_B_10_0003463.jpg	/mnt/iusers01/sk01/f70829xm/code/nhm/data_rds/02_raw_images/new250/new250_row0199_B_10_0003463.jpg|/mnt/iusers01/sk01/f70829xm/code/nhm/nhm_scribe_repo/data_rds/02_raw_images/new250/new250_row0199_B_10_0003463.jpg|/mnt/iusers01/sk01/f70829xm/code/nhm/data_rds/02_raw_images/new250/new250_row0199_B_10_0003463.jpg|/mnt/iusers01/sk01/f70829xm/code/nhm/data_rds/02_raw_images/new_data/new250_row0199_B_10_0003463.jpg|/mnt/iusers01/sk01/f70829xm/code/nhm/data_rds/02_raw_images/main500/new250_row0199_B_10_0003463.jpg	http://dx.doi.org/10.5281/zenodo.1479078	https://zenodo.org/record/1479078/files/B 10 0003463.jpg	https://zenodo.org/record/1479078/files/B 10 0003463.json	http://herbarium.bgbm.org/object/B100003463
199	B_10_0003483	https://zenodo.org/record/1479082/files/B 10 0003483.jpg	/mnt/iusers01/sk01/f70829xm/code/nhm/data_rds/02_raw_images/new250/new250_row0200_B_10_0003483.jpg	https://zenodo.org/record/1479082/files/B 10 0003483.json	199	699	B_10_0003483	False	/mnt/iusers01/sk01/f70829xm/code/nhm/data_rds/02_raw_images/new250/new250_row0200_B_10_0003483.jpg	data_rds/02_raw_images/new250/new250_row0200_B_10_0003483.jpg	/mnt/iusers01/sk01/f70829xm/code/nhm/data_rds/02_raw_images/new250/new250_row0200_B_10_0003483.jpg|/mnt/iusers01/sk01/f70829xm/code/nhm/nhm_scribe_repo/data_rds/02_raw_images/new250/new250_row0200_B_10_0003483.jpg|/mnt/iusers01/sk01/f70829xm/code/nhm/data_rds/02_raw_images/new250/new250_row0200_B_10_0003483.jpg|/mnt/iusers01/sk01/f70829xm/code/nhm/data_rds/02_raw_images/new_data/new250_row0200_B_10_0003483.jpg|/mnt/iusers01/sk01/f70829xm/code/nhm/data_rds/02_raw_images/main500/new250_row0200_B_10_0003483.jpg	http://dx.doi.org/10.5281/zenodo.1479082	https://zenodo.org/record/1479082/files/B 10 0003483.jpg	https://zenodo.org/record/1479082/files/B 10 0003483.json	http://herbarium.bgbm.org/object/B100003483
200	B_10_0003484	https://zenodo.org/record/1479085/files/B 10 0003484.jpg	/mnt/iusers01/sk01/f70829xm/code/nhm/data_rds/02_raw_images/new250/new250_row0201_B_10_0003484.jpg	https://zenodo.org/record/1479085/files/B 10 0003484.json	200	700	B_10_0003484	False	/mnt/iusers01/sk01/f70829xm/code/nhm/data_rds/02_raw_images/new250/new250_row0201_B_10_0003484.jpg	data_rds/02_raw_images/new250/new250_row0201_B_10_0003484.jpg	/mnt/iusers01/sk01/f70829xm/code/nhm/data_rds/02_raw_images/new250/new250_row0201_B_10_0003484.jpg|/mnt/iusers01/sk01/f70829xm/code/nhm/nhm_scribe_repo/data_rds/02_raw_images/new250/new250_row0201_B_10_0003484.jpg|/mnt/iusers01/sk01/f70829xm/code/nhm/data_rds/02_raw_images/new250/new250_row0201_B_10_0003484.jpg|/mnt/iusers01/sk01/f70829xm/code/nhm/data_rds/02_raw_images/new_data/new250_row0201_B_10_0003484.jpg|/mnt/iusers01/sk01/f70829xm/code/nhm/data_rds/02_raw_images/main500/new250_row0201_B_10_0003484.jpg	http://dx.doi.org/10.5281/zenodo.1479085	https://zenodo.org/record/1479085/files/B 10 0003484.jpg	https://zenodo.org/record/1479085/files/B 10 0003484.json	http://herbarium.bgbm.org/object/B100003484
201	B_10_0003487	https://zenodo.org/record/1479089/files/B 10 0003487.jpg	/mnt/iusers01/sk01/f70829xm/code/nhm/data_rds/02_raw_images/new250/new250_row0202_B_10_0003487.jpg	https://zenodo.org/record/1479089/files/B 10 0003487.json	201	701	B_10_0003487	False	/mnt/iusers01/sk01/f70829xm/code/nhm/data_rds/02_raw_images/new250/new250_row0202_B_10_0003487.jpg	data_rds/02_raw_images/new250/new250_row0202_B_10_0003487.jpg	/mnt/iusers01/sk01/f70829xm/code/nhm/data_rds/02_raw_images/new250/new250_row0202_B_10_0003487.jpg|/mnt/iusers01/sk01/f70829xm/code/nhm/nhm_scribe_repo/data_rds/02_raw_images/new250/new250_row0202_B_10_0003487.jpg|/mnt/iusers01/sk01/f70829xm/code/nhm/data_rds/02_raw_images/new250/new250_row0202_B_10_0003487.jpg|/mnt/iusers01/sk01/f70829xm/code/nhm/data_rds/02_raw_images/new_data/new250_row0202_B_10_0003487.jpg|/mnt/iusers01/sk01/f70829xm/code/nhm/data_rds/02_raw_images/main500/new250_row0202_B_10_0003487.jpg	http://dx.doi.org/10.5281/zenodo.1479089	https://zenodo.org/record/1479089/files/B 10 0003487.jpg	https://zenodo.org/record/1479089/files/B 10 0003487.json	http://herbarium.bgbm.org/object/B100003487
202	B_10_0218488	https://zenodo.org/record/1479390/files/B 10 0218488.jpg	/mnt/iusers01/sk01/f70829xm/code/nhm/data_rds/02_raw_images/new250/new250_row0203_B_10_0218488.jpg	https://zenodo.org/record/1479390/files/B 10 0218488.json	202	702	B_10_0218488	False	/mnt/iusers01/sk01/f70829xm/code/nhm/data_rds/02_raw_images/new250/new250_row0203_B_10_0218488.jpg	data_rds/02_raw_images/new250/new250_row0203_B_10_0218488.jpg	/mnt/iusers01/sk01/f70829xm/code/nhm/data_rds/02_raw_images/new250/new250_row0203_B_10_0218488.jpg|/mnt/iusers01/sk01/f70829xm/code/nhm/nhm_scribe_repo/data_rds/02_raw_images/new250/new250_row0203_B_10_0218488.jpg|/mnt/iusers01/sk01/f70829xm/code/nhm/data_rds/02_raw_images/new250/new250_row0203_B_10_0218488.jpg|/mnt/iusers01/sk01/f70829xm/code/nhm/data_rds/02_raw_images/new_data/new250_row0203_B_10_0218488.jpg|/mnt/iusers01/sk01/f70829xm/code/nhm/data_rds/02_raw_images/main500/new250_row0203_B_10_0218488.jpg	http://dx.doi.org/10.5281/zenodo.1479390	https://zenodo.org/record/1479390/files/B 10 0218488.jpg	https://zenodo.org/record/1479390/files/B 10 0218488.json	http://herbarium.bgbm.org/object/B100218488
203	B_10_0460005	https://zenodo.org/record/1479574/files/B 10 0460005.jpg	/mnt/iusers01/sk01/f70829xm/code/nhm/data_rds/02_raw_images/new250/new250_row0204_B_10_0460005.jpg	https://zenodo.org/record/1479574/files/B 10 0460005.json	203	703	B_10_0460005	False	/mnt/iusers01/sk01/f70829xm/code/nhm/data_rds/02_raw_images/new250/new250_row0204_B_10_0460005.jpg	data_rds/02_raw_images/new250/new250_row0204_B_10_0460005.jpg	/mnt/iusers01/sk01/f70829xm/code/nhm/data_rds/02_raw_images/new250/new250_row0204_B_10_0460005.jpg|/mnt/iusers01/sk01/f70829xm/code/nhm/nhm_scribe_repo/data_rds/02_raw_images/new250/new250_row0204_B_10_0460005.jpg|/mnt/iusers01/sk01/f70829xm/code/nhm/data_rds/02_raw_images/new250/new250_row0204_B_10_0460005.jpg|/mnt/iusers01/sk01/f70829xm/code/nhm/data_rds/02_raw_images/new_data/new250_row0204_B_10_0460005.jpg|/mnt/iusers01/sk01/f70829xm/code/nhm/data_rds/02_raw_images/main500/new250_row0204_B_10_0460005.jpg	http://dx.doi.org/10.5281/zenodo.1479574	https://zenodo.org/record/1479574/files/B 10 0460005.jpg	https://zenodo.org/record/1479574/files/B 10 0460005.json	http://herbarium.bgbm.org/object/B100460005
204	B_10_0277122	https://zenodo.org/record/1479466/files/B 10 0277122.jpg	/mnt/iusers01/sk01/f70829xm/code/nhm/data_rds/02_raw_images/new250/new250_row0205_B_10_0277122.jpg	https://zenodo.org/record/1479466/files/B 10 0277122.json	204	704	B_10_0277122	False	/mnt/iusers01/sk01/f70829xm/code/nhm/data_rds/02_raw_images/new250/new250_row0205_B_10_0277122.jpg	data_rds/02_raw_images/new250/new250_row0205_B_10_0277122.jpg	/mnt/iusers01/sk01/f70829xm/code/nhm/data_rds/02_raw_images/new250/new250_row0205_B_10_0277122.jpg|/mnt/iusers01/sk01/f70829xm/code/nhm/nhm_scribe_repo/data_rds/02_raw_images/new250/new250_row0205_B_10_0277122.jpg|/mnt/iusers01/sk01/f70829xm/code/nhm/data_rds/02_raw_images/new250/new250_row0205_B_10_0277122.jpg|/mnt/iusers01/sk01/f70829xm/code/nhm/data_rds/02_raw_images/new_data/new250_row0205_B_10_0277122.jpg|/mnt/iusers01/sk01/f70829xm/code/nhm/data_rds/02_raw_images/main500/new250_row0205_B_10_0277122.jpg	http://dx.doi.org/10.5281/zenodo.1479466	https://zenodo.org/record/1479466/files/B 10 0277122.jpg	https://zenodo.org/record/1479466/files/B 10 0277122.json	http://herbarium.bgbm.org/object/B100277122
205	B_10_0249671	https://zenodo.org/record/1479420/files/B 10 0249671.jpg	/mnt/iusers01/sk01/f70829xm/code/nhm/data_rds/02_raw_images/new250/new250_row0206_B_10_0249671.jpg	https://zenodo.org/record/1479420/files/B 10 0249671.json	205	705	B_10_0249671	False	/mnt/iusers01/sk01/f70829xm/code/nhm/data_rds/02_raw_images/new250/new250_row0206_B_10_0249671.jpg	data_rds/02_raw_images/new250/new250_row0206_B_10_0249671.jpg	/mnt/iusers01/sk01/f70829xm/code/nhm/data_rds/02_raw_images/new250/new250_row0206_B_10_0249671.jpg|/mnt/iusers01/sk01/f70829xm/code/nhm/nhm_scribe_repo/data_rds/02_raw_images/new250/new250_row0206_B_10_0249671.jpg|/mnt/iusers01/sk01/f70829xm/code/nhm/data_rds/02_raw_images/new250/new250_row0206_B_10_0249671.jpg|/mnt/iusers01/sk01/f70829xm/code/nhm/data_rds/02_raw_images/new_data/new250_row0206_B_10_0249671.jpg|/mnt/iusers01/sk01/f70829xm/code/nhm/data_rds/02_raw_images/main500/new250_row0206_B_10_0249671.jpg	http://dx.doi.org/10.5281/zenodo.1479420	https://zenodo.org/record/1479420/files/B 10 0249671.jpg	https://zenodo.org/record/1479420/files/B 10 0249671.json	http://herbarium.bgbm.org/object/B100249671
206	B_10_0190476	https://zenodo.org/record/1479360/files/B 10 0190476.jpg	/mnt/iusers01/sk01/f70829xm/code/nhm/data_rds/02_raw_images/new250/new250_row0207_B_10_0190476.jpg	https://zenodo.org/record/1479360/files/B 10 0190476.json	206	706	B_10_0190476	False	/mnt/iusers01/sk01/f70829xm/code/nhm/data_rds/02_raw_images/new250/new250_row0207_B_10_0190476.jpg	data_rds/02_raw_images/new250/new250_row0207_B_10_0190476.jpg	/mnt/iusers01/sk01/f70829xm/code/nhm/data_rds/02_raw_images/new250/new250_row0207_B_10_0190476.jpg|/mnt/iusers01/sk01/f70829xm/code/nhm/nhm_scribe_repo/data_rds/02_raw_images/new250/new250_row0207_B_10_0190476.jpg|/mnt/iusers01/sk01/f70829xm/code/nhm/data_rds/02_raw_images/new250/new250_row0207_B_10_0190476.jpg|/mnt/iusers01/sk01/f70829xm/code/nhm/data_rds/02_raw_images/new_data/new250_row0207_B_10_0190476.jpg|/mnt/iusers01/sk01/f70829xm/code/nhm/data_rds/02_raw_images/main500/new250_row0207_B_10_0190476.jpg	http://dx.doi.org/10.5281/zenodo.1479360	https://zenodo.org/record/1479360/files/B 10 0190476.jpg	https://zenodo.org/record/1479360/files/B 10 0190476.json	http://herbarium.bgbm.org/object/B100190476
207	B_10_0190397	https://zenodo.org/record/1479352/files/B 10 0190397.jpg	/mnt/iusers01/sk01/f70829xm/code/nhm/data_rds/02_raw_images/new250/new250_row0208_B_10_0190397.jpg	https://zenodo.org/record/1479352/files/B 10 0190397.json	207	707	B_10_0190397	False	/mnt/iusers01/sk01/f70829xm/code/nhm/data_rds/02_raw_images/new250/new250_row0208_B_10_0190397.jpg	data_rds/02_raw_images/new250/new250_row0208_B_10_0190397.jpg	/mnt/iusers01/sk01/f70829xm/code/nhm/data_rds/02_raw_images/new250/new250_row0208_B_10_0190397.jpg|/mnt/iusers01/sk01/f70829xm/code/nhm/nhm_scribe_repo/data_rds/02_raw_images/new250/new250_row0208_B_10_0190397.jpg|/mnt/iusers01/sk01/f70829xm/code/nhm/data_rds/02_raw_images/new250/new250_row0208_B_10_0190397.jpg|/mnt/iusers01/sk01/f70829xm/code/nhm/data_rds/02_raw_images/new_data/new250_row0208_B_10_0190397.jpg|/mnt/iusers01/sk01/f70829xm/code/nhm/data_rds/02_raw_images/main500/new250_row0208_B_10_0190397.jpg	http://dx.doi.org/10.5281/zenodo.1479352	https://zenodo.org/record/1479352/files/B 10 0190397.jpg	https://zenodo.org/record/1479352/files/B 10 0190397.json	http://herbarium.bgbm.org/object/B100190397
208	B_10_0190385	https://zenodo.org/record/1479350/files/B 10 0190385.jpg	/mnt/iusers01/sk01/f70829xm/code/nhm/data_rds/02_raw_images/new250/new250_row0209_B_10_0190385.jpg	https://zenodo.org/record/1479350/files/B 10 0190385.json	208	708	B_10_0190385	False	/mnt/iusers01/sk01/f70829xm/code/nhm/data_rds/02_raw_images/new250/new250_row0209_B_10_0190385.jpg	data_rds/02_raw_images/new250/new250_row0209_B_10_0190385.jpg	/mnt/iusers01/sk01/f70829xm/code/nhm/data_rds/02_raw_images/new250/new250_row0209_B_10_0190385.jpg|/mnt/iusers01/sk01/f70829xm/code/nhm/nhm_scribe_repo/data_rds/02_raw_images/new250/new250_row0209_B_10_0190385.jpg|/mnt/iusers01/sk01/f70829xm/code/nhm/data_rds/02_raw_images/new250/new250_row0209_B_10_0190385.jpg|/mnt/iusers01/sk01/f70829xm/code/nhm/data_rds/02_raw_images/new_data/new250_row0209_B_10_0190385.jpg|/mnt/iusers01/sk01/f70829xm/code/nhm/data_rds/02_raw_images/main500/new250_row0209_B_10_0190385.jpg	http://dx.doi.org/10.5281/zenodo.1479350	https://zenodo.org/record/1479350/files/B 10 0190385.jpg	https://zenodo.org/record/1479350/files/B 10 0190385.json	http://herbarium.bgbm.org/object/B100190385
209	B_10_0190534	https://zenodo.org/record/1479362/files/B 10 0190534.jpg	/mnt/iusers01/sk01/f70829xm/code/nhm/data_rds/02_raw_images/new250/new250_row0210_B_10_0190534.jpg	https://zenodo.org/record/1479362/files/B 10 0190534.json	209	709	B_10_0190534	False	/mnt/iusers01/sk01/f70829xm/code/nhm/data_rds/02_raw_images/new250/new250_row0210_B_10_0190534.jpg	data_rds/02_raw_images/new250/new250_row0210_B_10_0190534.jpg	/mnt/iusers01/sk01/f70829xm/code/nhm/data_rds/02_raw_images/new250/new250_row0210_B_10_0190534.jpg|/mnt/iusers01/sk01/f70829xm/code/nhm/nhm_scribe_repo/data_rds/02_raw_images/new250/new250_row0210_B_10_0190534.jpg|/mnt/iusers01/sk01/f70829xm/code/nhm/data_rds/02_raw_images/new250/new250_row0210_B_10_0190534.jpg|/mnt/iusers01/sk01/f70829xm/code/nhm/data_rds/02_raw_images/new_data/new250_row0210_B_10_0190534.jpg|/mnt/iusers01/sk01/f70829xm/code/nhm/data_rds/02_raw_images/main500/new250_row0210_B_10_0190534.jpg	http://dx.doi.org/10.5281/zenodo.1479362	https://zenodo.org/record/1479362/files/B 10 0190534.jpg	https://zenodo.org/record/1479362/files/B 10 0190534.json	http://herbarium.bgbm.org/object/B100190534
210	B_10_0217760	https://zenodo.org/record/1479386/files/B 10 0217760.jpg	/mnt/iusers01/sk01/f70829xm/code/nhm/data_rds/02_raw_images/new250/new250_row0211_B_10_0217760.jpg	https://zenodo.org/record/1479386/files/B 10 0217760.json	210	710	B_10_0217760	False	/mnt/iusers01/sk01/f70829xm/code/nhm/data_rds/02_raw_images/new250/new250_row0211_B_10_0217760.jpg	data_rds/02_raw_images/new250/new250_row0211_B_10_0217760.jpg	/mnt/iusers01/sk01/f70829xm/code/nhm/data_rds/02_raw_images/new250/new250_row0211_B_10_0217760.jpg|/mnt/iusers01/sk01/f70829xm/code/nhm/nhm_scribe_repo/data_rds/02_raw_images/new250/new250_row0211_B_10_0217760.jpg|/mnt/iusers01/sk01/f70829xm/code/nhm/data_rds/02_raw_images/new250/new250_row0211_B_10_0217760.jpg|/mnt/iusers01/sk01/f70829xm/code/nhm/data_rds/02_raw_images/new_data/new250_row0211_B_10_0217760.jpg|/mnt/iusers01/sk01/f70829xm/code/nhm/data_rds/02_raw_images/main500/new250_row0211_B_10_0217760.jpg	http://dx.doi.org/10.5281/zenodo.1479386	https://zenodo.org/record/1479386/files/B 10 0217760.jpg	https://zenodo.org/record/1479386/files/B 10 0217760.json	http://herbarium.bgbm.org/object/B100217760
211	B_10_0049579	https://zenodo.org/record/1479183/files/B 10 0049579.jpg	/mnt/iusers01/sk01/f70829xm/code/nhm/data_rds/02_raw_images/new250/new250_row0212_B_10_0049579.jpg	https://zenodo.org/record/1479183/files/B 10 0049579.json	211	711	B_10_0049579	False	/mnt/iusers01/sk01/f70829xm/code/nhm/data_rds/02_raw_images/new250/new250_row0212_B_10_0049579.jpg	data_rds/02_raw_images/new250/new250_row0212_B_10_0049579.jpg	/mnt/iusers01/sk01/f70829xm/code/nhm/data_rds/02_raw_images/new250/new250_row0212_B_10_0049579.jpg|/mnt/iusers01/sk01/f70829xm/code/nhm/nhm_scribe_repo/data_rds/02_raw_images/new250/new250_row0212_B_10_0049579.jpg|/mnt/iusers01/sk01/f70829xm/code/nhm/data_rds/02_raw_images/new250/new250_row0212_B_10_0049579.jpg|/mnt/iusers01/sk01/f70829xm/code/nhm/data_rds/02_raw_images/new_data/new250_row0212_B_10_0049579.jpg|/mnt/iusers01/sk01/f70829xm/code/nhm/data_rds/02_raw_images/main500/new250_row0212_B_10_0049579.jpg	http://dx.doi.org/10.5281/zenodo.1479183	https://zenodo.org/record/1479183/files/B 10 0049579.jpg	https://zenodo.org/record/1479183/files/B 10 0049579.json	http://herbarium.bgbm.org/object/B100049579
212	B_10_0089444	https://zenodo.org/record/1479262/files/B 10 0089444.jpg	/mnt/iusers01/sk01/f70829xm/code/nhm/data_rds/02_raw_images/new250/new250_row0213_B_10_0089444.jpg	https://zenodo.org/record/1479262/files/B 10 0089444.json	212	712	B_10_0089444	False	/mnt/iusers01/sk01/f70829xm/code/nhm/data_rds/02_raw_images/new250/new250_row0213_B_10_0089444.jpg	data_rds/02_raw_images/new250/new250_row0213_B_10_0089444.jpg	/mnt/iusers01/sk01/f70829xm/code/nhm/data_rds/02_raw_images/new250/new250_row0213_B_10_0089444.jpg|/mnt/iusers01/sk01/f70829xm/code/nhm/nhm_scribe_repo/data_rds/02_raw_images/new250/new250_row0213_B_10_0089444.jpg|/mnt/iusers01/sk01/f70829xm/code/nhm/data_rds/02_raw_images/new250/new250_row0213_B_10_0089444.jpg|/mnt/iusers01/sk01/f70829xm/code/nhm/data_rds/02_raw_images/new_data/new250_row0213_B_10_0089444.jpg|/mnt/iusers01/sk01/f70829xm/code/nhm/data_rds/02_raw_images/main500/new250_row0213_B_10_0089444.jpg	http://dx.doi.org/10.5281/zenodo.1479262	https://zenodo.org/record/1479262/files/B 10 0089444.jpg	https://zenodo.org/record/1479262/files/B 10 0089444.json	http://herbarium.bgbm.org/object/B100089444
213	B_10_0088191	https://zenodo.org/record/1479250/files/B 10 0088191.jpg	/mnt/iusers01/sk01/f70829xm/code/nhm/data_rds/02_raw_images/new250/new250_row0214_B_10_0088191.jpg	https://zenodo.org/record/1479250/files/B 10 0088191.json	213	713	B_10_0088191	False	/mnt/iusers01/sk01/f70829xm/code/nhm/data_rds/02_raw_images/new250/new250_row0214_B_10_0088191.jpg	data_rds/02_raw_images/new250/new250_row0214_B_10_0088191.jpg	/mnt/iusers01/sk01/f70829xm/code/nhm/data_rds/02_raw_images/new250/new250_row0214_B_10_0088191.jpg|/mnt/iusers01/sk01/f70829xm/code/nhm/nhm_scribe_repo/data_rds/02_raw_images/new250/new250_row0214_B_10_0088191.jpg|/mnt/iusers01/sk01/f70829xm/code/nhm/data_rds/02_raw_images/new250/new250_row0214_B_10_0088191.jpg|/mnt/iusers01/sk01/f70829xm/code/nhm/data_rds/02_raw_images/new_data/new250_row0214_B_10_0088191.jpg|/mnt/iusers01/sk01/f70829xm/code/nhm/data_rds/02_raw_images/main500/new250_row0214_B_10_0088191.jpg	http://dx.doi.org/10.5281/zenodo.1479250	https://zenodo.org/record/1479250/files/B 10 0088191.jpg	https://zenodo.org/record/1479250/files/B 10 0088191.json	http://herbarium.bgbm.org/object/B100088191
214	B_10_0114359	https://zenodo.org/record/1479286/files/B 10 0114359.jpg	/mnt/iusers01/sk01/f70829xm/code/nhm/data_rds/02_raw_images/new250/new250_row0215_B_10_0114359.jpg	https://zenodo.org/record/1479286/files/B 10 0114359.json	214	714	B_10_0114359	False	/mnt/iusers01/sk01/f70829xm/code/nhm/data_rds/02_raw_images/new250/new250_row0215_B_10_0114359.jpg	data_rds/02_raw_images/new250/new250_row0215_B_10_0114359.jpg	/mnt/iusers01/sk01/f70829xm/code/nhm/data_rds/02_raw_images/new250/new250_row0215_B_10_0114359.jpg|/mnt/iusers01/sk01/f70829xm/code/nhm/nhm_scribe_repo/data_rds/02_raw_images/new250/new250_row0215_B_10_0114359.jpg|/mnt/iusers01/sk01/f70829xm/code/nhm/data_rds/02_raw_images/new250/new250_row0215_B_10_0114359.jpg|/mnt/iusers01/sk01/f70829xm/code/nhm/data_rds/02_raw_images/new_data/new250_row0215_B_10_0114359.jpg|/mnt/iusers01/sk01/f70829xm/code/nhm/data_rds/02_raw_images/main500/new250_row0215_B_10_0114359.jpg	http://dx.doi.org/10.5281/zenodo.1479286	https://zenodo.org/record/1479286/files/B 10 0114359.jpg	https://zenodo.org/record/1479286/files/B 10 0114359.json	http://herbarium.bgbm.org/object/B100114359
215	B_10_0176994	https://zenodo.org/record/1479331/files/B 10 0176994.jpg	/mnt/iusers01/sk01/f70829xm/code/nhm/data_rds/02_raw_images/new250/new250_row0216_B_10_0176994.jpg	https://zenodo.org/record/1479331/files/B 10 0176994.json	215	715	B_10_0176994	False	/mnt/iusers01/sk01/f70829xm/code/nhm/data_rds/02_raw_images/new250/new250_row0216_B_10_0176994.jpg	data_rds/02_raw_images/new250/new250_row0216_B_10_0176994.jpg	/mnt/iusers01/sk01/f70829xm/code/nhm/data_rds/02_raw_images/new250/new250_row0216_B_10_0176994.jpg|/mnt/iusers01/sk01/f70829xm/code/nhm/nhm_scribe_repo/data_rds/02_raw_images/new250/new250_row0216_B_10_0176994.jpg|/mnt/iusers01/sk01/f70829xm/code/nhm/data_rds/02_raw_images/new250/new250_row0216_B_10_0176994.jpg|/mnt/iusers01/sk01/f70829xm/code/nhm/data_rds/02_raw_images/new_data/new250_row0216_B_10_0176994.jpg|/mnt/iusers01/sk01/f70829xm/code/nhm/data_rds/02_raw_images/main500/new250_row0216_B_10_0176994.jpg	http://dx.doi.org/10.5281/zenodo.1479331	https://zenodo.org/record/1479331/files/B 10 0176994.jpg	https://zenodo.org/record/1479331/files/B 10 0176994.json	http://herbarium.bgbm.org/object/B100176994
216	B_10_0355192	https://zenodo.org/record/1479507/files/B 10 0355192.jpg	/mnt/iusers01/sk01/f70829xm/code/nhm/data_rds/02_raw_images/new250/new250_row0217_B_10_0355192.jpg	https://zenodo.org/record/1479507/files/B 10 0355192.json	216	716	B_10_0355192	False	/mnt/iusers01/sk01/f70829xm/code/nhm/data_rds/02_raw_images/new250/new250_row0217_B_10_0355192.jpg	data_rds/02_raw_images/new250/new250_row0217_B_10_0355192.jpg	/mnt/iusers01/sk01/f70829xm/code/nhm/data_rds/02_raw_images/new250/new250_row0217_B_10_0355192.jpg|/mnt/iusers01/sk01/f70829xm/code/nhm/nhm_scribe_repo/data_rds/02_raw_images/new250/new250_row0217_B_10_0355192.jpg|/mnt/iusers01/sk01/f70829xm/code/nhm/data_rds/02_raw_images/new250/new250_row0217_B_10_0355192.jpg|/mnt/iusers01/sk01/f70829xm/code/nhm/data_rds/02_raw_images/new_data/new250_row0217_B_10_0355192.jpg|/mnt/iusers01/sk01/f70829xm/code/nhm/data_rds/02_raw_images/main500/new250_row0217_B_10_0355192.jpg	http://dx.doi.org/10.5281/zenodo.1479507	https://zenodo.org/record/1479507/files/B 10 0355192.jpg	https://zenodo.org/record/1479507/files/B 10 0355192.json	http://herbarium.bgbm.org/object/B100355192
217	B_10_0241565	https://zenodo.org/record/1479413/files/B 10 0241565.jpg	/mnt/iusers01/sk01/f70829xm/code/nhm/data_rds/02_raw_images/new250/new250_row0218_B_10_0241565.jpg	https://zenodo.org/record/1479413/files/B 10 0241565.json	217	717	B_10_0241565	False	/mnt/iusers01/sk01/f70829xm/code/nhm/data_rds/02_raw_images/new250/new250_row0218_B_10_0241565.jpg	data_rds/02_raw_images/new250/new250_row0218_B_10_0241565.jpg	/mnt/iusers01/sk01/f70829xm/code/nhm/data_rds/02_raw_images/new250/new250_row0218_B_10_0241565.jpg|/mnt/iusers01/sk01/f70829xm/code/nhm/nhm_scribe_repo/data_rds/02_raw_images/new250/new250_row0218_B_10_0241565.jpg|/mnt/iusers01/sk01/f70829xm/code/nhm/data_rds/02_raw_images/new250/new250_row0218_B_10_0241565.jpg|/mnt/iusers01/sk01/f70829xm/code/nhm/data_rds/02_raw_images/new_data/new250_row0218_B_10_0241565.jpg|/mnt/iusers01/sk01/f70829xm/code/nhm/data_rds/02_raw_images/main500/new250_row0218_B_10_0241565.jpg	http://dx.doi.org/10.5281/zenodo.1479413	https://zenodo.org/record/1479413/files/B 10 0241565.jpg	https://zenodo.org/record/1479413/files/B 10 0241565.json	http://herbarium.bgbm.org/object/B100241565
218	B_10_0271999	https://zenodo.org/record/1479454/files/B 10 0271999.jpg	/mnt/iusers01/sk01/f70829xm/code/nhm/data_rds/02_raw_images/new250/new250_row0219_B_10_0271999.jpg	https://zenodo.org/record/1479454/files/B 10 0271999.json	218	718	B_10_0271999	False	/mnt/iusers01/sk01/f70829xm/code/nhm/data_rds/02_raw_images/new250/new250_row0219_B_10_0271999.jpg	data_rds/02_raw_images/new250/new250_row0219_B_10_0271999.jpg	/mnt/iusers01/sk01/f70829xm/code/nhm/data_rds/02_raw_images/new250/new250_row0219_B_10_0271999.jpg|/mnt/iusers01/sk01/f70829xm/code/nhm/nhm_scribe_repo/data_rds/02_raw_images/new250/new250_row0219_B_10_0271999.jpg|/mnt/iusers01/sk01/f70829xm/code/nhm/data_rds/02_raw_images/new250/new250_row0219_B_10_0271999.jpg|/mnt/iusers01/sk01/f70829xm/code/nhm/data_rds/02_raw_images/new_data/new250_row0219_B_10_0271999.jpg|/mnt/iusers01/sk01/f70829xm/code/nhm/data_rds/02_raw_images/main500/new250_row0219_B_10_0271999.jpg	http://dx.doi.org/10.5281/zenodo.1479454	https://zenodo.org/record/1479454/files/B 10 0271999.jpg	https://zenodo.org/record/1479454/files/B 10 0271999.json	http://herbarium.bgbm.org/object/B100271999
219	B_10_0263614	https://zenodo.org/record/1479446/files/B 10 0263614.jpg	/mnt/iusers01/sk01/f70829xm/code/nhm/data_rds/02_raw_images/new250/new250_row0220_B_10_0263614.jpg	https://zenodo.org/record/1479446/files/B 10 0263614.json	219	719	B_10_0263614	False	/mnt/iusers01/sk01/f70829xm/code/nhm/data_rds/02_raw_images/new250/new250_row0220_B_10_0263614.jpg	data_rds/02_raw_images/new250/new250_row0220_B_10_0263614.jpg	/mnt/iusers01/sk01/f70829xm/code/nhm/data_rds/02_raw_images/new250/new250_row0220_B_10_0263614.jpg|/mnt/iusers01/sk01/f70829xm/code/nhm/nhm_scribe_repo/data_rds/02_raw_images/new250/new250_row0220_B_10_0263614.jpg|/mnt/iusers01/sk01/f70829xm/code/nhm/data_rds/02_raw_images/new250/new250_row0220_B_10_0263614.jpg|/mnt/iusers01/sk01/f70829xm/code/nhm/data_rds/02_raw_images/new_data/new250_row0220_B_10_0263614.jpg|/mnt/iusers01/sk01/f70829xm/code/nhm/data_rds/02_raw_images/main500/new250_row0220_B_10_0263614.jpg	http://dx.doi.org/10.5281/zenodo.1479446	https://zenodo.org/record/1479446/files/B 10 0263614.jpg	https://zenodo.org/record/1479446/files/B 10 0263614.json	http://herbarium.bgbm.org/object/B100263614
220	B_10_0003200	https://zenodo.org/record/1479068/files/B 10 0003200.jpg	/mnt/iusers01/sk01/f70829xm/code/nhm/data_rds/02_raw_images/new250/new250_row0221_B_10_0003200.jpg	https://zenodo.org/record/1479068/files/B 10 0003200.json	220	720	B_10_0003200	False	/mnt/iusers01/sk01/f70829xm/code/nhm/data_rds/02_raw_images/new250/new250_row0221_B_10_0003200.jpg	data_rds/02_raw_images/new250/new250_row0221_B_10_0003200.jpg	/mnt/iusers01/sk01/f70829xm/code/nhm/data_rds/02_raw_images/new250/new250_row0221_B_10_0003200.jpg|/mnt/iusers01/sk01/f70829xm/code/nhm/nhm_scribe_repo/data_rds/02_raw_images/new250/new250_row0221_B_10_0003200.jpg|/mnt/iusers01/sk01/f70829xm/code/nhm/data_rds/02_raw_images/new250/new250_row0221_B_10_0003200.jpg|/mnt/iusers01/sk01/f70829xm/code/nhm/data_rds/02_raw_images/new_data/new250_row0221_B_10_0003200.jpg|/mnt/iusers01/sk01/f70829xm/code/nhm/data_rds/02_raw_images/main500/new250_row0221_B_10_0003200.jpg	http://dx.doi.org/10.5281/zenodo.1479068	https://zenodo.org/record/1479068/files/B 10 0003200.jpg	https://zenodo.org/record/1479068/files/B 10 0003200.json	http://herbarium.bgbm.org/object/B100003200
221	B_10_0460007	https://zenodo.org/record/1479576/files/B 10 0460007.jpg	/mnt/iusers01/sk01/f70829xm/code/nhm/data_rds/02_raw_images/new250/new250_row0222_B_10_0460007.jpg	https://zenodo.org/record/1479576/files/B 10 0460007.json	221	721	B_10_0460007	False	/mnt/iusers01/sk01/f70829xm/code/nhm/data_rds/02_raw_images/new250/new250_row0222_B_10_0460007.jpg	data_rds/02_raw_images/new250/new250_row0222_B_10_0460007.jpg	/mnt/iusers01/sk01/f70829xm/code/nhm/data_rds/02_raw_images/new250/new250_row0222_B_10_0460007.jpg|/mnt/iusers01/sk01/f70829xm/code/nhm/nhm_scribe_repo/data_rds/02_raw_images/new250/new250_row0222_B_10_0460007.jpg|/mnt/iusers01/sk01/f70829xm/code/nhm/data_rds/02_raw_images/new250/new250_row0222_B_10_0460007.jpg|/mnt/iusers01/sk01/f70829xm/code/nhm/data_rds/02_raw_images/new_data/new250_row0222_B_10_0460007.jpg|/mnt/iusers01/sk01/f70829xm/code/nhm/data_rds/02_raw_images/main500/new250_row0222_B_10_0460007.jpg	http://dx.doi.org/10.5281/zenodo.1479576	https://zenodo.org/record/1479576/files/B 10 0460007.jpg	https://zenodo.org/record/1479576/files/B 10 0460007.json	http://herbarium.bgbm.org/object/B100460007
222	B_10_0002884	https://zenodo.org/record/1479064/files/B 10 0002884.jpg	/mnt/iusers01/sk01/f70829xm/code/nhm/data_rds/02_raw_images/new250/new250_row0223_B_10_0002884.jpg	https://zenodo.org/record/1479064/files/B 10 0002884.json	222	722	B_10_0002884	False	/mnt/iusers01/sk01/f70829xm/code/nhm/data_rds/02_raw_images/new250/new250_row0223_B_10_0002884.jpg	data_rds/02_raw_images/new250/new250_row0223_B_10_0002884.jpg	/mnt/iusers01/sk01/f70829xm/code/nhm/data_rds/02_raw_images/new250/new250_row0223_B_10_0002884.jpg|/mnt/iusers01/sk01/f70829xm/code/nhm/nhm_scribe_repo/data_rds/02_raw_images/new250/new250_row0223_B_10_0002884.jpg|/mnt/iusers01/sk01/f70829xm/code/nhm/data_rds/02_raw_images/new250/new250_row0223_B_10_0002884.jpg|/mnt/iusers01/sk01/f70829xm/code/nhm/data_rds/02_raw_images/new_data/new250_row0223_B_10_0002884.jpg|/mnt/iusers01/sk01/f70829xm/code/nhm/data_rds/02_raw_images/main500/new250_row0223_B_10_0002884.jpg	http://dx.doi.org/10.5281/zenodo.1479064	https://zenodo.org/record/1479064/files/B 10 0002884.jpg	https://zenodo.org/record/1479064/files/B 10 0002884.json	http://herbarium.bgbm.org/object/B100002884
223	B_10_0242276	https://zenodo.org/record/1479416/files/B 10 0242276.jpg	/mnt/iusers01/sk01/f70829xm/code/nhm/data_rds/02_raw_images/new250/new250_row0224_B_10_0242276.jpg	https://zenodo.org/record/1479416/files/B 10 0242276.json	223	723	B_10_0242276	False	/mnt/iusers01/sk01/f70829xm/code/nhm/data_rds/02_raw_images/new250/new250_row0224_B_10_0242276.jpg	data_rds/02_raw_images/new250/new250_row0224_B_10_0242276.jpg	/mnt/iusers01/sk01/f70829xm/code/nhm/data_rds/02_raw_images/new250/new250_row0224_B_10_0242276.jpg|/mnt/iusers01/sk01/f70829xm/code/nhm/nhm_scribe_repo/data_rds/02_raw_images/new250/new250_row0224_B_10_0242276.jpg|/mnt/iusers01/sk01/f70829xm/code/nhm/data_rds/02_raw_images/new250/new250_row0224_B_10_0242276.jpg|/mnt/iusers01/sk01/f70829xm/code/nhm/data_rds/02_raw_images/new_data/new250_row0224_B_10_0242276.jpg|/mnt/iusers01/sk01/f70829xm/code/nhm/data_rds/02_raw_images/main500/new250_row0224_B_10_0242276.jpg	http://dx.doi.org/10.5281/zenodo.1479416	https://zenodo.org/record/1479416/files/B 10 0242276.jpg	https://zenodo.org/record/1479416/files/B 10 0242276.json	http://herbarium.bgbm.org/object/B100242276
224	B_10_1001999	https://zenodo.org/record/1479640/files/B 10 1001999.jpg	/mnt/iusers01/sk01/f70829xm/code/nhm/data_rds/02_raw_images/new250/new250_row0225_B_10_1001999.jpg	https://zenodo.org/record/1479640/files/B 10 1001999.json	224	724	B_10_1001999	False	/mnt/iusers01/sk01/f70829xm/code/nhm/data_rds/02_raw_images/new250/new250_row0225_B_10_1001999.jpg	data_rds/02_raw_images/new250/new250_row0225_B_10_1001999.jpg	/mnt/iusers01/sk01/f70829xm/code/nhm/data_rds/02_raw_images/new250/new250_row0225_B_10_1001999.jpg|/mnt/iusers01/sk01/f70829xm/code/nhm/nhm_scribe_repo/data_rds/02_raw_images/new250/new250_row0225_B_10_1001999.jpg|/mnt/iusers01/sk01/f70829xm/code/nhm/data_rds/02_raw_images/new250/new250_row0225_B_10_1001999.jpg|/mnt/iusers01/sk01/f70829xm/code/nhm/data_rds/02_raw_images/new_data/new250_row0225_B_10_1001999.jpg|/mnt/iusers01/sk01/f70829xm/code/nhm/data_rds/02_raw_images/main500/new250_row0225_B_10_1001999.jpg	http://dx.doi.org/10.5281/zenodo.1479640	https://zenodo.org/record/1479640/files/B 10 1001999.jpg	https://zenodo.org/record/1479640/files/B 10 1001999.json	http://herbarium.bgbm.org/object/B101001999
225	B_10_0278843	https://zenodo.org/record/1479477/files/B 10 0278843.jpg	/mnt/iusers01/sk01/f70829xm/code/nhm/data_rds/02_raw_images/new250/new250_row0226_B_10_0278843.jpg	https://zenodo.org/record/1479477/files/B 10 0278843.json	225	725	B_10_0278843	False	/mnt/iusers01/sk01/f70829xm/code/nhm/data_rds/02_raw_images/new250/new250_row0226_B_10_0278843.jpg	data_rds/02_raw_images/new250/new250_row0226_B_10_0278843.jpg	/mnt/iusers01/sk01/f70829xm/code/nhm/data_rds/02_raw_images/new250/new250_row0226_B_10_0278843.jpg|/mnt/iusers01/sk01/f70829xm/code/nhm/nhm_scribe_repo/data_rds/02_raw_images/new250/new250_row0226_B_10_0278843.jpg|/mnt/iusers01/sk01/f70829xm/code/nhm/data_rds/02_raw_images/new250/new250_row0226_B_10_0278843.jpg|/mnt/iusers01/sk01/f70829xm/code/nhm/data_rds/02_raw_images/new_data/new250_row0226_B_10_0278843.jpg|/mnt/iusers01/sk01/f70829xm/code/nhm/data_rds/02_raw_images/main500/new250_row0226_B_10_0278843.jpg	http://dx.doi.org/10.5281/zenodo.1479477	https://zenodo.org/record/1479477/files/B 10 0278843.jpg	https://zenodo.org/record/1479477/files/B 10 0278843.json	http://herbarium.bgbm.org/object/B100278843
226	B_10_0220914	https://zenodo.org/record/1479398/files/B 10 0220914.jpg	/mnt/iusers01/sk01/f70829xm/code/nhm/data_rds/02_raw_images/new250/new250_row0227_B_10_0220914.jpg	https://zenodo.org/record/1479398/files/B 10 0220914.json	226	726	B_10_0220914	False	/mnt/iusers01/sk01/f70829xm/code/nhm/data_rds/02_raw_images/new250/new250_row0227_B_10_0220914.jpg	data_rds/02_raw_images/new250/new250_row0227_B_10_0220914.jpg	/mnt/iusers01/sk01/f70829xm/code/nhm/data_rds/02_raw_images/new250/new250_row0227_B_10_0220914.jpg|/mnt/iusers01/sk01/f70829xm/code/nhm/nhm_scribe_repo/data_rds/02_raw_images/new250/new250_row0227_B_10_0220914.jpg|/mnt/iusers01/sk01/f70829xm/code/nhm/data_rds/02_raw_images/new250/new250_row0227_B_10_0220914.jpg|/mnt/iusers01/sk01/f70829xm/code/nhm/data_rds/02_raw_images/new_data/new250_row0227_B_10_0220914.jpg|/mnt/iusers01/sk01/f70829xm/code/nhm/data_rds/02_raw_images/main500/new250_row0227_B_10_0220914.jpg	http://dx.doi.org/10.5281/zenodo.1479398	https://zenodo.org/record/1479398/files/B 10 0220914.jpg	https://zenodo.org/record/1479398/files/B 10 0220914.json	http://herbarium.bgbm.org/object/B100220914
227	B_10_0241279	https://zenodo.org/record/1479404/files/B 10 0241279.jpg	/mnt/iusers01/sk01/f70829xm/code/nhm/data_rds/02_raw_images/new250/new250_row0228_B_10_0241279.jpg	https://zenodo.org/record/1479404/files/B 10 0241279.json	227	727	B_10_0241279	False	/mnt/iusers01/sk01/f70829xm/code/nhm/data_rds/02_raw_images/new250/new250_row0228_B_10_0241279.jpg	data_rds/02_raw_images/new250/new250_row0228_B_10_0241279.jpg	/mnt/iusers01/sk01/f70829xm/code/nhm/data_rds/02_raw_images/new250/new250_row0228_B_10_0241279.jpg|/mnt/iusers01/sk01/f70829xm/code/nhm/nhm_scribe_repo/data_rds/02_raw_images/new250/new250_row0228_B_10_0241279.jpg|/mnt/iusers01/sk01/f70829xm/code/nhm/data_rds/02_raw_images/new250/new250_row0228_B_10_0241279.jpg|/mnt/iusers01/sk01/f70829xm/code/nhm/data_rds/02_raw_images/new_data/new250_row0228_B_10_0241279.jpg|/mnt/iusers01/sk01/f70829xm/code/nhm/data_rds/02_raw_images/main500/new250_row0228_B_10_0241279.jpg	http://dx.doi.org/10.5281/zenodo.1479404	https://zenodo.org/record/1479404/files/B 10 0241279.jpg	https://zenodo.org/record/1479404/files/B 10 0241279.json	http://herbarium.bgbm.org/object/B100241279
228	B_10_0069251	https://zenodo.org/record/1479203/files/B 10 0069251.jpg	/mnt/iusers01/sk01/f70829xm/code/nhm/data_rds/02_raw_images/new250/new250_row0229_B_10_0069251.jpg	https://zenodo.org/record/1479203/files/B 10 0069251.json	228	728	B_10_0069251	False	/mnt/iusers01/sk01/f70829xm/code/nhm/data_rds/02_raw_images/new250/new250_row0229_B_10_0069251.jpg	data_rds/02_raw_images/new250/new250_row0229_B_10_0069251.jpg	/mnt/iusers01/sk01/f70829xm/code/nhm/data_rds/02_raw_images/new250/new250_row0229_B_10_0069251.jpg|/mnt/iusers01/sk01/f70829xm/code/nhm/nhm_scribe_repo/data_rds/02_raw_images/new250/new250_row0229_B_10_0069251.jpg|/mnt/iusers01/sk01/f70829xm/code/nhm/data_rds/02_raw_images/new250/new250_row0229_B_10_0069251.jpg|/mnt/iusers01/sk01/f70829xm/code/nhm/data_rds/02_raw_images/new_data/new250_row0229_B_10_0069251.jpg|/mnt/iusers01/sk01/f70829xm/code/nhm/data_rds/02_raw_images/main500/new250_row0229_B_10_0069251.jpg	http://dx.doi.org/10.5281/zenodo.1479203	https://zenodo.org/record/1479203/files/B 10 0069251.jpg	https://zenodo.org/record/1479203/files/B 10 0069251.json	http://herbarium.bgbm.org/object/B100069251
229	B_10_0086706	https://zenodo.org/record/1479248/files/B 10 0086706.jpg	/mnt/iusers01/sk01/f70829xm/code/nhm/data_rds/02_raw_images/new250/new250_row0230_B_10_0086706.jpg	https://zenodo.org/record/1479248/files/B 10 0086706.json	229	729	B_10_0086706	False	/mnt/iusers01/sk01/f70829xm/code/nhm/data_rds/02_raw_images/new250/new250_row0230_B_10_0086706.jpg	data_rds/02_raw_images/new250/new250_row0230_B_10_0086706.jpg	/mnt/iusers01/sk01/f70829xm/code/nhm/data_rds/02_raw_images/new250/new250_row0230_B_10_0086706.jpg|/mnt/iusers01/sk01/f70829xm/code/nhm/nhm_scribe_repo/data_rds/02_raw_images/new250/new250_row0230_B_10_0086706.jpg|/mnt/iusers01/sk01/f70829xm/code/nhm/data_rds/02_raw_images/new250/new250_row0230_B_10_0086706.jpg|/mnt/iusers01/sk01/f70829xm/code/nhm/data_rds/02_raw_images/new_data/new250_row0230_B_10_0086706.jpg|/mnt/iusers01/sk01/f70829xm/code/nhm/data_rds/02_raw_images/main500/new250_row0230_B_10_0086706.jpg	http://dx.doi.org/10.5281/zenodo.1479248	https://zenodo.org/record/1479248/files/B 10 0086706.jpg	https://zenodo.org/record/1479248/files/B 10 0086706.json	http://herbarium.bgbm.org/object/B100086706
230	B_10_0177791	https://zenodo.org/record/1479333/files/B 10 0177791.jpg	/mnt/iusers01/sk01/f70829xm/code/nhm/data_rds/02_raw_images/new250/new250_row0231_B_10_0177791.jpg	https://zenodo.org/record/1479333/files/B 10 0177791.json	230	730	B_10_0177791	False	/mnt/iusers01/sk01/f70829xm/code/nhm/data_rds/02_raw_images/new250/new250_row0231_B_10_0177791.jpg	data_rds/02_raw_images/new250/new250_row0231_B_10_0177791.jpg	/mnt/iusers01/sk01/f70829xm/code/nhm/data_rds/02_raw_images/new250/new250_row0231_B_10_0177791.jpg|/mnt/iusers01/sk01/f70829xm/code/nhm/nhm_scribe_repo/data_rds/02_raw_images/new250/new250_row0231_B_10_0177791.jpg|/mnt/iusers01/sk01/f70829xm/code/nhm/data_rds/02_raw_images/new250/new250_row0231_B_10_0177791.jpg|/mnt/iusers01/sk01/f70829xm/code/nhm/data_rds/02_raw_images/new_data/new250_row0231_B_10_0177791.jpg|/mnt/iusers01/sk01/f70829xm/code/nhm/data_rds/02_raw_images/main500/new250_row0231_B_10_0177791.jpg	http://dx.doi.org/10.5281/zenodo.1479333	https://zenodo.org/record/1479333/files/B 10 0177791.jpg	https://zenodo.org/record/1479333/files/B 10 0177791.json	http://herbarium.bgbm.org/object/B100177791
231	B_10_0005500	https://zenodo.org/record/1479151/files/B 10 0005500.jpg	/mnt/iusers01/sk01/f70829xm/code/nhm/data_rds/02_raw_images/new250/new250_row0232_B_10_0005500.jpg	https://zenodo.org/record/1479151/files/B 10 0005500.json	231	731	B_10_0005500	False	/mnt/iusers01/sk01/f70829xm/code/nhm/data_rds/02_raw_images/new250/new250_row0232_B_10_0005500.jpg	data_rds/02_raw_images/new250/new250_row0232_B_10_0005500.jpg	/mnt/iusers01/sk01/f70829xm/code/nhm/data_rds/02_raw_images/new250/new250_row0232_B_10_0005500.jpg|/mnt/iusers01/sk01/f70829xm/code/nhm/nhm_scribe_repo/data_rds/02_raw_images/new250/new250_row0232_B_10_0005500.jpg|/mnt/iusers01/sk01/f70829xm/code/nhm/data_rds/02_raw_images/new250/new250_row0232_B_10_0005500.jpg|/mnt/iusers01/sk01/f70829xm/code/nhm/data_rds/02_raw_images/new_data/new250_row0232_B_10_0005500.jpg|/mnt/iusers01/sk01/f70829xm/code/nhm/data_rds/02_raw_images/main500/new250_row0232_B_10_0005500.jpg	http://dx.doi.org/10.5281/zenodo.1479151	https://zenodo.org/record/1479151/files/B 10 0005500.jpg	https://zenodo.org/record/1479151/files/B 10 0005500.json	http://herbarium.bgbm.org/object/B100005500
232	B_10_0367296	https://zenodo.org/record/1479517/files/B 10 0367296.jpg	/mnt/iusers01/sk01/f70829xm/code/nhm/data_rds/02_raw_images/new250/new250_row0233_B_10_0367296.jpg	https://zenodo.org/record/1479517/files/B 10 0367296.json	232	732	B_10_0367296	False	/mnt/iusers01/sk01/f70829xm/code/nhm/data_rds/02_raw_images/new250/new250_row0233_B_10_0367296.jpg	data_rds/02_raw_images/new250/new250_row0233_B_10_0367296.jpg	/mnt/iusers01/sk01/f70829xm/code/nhm/data_rds/02_raw_images/new250/new250_row0233_B_10_0367296.jpg|/mnt/iusers01/sk01/f70829xm/code/nhm/nhm_scribe_repo/data_rds/02_raw_images/new250/new250_row0233_B_10_0367296.jpg|/mnt/iusers01/sk01/f70829xm/code/nhm/data_rds/02_raw_images/new250/new250_row0233_B_10_0367296.jpg|/mnt/iusers01/sk01/f70829xm/code/nhm/data_rds/02_raw_images/new_data/new250_row0233_B_10_0367296.jpg|/mnt/iusers01/sk01/f70829xm/code/nhm/data_rds/02_raw_images/main500/new250_row0233_B_10_0367296.jpg	http://dx.doi.org/10.5281/zenodo.1479517	https://zenodo.org/record/1479517/files/B 10 0367296.jpg	https://zenodo.org/record/1479517/files/B 10 0367296.json	http://herbarium.bgbm.org/object/B100367296
233	B_10_0260193	https://zenodo.org/record/1479434/files/B 10 0260193.jpg	/mnt/iusers01/sk01/f70829xm/code/nhm/data_rds/02_raw_images/new250/new250_row0234_B_10_0260193.jpg	https://zenodo.org/record/1479434/files/B 10 0260193.json	233	733	B_10_0260193	False	/mnt/iusers01/sk01/f70829xm/code/nhm/data_rds/02_raw_images/new250/new250_row0234_B_10_0260193.jpg	data_rds/02_raw_images/new250/new250_row0234_B_10_0260193.jpg	/mnt/iusers01/sk01/f70829xm/code/nhm/data_rds/02_raw_images/new250/new250_row0234_B_10_0260193.jpg|/mnt/iusers01/sk01/f70829xm/code/nhm/nhm_scribe_repo/data_rds/02_raw_images/new250/new250_row0234_B_10_0260193.jpg|/mnt/iusers01/sk01/f70829xm/code/nhm/data_rds/02_raw_images/new250/new250_row0234_B_10_0260193.jpg|/mnt/iusers01/sk01/f70829xm/code/nhm/data_rds/02_raw_images/new_data/new250_row0234_B_10_0260193.jpg|/mnt/iusers01/sk01/f70829xm/code/nhm/data_rds/02_raw_images/main500/new250_row0234_B_10_0260193.jpg	http://dx.doi.org/10.5281/zenodo.1479434	https://zenodo.org/record/1479434/files/B 10 0260193.jpg	https://zenodo.org/record/1479434/files/B 10 0260193.json	http://herbarium.bgbm.org/object/B100260193
234	B_10_0293085	https://zenodo.org/record/1479482/files/B 10 0293085.jpg	/mnt/iusers01/sk01/f70829xm/code/nhm/data_rds/02_raw_images/new250/new250_row0235_B_10_0293085.jpg	https://zenodo.org/record/1479482/files/B 10 0293085.json	234	734	B_10_0293085	False	/mnt/iusers01/sk01/f70829xm/code/nhm/data_rds/02_raw_images/new250/new250_row0235_B_10_0293085.jpg	data_rds/02_raw_images/new250/new250_row0235_B_10_0293085.jpg	/mnt/iusers01/sk01/f70829xm/code/nhm/data_rds/02_raw_images/new250/new250_row0235_B_10_0293085.jpg|/mnt/iusers01/sk01/f70829xm/code/nhm/nhm_scribe_repo/data_rds/02_raw_images/new250/new250_row0235_B_10_0293085.jpg|/mnt/iusers01/sk01/f70829xm/code/nhm/data_rds/02_raw_images/new250/new250_row0235_B_10_0293085.jpg|/mnt/iusers01/sk01/f70829xm/code/nhm/data_rds/02_raw_images/new_data/new250_row0235_B_10_0293085.jpg|/mnt/iusers01/sk01/f70829xm/code/nhm/data_rds/02_raw_images/main500/new250_row0235_B_10_0293085.jpg	http://dx.doi.org/10.5281/zenodo.1479482	https://zenodo.org/record/1479482/files/B 10 0293085.jpg	https://zenodo.org/record/1479482/files/B 10 0293085.json	http://herbarium.bgbm.org/object/B100293085
235	B_10_0517303	https://zenodo.org/record/1479594/files/B 10 0517303.jpg	/mnt/iusers01/sk01/f70829xm/code/nhm/data_rds/02_raw_images/new250/new250_row0236_B_10_0517303.jpg	https://zenodo.org/record/1479594/files/B 10 0517303.json	235	735	B_10_0517303	False	/mnt/iusers01/sk01/f70829xm/code/nhm/data_rds/02_raw_images/new250/new250_row0236_B_10_0517303.jpg	data_rds/02_raw_images/new250/new250_row0236_B_10_0517303.jpg	/mnt/iusers01/sk01/f70829xm/code/nhm/data_rds/02_raw_images/new250/new250_row0236_B_10_0517303.jpg|/mnt/iusers01/sk01/f70829xm/code/nhm/nhm_scribe_repo/data_rds/02_raw_images/new250/new250_row0236_B_10_0517303.jpg|/mnt/iusers01/sk01/f70829xm/code/nhm/data_rds/02_raw_images/new250/new250_row0236_B_10_0517303.jpg|/mnt/iusers01/sk01/f70829xm/code/nhm/data_rds/02_raw_images/new_data/new250_row0236_B_10_0517303.jpg|/mnt/iusers01/sk01/f70829xm/code/nhm/data_rds/02_raw_images/main500/new250_row0236_B_10_0517303.jpg	http://dx.doi.org/10.5281/zenodo.1479594	https://zenodo.org/record/1479594/files/B 10 0517303.jpg	https://zenodo.org/record/1479594/files/B 10 0517303.json	http://herbarium.bgbm.org/object/B100517303
236	B_10_0355271	https://zenodo.org/record/1479509/files/B 10 0355271.jpg	/mnt/iusers01/sk01/f70829xm/code/nhm/data_rds/02_raw_images/new250/new250_row0237_B_10_0355271.jpg	https://zenodo.org/record/1479509/files/B 10 0355271.json	236	736	B_10_0355271	False	/mnt/iusers01/sk01/f70829xm/code/nhm/data_rds/02_raw_images/new250/new250_row0237_B_10_0355271.jpg	data_rds/02_raw_images/new250/new250_row0237_B_10_0355271.jpg	/mnt/iusers01/sk01/f70829xm/code/nhm/data_rds/02_raw_images/new250/new250_row0237_B_10_0355271.jpg|/mnt/iusers01/sk01/f70829xm/code/nhm/nhm_scribe_repo/data_rds/02_raw_images/new250/new250_row0237_B_10_0355271.jpg|/mnt/iusers01/sk01/f70829xm/code/nhm/data_rds/02_raw_images/new250/new250_row0237_B_10_0355271.jpg|/mnt/iusers01/sk01/f70829xm/code/nhm/data_rds/02_raw_images/new_data/new250_row0237_B_10_0355271.jpg|/mnt/iusers01/sk01/f70829xm/code/nhm/data_rds/02_raw_images/main500/new250_row0237_B_10_0355271.jpg	http://dx.doi.org/10.5281/zenodo.1479509	https://zenodo.org/record/1479509/files/B 10 0355271.jpg	https://zenodo.org/record/1479509/files/B 10 0355271.json	http://herbarium.bgbm.org/object/B100355271
237	B_10_0326671	https://zenodo.org/record/1479493/files/B 10 0326671.jpg	/mnt/iusers01/sk01/f70829xm/code/nhm/data_rds/02_raw_images/new250/new250_row0238_B_10_0326671.jpg	https://zenodo.org/record/1479493/files/B 10 0326671.json	237	737	B_10_0326671	False	/mnt/iusers01/sk01/f70829xm/code/nhm/data_rds/02_raw_images/new250/new250_row0238_B_10_0326671.jpg	data_rds/02_raw_images/new250/new250_row0238_B_10_0326671.jpg	/mnt/iusers01/sk01/f70829xm/code/nhm/data_rds/02_raw_images/new250/new250_row0238_B_10_0326671.jpg|/mnt/iusers01/sk01/f70829xm/code/nhm/nhm_scribe_repo/data_rds/02_raw_images/new250/new250_row0238_B_10_0326671.jpg|/mnt/iusers01/sk01/f70829xm/code/nhm/data_rds/02_raw_images/new250/new250_row0238_B_10_0326671.jpg|/mnt/iusers01/sk01/f70829xm/code/nhm/data_rds/02_raw_images/new_data/new250_row0238_B_10_0326671.jpg|/mnt/iusers01/sk01/f70829xm/code/nhm/data_rds/02_raw_images/main500/new250_row0238_B_10_0326671.jpg	http://dx.doi.org/10.5281/zenodo.1479493	https://zenodo.org/record/1479493/files/B 10 0326671.jpg	https://zenodo.org/record/1479493/files/B 10 0326671.json	http://herbarium.bgbm.org/object/B100326671
238	B_10_0279821	https://zenodo.org/record/1479479/files/B 10 0279821.jpg	/mnt/iusers01/sk01/f70829xm/code/nhm/data_rds/02_raw_images/new250/new250_row0239_B_10_0279821.jpg	https://zenodo.org/record/1479479/files/B 10 0279821.json	238	738	B_10_0279821	False	/mnt/iusers01/sk01/f70829xm/code/nhm/data_rds/02_raw_images/new250/new250_row0239_B_10_0279821.jpg	data_rds/02_raw_images/new250/new250_row0239_B_10_0279821.jpg	/mnt/iusers01/sk01/f70829xm/code/nhm/data_rds/02_raw_images/new250/new250_row0239_B_10_0279821.jpg|/mnt/iusers01/sk01/f70829xm/code/nhm/nhm_scribe_repo/data_rds/02_raw_images/new250/new250_row0239_B_10_0279821.jpg|/mnt/iusers01/sk01/f70829xm/code/nhm/data_rds/02_raw_images/new250/new250_row0239_B_10_0279821.jpg|/mnt/iusers01/sk01/f70829xm/code/nhm/data_rds/02_raw_images/new_data/new250_row0239_B_10_0279821.jpg|/mnt/iusers01/sk01/f70829xm/code/nhm/data_rds/02_raw_images/main500/new250_row0239_B_10_0279821.jpg	http://dx.doi.org/10.5281/zenodo.1479479	https://zenodo.org/record/1479479/files/B 10 0279821.jpg	https://zenodo.org/record/1479479/files/B 10 0279821.json	http://herbarium.bgbm.org/object/B100279821
239	B_10_0157339	https://zenodo.org/record/1479304/files/B 10 0157339.jpg	/mnt/iusers01/sk01/f70829xm/code/nhm/data_rds/02_raw_images/new250/new250_row0240_B_10_0157339.jpg	https://zenodo.org/record/1479304/files/B 10 0157339.json	239	739	B_10_0157339	False	/mnt/iusers01/sk01/f70829xm/code/nhm/data_rds/02_raw_images/new250/new250_row0240_B_10_0157339.jpg	data_rds/02_raw_images/new250/new250_row0240_B_10_0157339.jpg	/mnt/iusers01/sk01/f70829xm/code/nhm/data_rds/02_raw_images/new250/new250_row0240_B_10_0157339.jpg|/mnt/iusers01/sk01/f70829xm/code/nhm/nhm_scribe_repo/data_rds/02_raw_images/new250/new250_row0240_B_10_0157339.jpg|/mnt/iusers01/sk01/f70829xm/code/nhm/data_rds/02_raw_images/new250/new250_row0240_B_10_0157339.jpg|/mnt/iusers01/sk01/f70829xm/code/nhm/data_rds/02_raw_images/new_data/new250_row0240_B_10_0157339.jpg|/mnt/iusers01/sk01/f70829xm/code/nhm/data_rds/02_raw_images/main500/new250_row0240_B_10_0157339.jpg	http://dx.doi.org/10.5281/zenodo.1479304	https://zenodo.org/record/1479304/files/B 10 0157339.jpg	https://zenodo.org/record/1479304/files/B 10 0157339.json	http://herbarium.bgbm.org/object/B100157339
240	B_10_0030420	https://zenodo.org/record/1479168/files/B 10 0030420.jpg	/mnt/iusers01/sk01/f70829xm/code/nhm/data_rds/02_raw_images/new250/new250_row0241_B_10_0030420.jpg	https://zenodo.org/record/1479168/files/B 10 0030420.json	240	740	B_10_0030420	False	/mnt/iusers01/sk01/f70829xm/code/nhm/data_rds/02_raw_images/new250/new250_row0241_B_10_0030420.jpg	data_rds/02_raw_images/new250/new250_row0241_B_10_0030420.jpg	/mnt/iusers01/sk01/f70829xm/code/nhm/data_rds/02_raw_images/new250/new250_row0241_B_10_0030420.jpg|/mnt/iusers01/sk01/f70829xm/code/nhm/nhm_scribe_repo/data_rds/02_raw_images/new250/new250_row0241_B_10_0030420.jpg|/mnt/iusers01/sk01/f70829xm/code/nhm/data_rds/02_raw_images/new250/new250_row0241_B_10_0030420.jpg|/mnt/iusers01/sk01/f70829xm/code/nhm/data_rds/02_raw_images/new_data/new250_row0241_B_10_0030420.jpg|/mnt/iusers01/sk01/f70829xm/code/nhm/data_rds/02_raw_images/main500/new250_row0241_B_10_0030420.jpg	http://dx.doi.org/10.5281/zenodo.1479168	https://zenodo.org/record/1479168/files/B 10 0030420.jpg	https://zenodo.org/record/1479168/files/B 10 0030420.json	http://herbarium.bgbm.org/object/B100030420
241	B_10_0127220	https://zenodo.org/record/1479298/files/B 10 0127220.jpg	/mnt/iusers01/sk01/f70829xm/code/nhm/data_rds/02_raw_images/new250/new250_row0242_B_10_0127220.jpg	https://zenodo.org/record/1479298/files/B 10 0127220.json	241	741	B_10_0127220	False	/mnt/iusers01/sk01/f70829xm/code/nhm/data_rds/02_raw_images/new250/new250_row0242_B_10_0127220.jpg	data_rds/02_raw_images/new250/new250_row0242_B_10_0127220.jpg	/mnt/iusers01/sk01/f70829xm/code/nhm/data_rds/02_raw_images/new250/new250_row0242_B_10_0127220.jpg|/mnt/iusers01/sk01/f70829xm/code/nhm/nhm_scribe_repo/data_rds/02_raw_images/new250/new250_row0242_B_10_0127220.jpg|/mnt/iusers01/sk01/f70829xm/code/nhm/data_rds/02_raw_images/new250/new250_row0242_B_10_0127220.jpg|/mnt/iusers01/sk01/f70829xm/code/nhm/data_rds/02_raw_images/new_data/new250_row0242_B_10_0127220.jpg|/mnt/iusers01/sk01/f70829xm/code/nhm/data_rds/02_raw_images/main500/new250_row0242_B_10_0127220.jpg	http://dx.doi.org/10.5281/zenodo.1479298	https://zenodo.org/record/1479298/files/B 10 0127220.jpg	https://zenodo.org/record/1479298/files/B 10 0127220.json	http://herbarium.bgbm.org/object/B100127220
242	B_10_0172760	https://zenodo.org/record/1479317/files/B 10 0172760.jpg	/mnt/iusers01/sk01/f70829xm/code/nhm/data_rds/02_raw_images/new250/new250_row0243_B_10_0172760.jpg	https://zenodo.org/record/1479317/files/B 10 0172760.json	242	742	B_10_0172760	False	/mnt/iusers01/sk01/f70829xm/code/nhm/data_rds/02_raw_images/new250/new250_row0243_B_10_0172760.jpg	data_rds/02_raw_images/new250/new250_row0243_B_10_0172760.jpg	/mnt/iusers01/sk01/f70829xm/code/nhm/data_rds/02_raw_images/new250/new250_row0243_B_10_0172760.jpg|/mnt/iusers01/sk01/f70829xm/code/nhm/nhm_scribe_repo/data_rds/02_raw_images/new250/new250_row0243_B_10_0172760.jpg|/mnt/iusers01/sk01/f70829xm/code/nhm/data_rds/02_raw_images/new250/new250_row0243_B_10_0172760.jpg|/mnt/iusers01/sk01/f70829xm/code/nhm/data_rds/02_raw_images/new_data/new250_row0243_B_10_0172760.jpg|/mnt/iusers01/sk01/f70829xm/code/nhm/data_rds/02_raw_images/main500/new250_row0243_B_10_0172760.jpg	http://dx.doi.org/10.5281/zenodo.1479317	https://zenodo.org/record/1479317/files/B 10 0172760.jpg	https://zenodo.org/record/1479317/files/B 10 0172760.json	http://herbarium.bgbm.org/object/B100172760
243	B_10_0172762	https://zenodo.org/record/1479319/files/B 10 0172762.jpg	/mnt/iusers01/sk01/f70829xm/code/nhm/data_rds/02_raw_images/new250/new250_row0244_B_10_0172762.jpg	https://zenodo.org/record/1479319/files/B 10 0172762.json	243	743	B_10_0172762	False	/mnt/iusers01/sk01/f70829xm/code/nhm/data_rds/02_raw_images/new250/new250_row0244_B_10_0172762.jpg	data_rds/02_raw_images/new250/new250_row0244_B_10_0172762.jpg	/mnt/iusers01/sk01/f70829xm/code/nhm/data_rds/02_raw_images/new250/new250_row0244_B_10_0172762.jpg|/mnt/iusers01/sk01/f70829xm/code/nhm/nhm_scribe_repo/data_rds/02_raw_images/new250/new250_row0244_B_10_0172762.jpg|/mnt/iusers01/sk01/f70829xm/code/nhm/data_rds/02_raw_images/new250/new250_row0244_B_10_0172762.jpg|/mnt/iusers01/sk01/f70829xm/code/nhm/data_rds/02_raw_images/new_data/new250_row0244_B_10_0172762.jpg|/mnt/iusers01/sk01/f70829xm/code/nhm/data_rds/02_raw_images/main500/new250_row0244_B_10_0172762.jpg	http://dx.doi.org/10.5281/zenodo.1479319	https://zenodo.org/record/1479319/files/B 10 0172762.jpg	https://zenodo.org/record/1479319/files/B 10 0172762.json	http://herbarium.bgbm.org/object/B100172762
244	B_10_0172769	https://zenodo.org/record/1479321/files/B 10 0172769.jpg	/mnt/iusers01/sk01/f70829xm/code/nhm/data_rds/02_raw_images/new250/new250_row0245_B_10_0172769.jpg	https://zenodo.org/record/1479321/files/B 10 0172769.json	244	744	B_10_0172769	False	/mnt/iusers01/sk01/f70829xm/code/nhm/data_rds/02_raw_images/new250/new250_row0245_B_10_0172769.jpg	data_rds/02_raw_images/new250/new250_row0245_B_10_0172769.jpg	/mnt/iusers01/sk01/f70829xm/code/nhm/data_rds/02_raw_images/new250/new250_row0245_B_10_0172769.jpg|/mnt/iusers01/sk01/f70829xm/code/nhm/nhm_scribe_repo/data_rds/02_raw_images/new250/new250_row0245_B_10_0172769.jpg|/mnt/iusers01/sk01/f70829xm/code/nhm/data_rds/02_raw_images/new250/new250_row0245_B_10_0172769.jpg|/mnt/iusers01/sk01/f70829xm/code/nhm/data_rds/02_raw_images/new_data/new250_row0245_B_10_0172769.jpg|/mnt/iusers01/sk01/f70829xm/code/nhm/data_rds/02_raw_images/main500/new250_row0245_B_10_0172769.jpg	http://dx.doi.org/10.5281/zenodo.1479321	https://zenodo.org/record/1479321/files/B 10 0172769.jpg	https://zenodo.org/record/1479321/files/B 10 0172769.json	http://herbarium.bgbm.org/object/B100172769
245	B_10_0172773	https://zenodo.org/record/1479323/files/B 10 0172773.jpg	/mnt/iusers01/sk01/f70829xm/code/nhm/data_rds/02_raw_images/new250/new250_row0246_B_10_0172773.jpg	https://zenodo.org/record/1479323/files/B 10 0172773.json	245	745	B_10_0172773	False	/mnt/iusers01/sk01/f70829xm/code/nhm/data_rds/02_raw_images/new250/new250_row0246_B_10_0172773.jpg	data_rds/02_raw_images/new250/new250_row0246_B_10_0172773.jpg	/mnt/iusers01/sk01/f70829xm/code/nhm/data_rds/02_raw_images/new250/new250_row0246_B_10_0172773.jpg|/mnt/iusers01/sk01/f70829xm/code/nhm/nhm_scribe_repo/data_rds/02_raw_images/new250/new250_row0246_B_10_0172773.jpg|/mnt/iusers01/sk01/f70829xm/code/nhm/data_rds/02_raw_images/new250/new250_row0246_B_10_0172773.jpg|/mnt/iusers01/sk01/f70829xm/code/nhm/data_rds/02_raw_images/new_data/new250_row0246_B_10_0172773.jpg|/mnt/iusers01/sk01/f70829xm/code/nhm/data_rds/02_raw_images/main500/new250_row0246_B_10_0172773.jpg	http://dx.doi.org/10.5281/zenodo.1479323	https://zenodo.org/record/1479323/files/B 10 0172773.jpg	https://zenodo.org/record/1479323/files/B 10 0172773.json	http://herbarium.bgbm.org/object/B100172773
246	B_10_0185596	https://zenodo.org/record/1479339/files/B 10 0185596.jpg	/mnt/iusers01/sk01/f70829xm/code/nhm/data_rds/02_raw_images/new250/new250_row0247_B_10_0185596.jpg	https://zenodo.org/record/1479339/files/B 10 0185596.json	246	746	B_10_0185596	False	/mnt/iusers01/sk01/f70829xm/code/nhm/data_rds/02_raw_images/new250/new250_row0247_B_10_0185596.jpg	data_rds/02_raw_images/new250/new250_row0247_B_10_0185596.jpg	/mnt/iusers01/sk01/f70829xm/code/nhm/data_rds/02_raw_images/new250/new250_row0247_B_10_0185596.jpg|/mnt/iusers01/sk01/f70829xm/code/nhm/nhm_scribe_repo/data_rds/02_raw_images/new250/new250_row0247_B_10_0185596.jpg|/mnt/iusers01/sk01/f70829xm/code/nhm/data_rds/02_raw_images/new250/new250_row0247_B_10_0185596.jpg|/mnt/iusers01/sk01/f70829xm/code/nhm/data_rds/02_raw_images/new_data/new250_row0247_B_10_0185596.jpg|/mnt/iusers01/sk01/f70829xm/code/nhm/data_rds/02_raw_images/main500/new250_row0247_B_10_0185596.jpg	http://dx.doi.org/10.5281/zenodo.1479339	https://zenodo.org/record/1479339/files/B 10 0185596.jpg	https://zenodo.org/record/1479339/files/B 10 0185596.json	http://herbarium.bgbm.org/object/B100185596
247	B_10_0046042	https://zenodo.org/record/1479173/files/B 10 0046042.jpg	/mnt/iusers01/sk01/f70829xm/code/nhm/data_rds/02_raw_images/new250/new250_row0248_B_10_0046042.jpg	https://zenodo.org/record/1479173/files/B 10 0046042.json	247	747	B_10_0046042	False	/mnt/iusers01/sk01/f70829xm/code/nhm/data_rds/02_raw_images/new250/new250_row0248_B_10_0046042.jpg	data_rds/02_raw_images/new250/new250_row0248_B_10_0046042.jpg	/mnt/iusers01/sk01/f70829xm/code/nhm/data_rds/02_raw_images/new250/new250_row0248_B_10_0046042.jpg|/mnt/iusers01/sk01/f70829xm/code/nhm/nhm_scribe_repo/data_rds/02_raw_images/new250/new250_row0248_B_10_0046042.jpg|/mnt/iusers01/sk01/f70829xm/code/nhm/data_rds/02_raw_images/new250/new250_row0248_B_10_0046042.jpg|/mnt/iusers01/sk01/f70829xm/code/nhm/data_rds/02_raw_images/new_data/new250_row0248_B_10_0046042.jpg|/mnt/iusers01/sk01/f70829xm/code/nhm/data_rds/02_raw_images/main500/new250_row0248_B_10_0046042.jpg	http://dx.doi.org/10.5281/zenodo.1479173	https://zenodo.org/record/1479173/files/B 10 0046042.jpg	https://zenodo.org/record/1479173/files/B 10 0046042.json	http://herbarium.bgbm.org/object/B100046042
248	B_10_0209435	https://zenodo.org/record/1479370/files/B 10 0209435.jpg	/mnt/iusers01/sk01/f70829xm/code/nhm/data_rds/02_raw_images/new250/new250_row0249_B_10_0209435.jpg	https://zenodo.org/record/1479370/files/B 10 0209435.json	248	748	B_10_0209435	False	/mnt/iusers01/sk01/f70829xm/code/nhm/data_rds/02_raw_images/new250/new250_row0249_B_10_0209435.jpg	data_rds/02_raw_images/new250/new250_row0249_B_10_0209435.jpg	/mnt/iusers01/sk01/f70829xm/code/nhm/data_rds/02_raw_images/new250/new250_row0249_B_10_0209435.jpg|/mnt/iusers01/sk01/f70829xm/code/nhm/nhm_scribe_repo/data_rds/02_raw_images/new250/new250_row0249_B_10_0209435.jpg|/mnt/iusers01/sk01/f70829xm/code/nhm/data_rds/02_raw_images/new250/new250_row0249_B_10_0209435.jpg|/mnt/iusers01/sk01/f70829xm/code/nhm/data_rds/02_raw_images/new_data/new250_row0249_B_10_0209435.jpg|/mnt/iusers01/sk01/f70829xm/code/nhm/data_rds/02_raw_images/main500/new250_row0249_B_10_0209435.jpg	http://dx.doi.org/10.5281/zenodo.1479370	https://zenodo.org/record/1479370/files/B 10 0209435.jpg	https://zenodo.org/record/1479370/files/B 10 0209435.json	http://herbarium.bgbm.org/object/B100209435
249	B_10_0002520	https://zenodo.org/record/1479040/files/B 10 0002520.jpg	/mnt/iusers01/sk01/f70829xm/code/nhm/data_rds/02_raw_images/new250/new250_row0250_B_10_0002520.jpg	https://zenodo.org/record/1479040/files/B 10 0002520.json	249	749	B_10_0002520	False	/mnt/iusers01/sk01/f70829xm/code/nhm/data_rds/02_raw_images/new250/new250_row0250_B_10_0002520.jpg	data_rds/02_raw_images/new250/new250_row0250_B_10_0002520.jpg	/mnt/iusers01/sk01/f70829xm/code/nhm/data_rds/02_raw_images/new250/new250_row0250_B_10_0002520.jpg|/mnt/iusers01/sk01/f70829xm/code/nhm/nhm_scribe_repo/data_rds/02_raw_images/new250/new250_row0250_B_10_0002520.jpg|/mnt/iusers01/sk01/f70829xm/code/nhm/data_rds/02_raw_images/new250/new250_row0250_B_10_0002520.jpg|/mnt/iusers01/sk01/f70829xm/code/nhm/data_rds/02_raw_images/new_data/new250_row0250_B_10_0002520.jpg|/mnt/iusers01/sk01/f70829xm/code/nhm/data_rds/02_raw_images/main500/new250_row0250_B_10_0002520.jpg	http://dx.doi.org/10.5281/zenodo.1479040	https://zenodo.org/record/1479040/files/B 10 0002520.jpg	https://zenodo.org/record/1479040/files/B 10 0002520.json	http://herbarium.bgbm.org/object/B100002520
