dataset	specimen_id	has_deduped_box_audit	deduped_box_audit_rows	has_candidate_panels	candidate_panels_rows	has_auxiliary_barrier_panels	auxiliary_barrier_panels_rows	has_final_ocr_queue	final_ocr_queue_rows
main500	BM000075813	yes	220	yes	6	yes	1	yes	4
main500	BM000500117	yes	300	yes	3	yes	1	yes	2
main500	BM000501121	yes	300	yes	2	yes	1	yes	1
main500	BM000517025	yes	202	yes	6	yes	1	yes	5
main500	BM000521570	yes	254	yes	9	yes	3	yes	6
main500	BM000521755	yes	300	yes	12	yes	3	yes	9
main500	BM000521866	yes	223	yes	5	yes	1	yes	4
main500	BM000521903	yes	138	yes	4	yes	1	yes	3
main500	BM000522091	yes	189	yes	4	yes	1	yes	2
main500	BM000546829	yes	173	yes	5	yes	1	yes	4
main500	BM000547082	yes	177	yes	5	yes	1	yes	4
main500	BM000551636	yes	211	yes	5	yes	1	yes	3
main500	BM000561307	yes	192	yes	8	yes	1	yes	7
main500	BM000562804	yes	174	yes	7	yes	4	yes	3
main500	BM000574146	yes	272	yes	5	yes	1	yes	4
main500	BM000583717	yes	300	yes	4	yes	1	yes	3
main500	BM000625315	yes	256	yes	8	yes	1	yes	7
main500	BM000625345	yes	207	yes	6	yes	1	yes	5
main500	BM000625363	yes	191	yes	10	yes	3	yes	7
main500	BM000644348	yes	300	yes	9	yes	1	yes	7
main500	BM000648870	yes	294	yes	10	yes	4	yes	5
main500	BM000773782	yes	300	yes	7	yes	2	yes	5
main500	BM000782322	yes	203	yes	4	yes	1	yes	3
main500	BM000782325	yes	177	yes	5	yes	1	yes	4
main500	BM000796649	yes	223	yes	5	yes	1	yes	4
main500	BM000799936	yes	240	yes	4	yes	1	yes	3
main500	BM000810206	yes	300	yes	5	yes	1	yes	4
main500	BM000810980	yes	246	yes	6	yes	1	yes	5
main500	BM000815211	yes	147	yes	12	yes	6	yes	6
main500	BM000832670	yes	282	yes	5	yes	1	yes	4
main500	BM000842241	yes	300	yes	13	yes	4	yes	9
main500	BM000846256	yes	236	yes	9	yes	3	yes	5
main500	BM000846262	yes	244	yes	13	yes	4	yes	6
main500	BM000846292	yes	178	yes	10	yes	5	yes	5
main500	BM000846296	yes	259	yes	8	yes	3	yes	5
main500	BM000846303	yes	300	yes	13	yes	6	yes	7
main500	BM000846319	yes	248	yes	3	yes	1	yes	2
main500	BM000846329	yes	250	yes	5	yes	1	yes	4
main500	BM000846347	yes	228	yes	6	yes	1	yes	5
main500	BM000846363	yes	150	yes	3	yes	1	yes	2
main500	BM000846429	yes	198	yes	6	yes	1	yes	5
main500	BM000846717	yes	195	yes	8	yes	4	yes	4
main500	BM000846721	yes	174	yes	8	yes	3	yes	5
main500	BM000846722	yes	154	yes	6	yes	2	yes	4
main500	BM000846729	yes	273	yes	7	yes	4	yes	3
main500	BM000846739	yes	248	yes	5	yes	1	yes	4
main500	BM000846759	yes	195	yes	7	yes	2	yes	5
main500	BM000846821	yes	251	yes	6	yes	2	yes	3
main500	BM000846834	yes	190	yes	4	yes	1	yes	3
main500	BM000846844	yes	216	yes	6	yes	3	yes	3
main500	BM000846865	yes	243	yes	4	yes	1	yes	3
main500	BM000852784	yes	300	yes	5	yes	1	yes	4
main500	BM000877097	yes	300	yes	3	yes	1	yes	2
main500	BM000884432	yes	161	yes	7	yes	2	yes	5
main500	BM000900369	yes	221	yes	7	yes	3	yes	4
main500	BM000900373	yes	193	yes	4	yes	2	yes	2
main500	BM000900424	yes	268	yes	7	yes	3	yes	4
main500	BM000900482	yes	219	yes	5	yes	4	yes	1
main500	BM000900485	yes	265	yes	13	yes	7	yes	6
main500	BM000908904	yes	215	yes	8	yes	2	yes	6
main500	BM000909966	yes	256	yes	7	yes	2	yes	4
main500	BM000934746	yes	150	yes	6	yes	3	yes	3
main500	BM000934757	yes	181	yes	7	yes	4	yes	3
main500	BM000934758	yes	164	yes	6	yes	4	yes	2
main500	BM000934792	yes	219	yes	5	yes	2	yes	3
main500	BM000934857	yes	231	yes	10	yes	4	yes	6
main500	BM000936708	yes	208	yes	9	yes	3	yes	5
main500	BM000937599	yes	192	yes	6	yes	1	yes	5
main500	BM000939135	yes	227	yes	6	yes	2	yes	4
main500	BM000940953	yes	300	yes	10	yes	3	yes	7
main500	BM000942792	yes	223	yes	8	yes	4	yes	4
main500	BM000942847	yes	200	yes	4	yes	1	yes	3
main500	BM000942848	yes	216	yes	10	yes	4	yes	6
main500	BM000942905	yes	234	yes	8	yes	2	yes	6
main500	BM000942913	yes	196	yes	4	yes	1	yes	3
main500	BM000942914	yes	165	yes	5	yes	1	yes	4
main500	BM000942945	yes	214	yes	6	yes	2	yes	4
main500	BM000944600	yes	300	yes	8	yes	1	yes	7
main500	BM000945543	yes	257	yes	6	yes	1	yes	4
main500	BM000945885	yes	227	yes	4	yes	1	yes	3
main500	BM000951643	yes	259	yes	13	yes	1	yes	7
main500	BM000953729	yes	221	yes	7	yes	1	yes	6
main500	BM000954587	yes	300	yes	9	yes	1	yes	8
main500	BM000954657	yes	219	yes	8	yes	3	yes	5
main500	BM001003037	yes	191	yes	5	yes	1	yes	4
main500	BM001003960	yes	148	yes	5	yes	1	yes	4
main500	BM001022812	yes	300	yes	8	yes	2	yes	6
main500	BM001035803	yes	246	yes	10	yes	5	yes	5
main500	BM001036769	yes	194	yes	6	yes	1	yes	5
main500	BM001036771	yes	155	yes	5	yes	1	yes	4
main500	BM001037125	yes	208	yes	7	yes	1	yes	6
main500	BM001037513	yes	122	yes	7	yes	3	yes	4
main500	BM001037784	yes	193	yes	9	yes	4	yes	5
main500	BM001037869	yes	243	yes	7	yes	2	yes	5
main500	BM001057219	yes	103	yes	5	yes	2	yes	3
main500	BM001057259	yes	300	yes	4	yes	1	yes	3
main500	BM001057340	yes	180	yes	14	yes	4	yes	10
main500	BM001060251	yes	295	yes	7	yes	1	yes	6
main500	BM001066071	yes	168	yes	4	yes	1	yes	3
main500	BM001067654	yes	300	yes	2	yes	1	yes	1
main500	BM001067804	yes	213	yes	4	yes	1	yes	2
main500	BM001072191	yes	300	yes	3	yes	1	yes	2
main500	BM001074360	yes	166	yes	7	yes	2	yes	5
main500	BM001099759	yes	300	yes	5	yes	1	yes	3
main500	BM001110306	yes	180	yes	8	yes	2	yes	6
main500	BM001122162	yes	300	yes	4	yes	1	yes	3
main500	BM001128561	yes	238	yes	7	yes	1	yes	6
main500	BM001138898	yes	192	yes	7	yes	1	yes	6
main500	BM001191784	yes	186	yes	7	yes	1	yes	6
main500	BM001191785	yes	171	yes	7	yes	1	yes	6
main500	BM001202010	yes	237	yes	5	yes	2	yes	3
main500	BM001202065	yes	242	yes	6	yes	3	yes	3
main500	BM001202113	yes	278	yes	6	yes	2	yes	4
main500	BM001202160	yes	229	yes	4	yes	1	yes	2
main500	BM001202200	yes	177	yes	5	yes	1	yes	4
main500	BM001202229	yes	229	yes	5	yes	2	yes	3
main500	BM001202259	yes	255	yes	6	yes	3	yes	2
main500	BM001202270	yes	223	yes	7	yes	3	yes	4
main500	BM001202277	yes	180	yes	4	yes	2	yes	2
main500	BM001205291	yes	283	yes	4	yes	2	yes	2
main500	BM001205309	yes	247	yes	6	yes	1	yes	5
main500	BM001205321	yes	257	yes	6	yes	3	yes	3
main500	BM001205322	yes	214	yes	5	yes	1	yes	4
main500	BM001205323	yes	190	yes	6	yes	3	yes	3
main500	BM001205324	yes	228	yes	8	yes	5	yes	3
main500	BM001205332	yes	208	yes	7	yes	3	yes	4
main500	BM001205338	yes	152	yes	7	yes	3	yes	4
main500	BM001205340	yes	183	yes	8	yes	3	yes	5
main500	BM001205464	yes	217	yes	5	yes	1	yes	4
main500	BM001205466	yes	179	yes	8	yes	3	yes	5
main500	BM001205597	yes	152	yes	6	yes	3	yes	3
main500	BM001205601	yes	144	yes	3	yes	1	yes	2
main500	BM001205603	yes	186	yes	6	yes	2	yes	4
main500	BM001205608	yes	185	yes	6	yes	3	yes	3
main500	BM001205742	yes	178	yes	6	yes	2	yes	4
main500	BM001205824	yes	243	yes	7	yes	3	yes	4
main500	BM001205826	yes	146	yes	6	yes	3	yes	3
main500	BM001205902	yes	147	yes	7	yes	4	yes	3
main500	BM001205903	yes	258	yes	6	yes	2	yes	4
main500	BM001205904	yes	188	yes	5	yes	2	yes	3
main500	BM001206098	yes	300	yes	4	yes	2	yes	2
main500	BM001209655	yes	300	yes	7	yes	1	yes	6
main500	BR0000005158874	yes	300	yes	9	yes	5	yes	4
main500	BR0000005505173	yes	300	yes	4	yes	1	yes	3
main500	BR0000005639113	yes	300	yes	4	yes	1	yes	3
main500	BR0000005701353	yes	300	yes	8	yes	3	yes	5
main500	BR0000005859665	yes	300	yes	5	yes	2	yes	3
main500	BR0000006250690	yes	300	yes	18	yes	6	yes	11
main500	BR0000006490454	yes	300	yes	11	yes	3	yes	6
main500	BR0000006918378	yes	300	yes	9	yes	1	yes	8
main500	BR0000008245434	yes	300	yes	6	yes	2	yes	4
main500	BR0000008697363	yes	300	yes	7	yes	3	yes	3
main500	BR0000008719041	yes	300	yes	12	yes	5	yes	4
main500	BR0000008864185	yes	300	yes	12	yes	2	yes	9
main500	BR0000008967527	yes	300	yes	9	yes	1	yes	8
main500	BR0000009199590	yes	300	yes	10	yes	3	yes	6
main500	BR0000009519527	yes	300	yes	8	yes	4	yes	4
main500	BR0000012450015	yes	300	yes	8	yes	1	yes	7
main500	BR0000013218911	yes	300	yes	8	yes	4	yes	4
main500	BR0000013228224	yes	300	yes	10	yes	4	yes	5
main500	BR0000013234621	yes	300	yes	9	yes	4	yes	5
main500	BR0000013860288	yes	300	yes	10	yes	3	yes	6
main500	BR0000025565324V	yes	300	yes	13	yes	7	yes	6
main500	BR0000026128108V	yes	250	yes	11	yes	4	yes	7
main500	BR0000027573990V	yes	293	yes	8	yes	1	yes	7
main500	BR0000027579701V	yes	300	yes	11	yes	4	yes	7
main500	B_10_0002521	yes	300	yes	11	yes	6	yes	5
main500	B_10_0003448	yes	300	yes	9	yes	6	yes	3
main500	B_10_0003450	yes	233	yes	7	yes	3	yes	4
main500	B_10_0066610	yes	250	yes	11	yes	7	yes	4
main500	B_10_0089598	yes	188	yes	8	yes	5	yes	3
main500	B_10_0089768	yes	136	yes	8	yes	4	yes	4
main500	B_10_0184751	yes	192	yes	5	yes	2	yes	2
main500	B_10_0278606	yes	167	yes	9	yes	4	yes	5
main500	B_10_0327000	yes	226	yes	12	yes	6	yes	6
main500	B_10_0423785	yes	300	yes	4	yes	1	yes	3
main500	E00001162	yes	300	yes	9	yes	3	yes	6
main500	E00015443	yes	300	yes	8	yes	4	yes	4
main500	E00015458	yes	300	yes	7	yes	1	yes	5
main500	E00016304	yes	300	yes	10	yes	3	yes	7
main500	E00020889	yes	300	yes	8	yes	3	yes	4
main500	E00024667	yes	300	yes	8	yes	1	yes	6
main500	E00024823	yes	300	yes	11	yes	4	yes	5
main500	E00026748	yes	300	yes	7	yes	3	yes	4
main500	E00026850	yes	300	yes	6	yes	1	yes	5
main500	E00049052	yes	300	yes	22	yes	3	yes	19
main500	E00058993	yes	300	yes	13	yes	6	yes	7
main500	E00059670	yes	300	yes	5	yes	2	yes	3
main500	E00062538	yes	300	yes	18	yes	10	yes	8
main500	E00062569	yes	300	yes	18	yes	10	yes	8
main500	E00064130	yes	300	yes	7	yes	4	yes	3
main500	E00064237	yes	300	yes	4	yes	2	yes	2
main500	E00064383	yes	300	yes	7	yes	2	yes	5
main500	E00065413	yes	300	yes	11	yes	5	yes	6
main500	E00065427	yes	300	yes	8	yes	4	yes	3
main500	E00065926	yes	300	yes	13	yes	7	yes	5
main500	E00067488	yes	300	yes	17	yes	6	yes	11
main500	E00071177	yes	300	yes	10	yes	2	yes	8
main500	E00072327	yes	300	yes	4	yes	2	yes	2
main500	E00073048	yes	300	yes	7	yes	3	yes	4
main500	E00074392	yes	300	yes	6	yes	1	yes	5
main500	E00074915	yes	300	yes	8	yes	1	yes	5
main500	E00087190	yes	300	yes	6	yes	1	yes	5
main500	E00088095	yes	300	yes	9	yes	1	yes	7
main500	E00094197	yes	300	yes	9	yes	3	yes	6
main500	E00105239	yes	300	yes	6	yes	3	yes	3
main500	E00112411	yes	300	yes	6	yes	3	yes	3
main500	E00113189	yes	300	yes	4	yes	2	yes	2
main500	E00117381	yes	300	yes	5	yes	1	yes	4
main500	E00117382	yes	300	yes	8	yes	3	yes	4
main500	E00120460	yes	300	yes	9	yes	1	yes	2
main500	E00127288	yes	300	yes	7	yes	1	yes	6
main500	E00128162	yes	300	yes	11	yes	3	yes	8
main500	E00134418	yes	300	yes	6	yes	1	yes	5
main500	E00134537	yes	300	yes	4	yes	2	yes	2
main500	E00137807	yes	300	yes	12	yes	7	yes	5
main500	E00141058	yes	300	yes	7	yes	2	yes	5
main500	E00146845	yes	269	yes	9	yes	3	yes	6
main500	E00147435	yes	300	yes	31	yes	12	yes	18
main500	E00147544	yes	300	yes	11	yes	1	yes	8
main500	E00167973	yes	300	yes	5	yes	3	yes	2
main500	E00177150	yes	300	yes	14	yes	8	yes	6
main500	E00184113	yes	300	yes	7	yes	1	yes	6
main500	E00189317	yes	300	yes	4	yes	1	yes	3
main500	E00190030	yes	300	yes	6	yes	3	yes	3
main500	E00193585	yes	300	yes	9	yes	3	yes	6
main500	E00193598	yes	300	yes	13	yes	5	yes	6
main500	E00196233	yes	300	yes	11	yes	3	yes	8
main500	E00202326	yes	300	yes	6	yes	2	yes	4
main500	E00205205	yes	300	yes	15	yes	4	yes	8
main500	E00205836	yes	300	yes	14	yes	4	yes	10
main500	E00208446	yes	300	yes	7	yes	3	yes	4
main500	E00209175	yes	300	yes	6	yes	3	yes	2
main500	E00209332	yes	300	yes	8	yes	1	yes	7
main500	E00211120	yes	300	yes	9	yes	4	yes	5
main500	E00214999	yes	300	yes	7	yes	3	yes	4
main500	E00216887	yes	300	yes	15	yes	5	yes	10
main500	E00228295	yes	300	yes	6	yes	2	yes	4
main500	E00236008	yes	300	yes	16	yes	8	yes	5
main500	E00239279	yes	300	yes	18	yes	8	yes	10
main500	E00246564	yes	300	yes	11	yes	5	yes	6
main500	E00247341	yes	300	yes	12	yes	6	yes	3
main500	E00260931	yes	300	yes	13	yes	6	yes	6
main500	E00263609	yes	300	yes	4	yes	2	yes	2
main500	E00268379	yes	300	yes	10	yes	5	yes	4
main500	E00279745	yes	300	yes	3	yes	1	yes	2
main500	E00284633	yes	294	yes	7	yes	1	yes	6
main500	E00286028	yes	300	yes	8	yes	1	yes	4
main500	E00287662	yes	300	yes	11	yes	1	yes	8
main500	E00289691	yes	300	yes	7	yes	2	yes	4
main500	E00296987	yes	300	yes	11	yes	6	yes	5
main500	E00298588	yes	300	yes	9	yes	2	yes	6
main500	E00317162	yes	300	yes	12	yes	1	yes	11
main500	E00327741	yes	300	yes	6	yes	1	yes	5
main500	E00327881	yes	300	yes	11	yes	3	yes	7
main500	E00346112	yes	300	yes	14	yes	7	yes	7
main500	E00346124	yes	300	yes	15	yes	5	yes	8
main500	E00386254	yes	300	yes	10	yes	5	yes	5
main500	E00390104	yes	300	yes	5	yes	1	yes	4
main500	E00392893	yes	300	yes	12	yes	5	yes	6
main500	E00393090	yes	300	yes	9	yes	4	yes	4
main500	E00413597	yes	300	yes	14	yes	7	yes	6
main500	E00414415	yes	300	yes	4	yes	2	yes	2
main500	E00414426	yes	300	yes	10	yes	3	yes	7
main500	E00423191	yes	300	yes	4	yes	1	yes	3
main500	E00423198	yes	300	yes	7	yes	1	yes	6
main500	E00423216	yes	300	yes	5	yes	1	yes	4
main500	E00423534	yes	300	yes	4	yes	2	yes	2
main500	E00424650	yes	300	yes	8	yes	1	yes	7
main500	E00431314	yes	300	yes	13	yes	8	yes	5
main500	E00431342	yes	300	yes	10	yes	2	yes	7
main500	E00432481	yes	228	yes	7	yes	1	yes	6
main500	E00433664	yes	300	yes	4	yes	1	yes	3
main500	E00438256	yes	300	yes	5	yes	1	yes	4
main500	E00455012	yes	300	yes	4	yes	1	yes	3
main500	E00456297	yes	300	yes	7	yes	2	yes	5
main500	E00465106	yes	300	yes	6	yes	1	yes	5
main500	E00486318	yes	300	yes	5	yes	1	yes	4
main500	E00502324	yes	300	yes	12	yes	5	yes	6
main500	E00531143	yes	300	yes	5	yes	1	yes	4
main500	E00531689	yes	300	yes	11	yes	2	yes	9
main500	E00570050	yes	300	yes	7	yes	3	yes	4
main500	E00625536	yes	300	yes	4	yes	2	yes	2
main500	E00629555	yes	300	yes	12	yes	6	yes	6
main500	E00629584	yes	300	yes	10	yes	5	yes	3
main500	E00634304	yes	300	yes	22	yes	5	yes	17
main500	E00639834	yes	300	yes	8	yes	2	yes	6
main500	E00639946	yes	300	yes	7	yes	2	yes	5
main500	E00643266	yes	300	yes	9	yes	5	yes	4
main500	E00652940	yes	300	yes	8	yes	5	yes	3
main500	E00657373	yes	300	yes	8	yes	4	yes	4
main500	E00659505	yes	300	yes	12	yes	1	yes	11
main500	E00662560	yes	300	yes	6	yes	2	yes	4
main500	E00662570	yes	300	yes	3	yes	1	yes	2
main500	E00668525	yes	300	yes	6	yes	2	yes	3
main500	E00668953	yes	300	yes	8	yes	4	yes	4
main500	E00668974	yes	300	yes	7	yes	2	yes	5
main500	E00669014	yes	300	yes	9	yes	4	yes	5
main500	E00675821	yes	300	yes	5	yes	2	yes	3
main500	E00679622	yes	300	yes	11	yes	6	yes	5
main500	E00693571	yes	300	yes	6	yes	2	yes	4
main500	E00696312	yes	300	yes	4	yes	1	yes	3
main500	E00696463	yes	300	yes	10	yes	1	yes	8
main500	E00703514	yes	300	yes	9	yes	1	yes	7
main500	E00704451	yes	300	yes	16	yes	10	yes	6
main500	E00704498	yes	300	yes	10	yes	1	yes	9
main500	E00713634	yes	300	yes	11	yes	1	yes	9
main500	E00713766	yes	300	yes	7	yes	1	yes	6
main500	E00713940	yes	300	yes	7	yes	4	yes	3
main500	E00714013	yes	300	yes	6	yes	1	yes	4
main500	E00718160	yes	300	yes	6	yes	1	yes	5
main500	E00718331	yes	300	yes	6	yes	1	yes	5
main500	E00720347	yes	300	yes	8	yes	1	yes	7
main500	E00731318	yes	300	yes	16	yes	1	yes	12
main500	E00734277	yes	300	yes	5	yes	2	yes	3
main500	E00734317	yes	300	yes	5	yes	1	yes	4
main500	E00734929	yes	300	yes	7	yes	1	yes	5
main500	E00746890	yes	300	yes	13	yes	2	yes	11
main500	E00749031	yes	300	yes	10	yes	6	yes	4
main500	E00759729	yes	300	yes	7	yes	1	yes	5
main500	E00771555	yes	300	yes	6	yes	2	yes	4
main500	E00771642	yes	300	yes	8	yes	2	yes	6
main500	K000013094	yes	300	yes	13	yes	7	yes	6
main500	K000018358	yes	300	yes	8	yes	1	yes	6
main500	K000025814	yes	300	yes	11	yes	6	yes	5
main500	K000049450	yes	300	yes	10	yes	5	yes	5
main500	K000056711	yes	300	yes	13	yes	7	yes	5
main500	K000099015	yes	300	yes	7	yes	1	yes	6
main500	K000189553	yes	300	yes	7	yes	1	yes	6
main500	K000199360	yes	300	yes	22	yes	7	yes	13
main500	K000203580	yes	300	yes	7	yes	1	yes	6
main500	K000207860	yes	300	yes	5	yes	1	yes	4
main500	K000232911	yes	300	yes	19	yes	9	yes	10
main500	K000237156	yes	300	yes	10	yes	3	yes	7
main500	K000242782	yes	300	yes	14	yes	2	yes	11
main500	K000252298	yes	300	yes	6	yes	1	yes	5
main500	K000256371	yes	300	yes	14	yes	7	yes	7
main500	K000263710	yes	300	yes	9	yes	1	yes	8
main500	K000264066	yes	300	yes	19	yes	11	yes	8
main500	K000290665	yes	300	yes	14	yes	4	yes	10
main500	K000290816	yes	272	yes	7	yes	1	yes	6
main500	K000321250	yes	300	yes	12	yes	2	yes	10
main500	K000345684	yes	297	yes	10	yes	3	yes	7
main500	K000363593	yes	300	yes	11	yes	2	yes	8
main500	K000406288	yes	300	yes	15	yes	4	yes	11
main500	K000414594	yes	300	yes	13	yes	5	yes	8
main500	K000432519	yes	300	yes	11	yes	2	yes	6
main500	K000433199	yes	300	yes	14	yes	9	yes	5
main500	K000470252	yes	300	yes	10	yes	5	yes	5
main500	K000528885	yes	300	yes	4	yes	1	yes	3
main500	K000536956	yes	300	yes	16	yes	6	yes	9
main500	K000543516	yes	300	yes	16	yes	5	yes	11
main500	K000555694	yes	300	yes	8	yes	3	yes	5
main500	K000587145	yes	300	yes	11	yes	3	yes	8
main500	K000640239	yes	300	yes	8	yes	4	yes	3
main500	K000644766	yes	300	yes	10	yes	5	yes	5
main500	K000653715	yes	300	yes	9	yes	5	yes	3
main500	K000671318	yes	300	yes	10	yes	3	yes	7
main500	K000692868	yes	300	yes	10	yes	5	yes	5
main500	K000761994	yes	300	yes	7	yes	1	yes	6
main500	K000763522	yes	300	yes	13	yes	7	yes	5
main500	K000772682	yes	271	yes	6	yes	3	yes	3
main500	K000773064	yes	300	yes	7	yes	3	yes	4
main500	K000773108	yes	203	yes	3	yes	1	yes	2
main500	K000773177	yes	300	yes	8	yes	2	yes	5
main500	K000773231	yes	241	yes	5	yes	2	yes	3
main500	K000773252	yes	300	yes	12	yes	5	yes	7
main500	K000773283	yes	300	yes	8	yes	1	yes	7
main500	K000773624	yes	300	yes	6	yes	2	yes	4
main500	K000773906	yes	235	yes	6	yes	3	yes	3
main500	K000790059	yes	198	yes	4	yes	1	yes	3
main500	K000790215	yes	219	yes	6	yes	3	yes	3
main500	K000790247	yes	300	yes	6	yes	3	yes	3
main500	K000790557	yes	300	yes	10	yes	1	yes	8
main500	K000790598	yes	262	yes	6	yes	2	yes	4
main500	K000790780	yes	300	yes	10	yes	2	yes	8
main500	K000790887	yes	300	yes	10	yes	3	yes	7
main500	K000802968	yes	300	yes	10	yes	5	yes	5
main500	K000807303	yes	300	yes	6	yes	1	yes	4
main500	K000811192	yes	250	yes	8	yes	1	yes	5
main500	K000821274	yes	300	yes	4	yes	1	yes	3
main500	K000821741	yes	300	yes	10	yes	5	yes	5
main500	K000828739	yes	300	yes	8	yes	4	yes	4
main500	K000830619	yes	300	yes	8	yes	2	yes	6
main500	K000833124	yes	300	yes	11	yes	6	yes	5
main500	K000837269	yes	300	yes	7	yes	2	yes	5
main500	K000839121	yes	300	yes	12	yes	6	yes	6
main500	K000841990	yes	300	yes	11	yes	4	yes	7
main500	K000858636	yes	300	yes	8	yes	2	yes	6
main500	K000879910	yes	300	yes	7	yes	2	yes	5
main500	K000900500	yes	300	yes	12	yes	3	yes	9
main500	K000908169	yes	300	yes	7	yes	2	yes	4
main500	K000912136	yes	300	yes	6	yes	1	yes	5
main500	K000912223	yes	300	yes	10	yes	4	yes	6
main500	K000913925	yes	300	yes	7	yes	2	yes	5
main500	K000914088	yes	291	yes	10	yes	5	yes	5
main500	K000914104	yes	300	yes	7	yes	3	yes	4
main500	K000914107	yes	300	yes	11	yes	2	yes	9
main500	K000914131	yes	300	yes	5	yes	2	yes	3
main500	K000914187	yes	300	yes	9	yes	4	yes	5
main500	K000914207	yes	240	yes	7	yes	3	yes	4
main500	K000914223	yes	300	yes	8	yes	4	yes	4
main500	K000914238	yes	300	yes	4	yes	1	yes	3
main500	K000914264	yes	300	yes	9	yes	3	yes	6
main500	K000914265	yes	300	yes	12	yes	6	yes	6
main500	K000914310	yes	270	yes	7	yes	4	yes	3
main500	K000914327	yes	296	yes	5	yes	1	yes	4
main500	K000914396	yes	300	yes	5	yes	1	yes	4
main500	K000914401	yes	300	yes	8	yes	3	yes	5
main500	K000914449	yes	300	yes	7	yes	2	yes	5
main500	K000914505	yes	300	yes	8	yes	5	yes	2
main500	K000914517	yes	276	yes	7	yes	3	yes	4
main500	K000914550	yes	300	yes	9	yes	5	yes	4
main500	K000914636	yes	300	yes	4	yes	1	yes	3
main500	K000930539	yes	300	yes	10	yes	5	yes	5
main500	K000931764	yes	300	yes	5	yes	1	yes	4
main500	K000965982	yes	300	yes	10	yes	2	yes	7
main500	K000996455	yes	300	yes	15	yes	7	yes	8
main500	K001031711	yes	300	yes	6	yes	3	yes	3
main500	K001044911	yes	300	yes	12	yes	6	yes	6
main500	K001049375	yes	300	yes	14	yes	6	yes	8
main500	K001054528	yes	300	yes	5	yes	1	yes	4
main500	K001071525	yes	300	yes	14	yes	7	yes	7
main500	K001075217	yes	300	yes	7	yes	3	yes	4
main500	K001102490	yes	300	yes	4	yes	1	yes	3
main500	K001106018	yes	300	yes	7	yes	2	yes	5
main500	K001135546	yes	300	yes	7	yes	3	yes	2
main500	K001139700	yes	300	yes	5	yes	1	yes	2
main500	K001145702	yes	300	yes	9	yes	1	yes	8
main500	K001150913	yes	293	yes	4	yes	2	yes	2
main500	K001151015	yes	300	yes	4	yes	2	yes	2
main500	K001168566	yes	300	yes	6	yes	2	yes	4
main500	K001169172	yes	292	yes	5	yes	1	yes	4
main500	K001169205	yes	274	yes	5	yes	1	yes	4
main500	K001169206	yes	300	yes	3	yes	1	yes	2
main500	K001171041	yes	281	yes	3	yes	1	yes	2
main500	K001171093	yes	241	yes	6	yes	2	yes	4
main500	K001203456	yes	300	yes	6	yes	2	yes	4
main500	K001209032	yes	300	yes	12	yes	6	yes	6
main500	L.1188986	yes	300	yes	6	yes	1	yes	5
main500	L.1339282	yes	300	yes	4	yes	1	yes	3
main500	L.1374725	yes	293	yes	5	yes	1	yes	4
main500	L.1408236	yes	300	yes	6	yes	1	yes	5
main500	L.1421587	yes	300	yes	12	yes	2	yes	7
main500	L.1490251	yes	300	yes	17	yes	2	yes	13
main500	L.1499291	yes	296	yes	9	yes	1	yes	8
main500	L.1535692	yes	300	yes	6	yes	2	yes	4
main500	L.1616068	yes	300	yes	10	yes	2	yes	8
main500	L.1620333	yes	300	yes	10	yes	2	yes	6
main500	L.1751618	yes	300	yes	11	yes	5	yes	6
main500	L.1785984	yes	300	yes	8	yes	1	yes	7
main500	L.1794692	yes	300	yes	6	yes	2	yes	4
main500	L.1805114	yes	300	yes	11	yes	5	yes	6
main500	L.1933299	yes	300	yes	8	yes	1	yes	7
main500	L.1934962	yes	300	yes	12	yes	4	yes	7
main500	L.1966079	yes	300	yes	6	yes	1	yes	5
main500	L.2053996	yes	300	yes	5	yes	1	yes	4
main500	L.2074028	yes	151	yes	5	yes	1	yes	4
main500	L.2074347	yes	200	yes	6	yes	1	yes	5
main500	L.2109497	yes	300	yes	8	yes	1	yes	6
main500	L.2116756	yes	300	yes	12	yes	2	yes	8
main500	L.2153797	yes	300	yes	8	yes	2	yes	5
main500	L.2168354	yes	300	yes	10	yes	2	yes	6
main500	L.2180891	yes	300	yes	13	yes	4	yes	8
main500	L.2258736	yes	300	yes	5	yes	1	yes	4
main500	L.2259981	yes	300	yes	9	yes	2	yes	6
main500	L.2291420	yes	300	yes	12	yes	3	yes	9
main500	L.2489324	yes	300	yes	10	yes	2	yes	8
main500	L.2509958	yes	300	yes	7	yes	1	yes	6
main500	L.2571799	yes	300	yes	11	yes	1	yes	8
main500	L.2592773	yes	300	yes	10	yes	5	yes	4
main500	L.2608838	yes	300	yes	9	yes	1	yes	8
main500	L.2711900	yes	300	yes	10	yes	3	yes	6
main500	L.2729386	yes	300	yes	8	yes	2	yes	6
main500	L.3474871	yes	290	yes	9	yes	1	yes	7
main500	L.3499241	yes	265	yes	10	yes	5	yes	4
main500	L.3548739	yes	300	yes	13	yes	3	yes	9
main500	L.3575783	yes	300	yes	6	yes	1	yes	5
main500	L.3602388	yes	244	yes	7	yes	1	yes	5
main500	L.3607362	yes	300	yes	9	yes	3	yes	4
main500	L.3646056	yes	300	yes	7	yes	2	yes	3
main500	L.3727830	yes	221	yes	3	yes	1	yes	2
main500	L.3919948	yes	228	yes	7	yes	1	yes	4
main500	L.3973960	yes	245	yes	10	yes	5	yes	3
main500	L_0016431	yes	300	yes	11	yes	4	yes	6
main500	L_0044156	yes	300	yes	14	yes	6	yes	7
main500	L_0491067	yes	300	yes	10	yes	4	yes	6
main500	P00451097	yes	300	yes	7	yes	1	yes	6
main500	P00642147	yes	300	yes	7	yes	2	yes	5
main500	P00643727	yes	300	yes	7	yes	2	yes	5
main500	P00713047	yes	300	yes	9	yes	2	yes	6
main500	P02140487	yes	289	yes	8	yes	1	yes	7
main500	P04770487	yes	211	yes	7	yes	1	yes	6
main500	U_0004420	yes	300	yes	11	yes	3	yes	8
main500	U_0006147	yes	263	yes	5	yes	2	yes	3
main500	WAG.1241218	yes	195	yes	3	yes	1	yes	2
main500	WAG.1522881	yes	279	yes	5	yes	1	yes	2
main500	WAG.1824880	yes	222	yes	8	yes	1	yes	6
main500	WAG0003334	yes	300	yes	6	yes	2	yes	3
main500	WAG0204647	yes	300	yes	11	yes	3	yes	8
new250	BM000637970	yes	300	yes	10	yes	1	yes	9
new250	BM000798777	yes	187	yes	7	yes	1	yes	6
new250	BM000804813	yes	218	yes	9	yes	4	yes	5
new250	BM000846361	yes	240	yes	3	yes	1	yes	2
new250	BM000846372	yes	300	yes	13	yes	4	yes	9
new250	BM000846411	yes	168	yes	5	yes	2	yes	3
new250	BM000846738	yes	207	yes	6	yes	1	yes	5
new250	BM000846785	yes	131	yes	8	yes	2	yes	6
new250	BM000846813	yes	294	yes	7	yes	2	yes	5
new250	BM000903857	yes	186	yes	8	yes	2	yes	6
new250	BM000906257	yes	273	yes	5	yes	1	yes	4
new250	BM000934779	yes	273	yes	9	yes	5	yes	4
new250	BM000937184	yes	116	yes	5	yes	2	yes	3
new250	BM000974050	yes	300	yes	7	yes	1	yes	6
new250	BM000974225	yes	300	yes	5	yes	1	yes	4
new250	BM000990388	yes	285	yes	6	yes	1	yes	5
new250	BM001039578	yes	300	yes	10	yes	1	yes	8
new250	BM001039580	yes	210	yes	5	yes	1	yes	4
new250	BM001044551	yes	252	yes	8	yes	1	yes	7
new250	BM001067777	yes	297	yes	4	yes	1	yes	3
new250	BM001082057	yes	300	yes	8	yes	1	yes	7
new250	BM001202191	yes	149	yes	7	yes	3	yes	4
new250	BM001205312	yes	223	yes	5	yes	2	yes	3
new250	BM001205313	yes	252	yes	5	yes	2	yes	3
new250	BM001206103	yes	211	yes	5	yes	2	yes	3
new250	BR0000005619498	yes	300	yes	4	yes	2	yes	2
new250	BR0000005619801	yes	300	yes	4	yes	2	yes	2
new250	BR0000005785315	yes	300	yes	4	yes	1	yes	3
new250	BR0000005859337	yes	300	yes	5	yes	2	yes	3
new250	BR0000005859351	yes	300	yes	6	yes	4	yes	2
new250	BR0000005906826	yes	300	yes	9	yes	4	yes	3
new250	BR0000005907694	yes	300	yes	9	yes	4	yes	5
new250	BR0000013091514	yes	300	yes	6	yes	2	yes	4
new250	BR0000013091521	yes	300	yes	7	yes	2	yes	5
new250	BR0000013472849	yes	300	yes	11	yes	2	yes	9
new250	BR0000013475154	yes	292	yes	8	yes	3	yes	5
new250	BR0000025289732	yes	300	yes	11	yes	1	yes	10
new250	BR0000025565478V	yes	300	yes	7	yes	4	yes	3
new250	BR0000025759242V	yes	300	yes	5	yes	3	yes	2
new250	B_10_0002520	yes	193	yes	7	yes	3	yes	4
new250	B_10_0002884	yes	292	yes	6	yes	4	yes	2
new250	B_10_0003200	yes	300	yes	12	yes	5	yes	5
new250	B_10_0003463	yes	298	yes	8	yes	1	yes	7
new250	B_10_0003483	yes	300	yes	7	yes	1	yes	6
new250	B_10_0003484	yes	300	yes	10	yes	1	yes	9
new250	B_10_0003487	yes	300	yes	10	yes	4	yes	6
new250	B_10_0005500	yes	224	yes	13	yes	6	yes	6
new250	B_10_0030420	yes	300	yes	15	yes	7	yes	7
new250	B_10_0046042	yes	246	yes	8	yes	4	yes	4
new250	B_10_0049579	yes	284	yes	2	yes	1	yes	1
new250	B_10_0069251	yes	300	yes	10	yes	4	yes	6
new250	B_10_0086706	yes	244	yes	9	yes	6	yes	3
new250	B_10_0088191	yes	300	yes	10	yes	5	yes	5
new250	B_10_0089444	yes	159	yes	9	yes	3	yes	6
new250	B_10_0114359	yes	282	yes	6	yes	3	yes	3
new250	B_10_0127220	yes	217	yes	6	yes	2	yes	4
new250	B_10_0157339	yes	203	yes	10	yes	5	yes	5
new250	B_10_0172760	yes	283	yes	5	yes	2	yes	3
new250	B_10_0172762	yes	232	yes	5	yes	1	yes	4
new250	B_10_0172769	yes	206	yes	8	yes	4	yes	4
new250	B_10_0172773	yes	137	yes	10	yes	4	yes	6
new250	B_10_0176994	yes	177	yes	7	yes	4	yes	2
new250	B_10_0177791	yes	234	yes	4	yes	2	yes	2
new250	B_10_0185596	yes	229	yes	6	yes	3	yes	3
new250	B_10_0190385	yes	300	yes	5	yes	2	yes	3
new250	B_10_0190397	yes	237	yes	4	yes	1	yes	3
new250	B_10_0190476	yes	289	yes	6	yes	1	yes	5
new250	B_10_0190534	yes	230	yes	6	yes	3	yes	3
new250	B_10_0209435	yes	300	yes	12	yes	5	yes	7
new250	B_10_0217760	yes	284	yes	2	yes	1	yes	1
new250	B_10_0218488	yes	210	yes	7	yes	3	yes	4
new250	B_10_0220914	yes	300	yes	7	yes	2	yes	5
new250	B_10_0241279	yes	300	yes	15	yes	4	yes	9
new250	B_10_0241565	yes	300	yes	18	yes	5	yes	13
new250	B_10_0242276	yes	300	yes	13	yes	1	yes	12
new250	B_10_0249671	yes	300	yes	14	yes	7	yes	7
new250	B_10_0260193	yes	300	yes	11	yes	6	yes	5
new250	B_10_0263614	yes	228	yes	6	yes	3	yes	3
new250	B_10_0271999	yes	300	yes	8	yes	2	yes	6
new250	B_10_0277122	yes	300	yes	19	yes	10	yes	9
new250	B_10_0278843	yes	286	yes	6	yes	4	yes	2
new250	B_10_0279821	yes	300	yes	10	yes	1	yes	9
new250	B_10_0293085	yes	300	yes	9	yes	2	yes	7
new250	B_10_0326671	yes	300	yes	12	yes	7	yes	5
new250	B_10_0355192	yes	300	yes	8	yes	3	yes	4
new250	B_10_0355271	yes	208	yes	7	yes	3	yes	4
new250	B_10_0367296	yes	300	yes	11	yes	3	yes	7
new250	B_10_0460005	yes	300	yes	11	yes	6	yes	5
new250	B_10_0460007	yes	270	yes	7	yes	2	yes	5
new250	B_10_0517303	yes	267	yes	17	yes	10	yes	5
new250	B_10_1001999	yes	159	yes	9	yes	2	yes	7
new250	E00024129	yes	300	yes	4	yes	1	yes	3
new250	E00144488	yes	300	yes	12	yes	8	yes	4
new250	E00149946	yes	300	yes	14	yes	7	yes	6
new250	E00209246	yes	300	yes	8	yes	5	yes	3
new250	E00315011	yes	300	yes	9	yes	2	yes	4
new250	E00389799	yes	300	yes	13	yes	4	yes	9
new250	E00502283	yes	300	yes	19	yes	9	yes	8
new250	E00633117	yes	300	yes	7	yes	1	yes	6
new250	E00633154	yes	300	yes	6	yes	1	yes	5
new250	E00633212	yes	300	yes	10	yes	5	yes	5
new250	E00633257	yes	300	yes	7	yes	3	yes	4
new250	E00693937	yes	300	yes	43	yes	26	yes	13
new250	E00702463	yes	300	yes	12	yes	2	yes	10
new250	E00762441	yes	300	yes	26	yes	6	yes	20
new250	E00792879	yes	300	yes	7	yes	1	yes	5
new250	EIG.1060	yes	300	yes	7	yes	1	yes	6
new250	EIG.1068	yes	300	yes	6	yes	2	yes	4
new250	EIG.1074	yes	300	yes	6	yes	2	yes	4
new250	EIG.1261	yes	300	yes	9	yes	1	yes	8
new250	EIG.1262	yes	299	yes	6	yes	2	yes	4
new250	EIG.1314	yes	300	yes	8	yes	3	yes	5
new250	EIG.1345	yes	300	yes	7	yes	1	yes	6
new250	EIG.1346	yes	300	yes	5	yes	2	yes	3
new250	EIG.1349	yes	300	yes	4	yes	1	yes	2
new250	EIG.1441	yes	300	yes	12	yes	1	yes	11
new250	EIG.1442	yes	300	yes	8	yes	1	yes	7
new250	EIG.1513	yes	300	yes	11	yes	3	yes	8
new250	EIG.1524	yes	285	yes	7	yes	4	yes	3
new250	EIG.1561	yes	300	yes	9	yes	1	yes	8
new250	EIG.1651	yes	300	yes	10	yes	1	yes	9
new250	EIG.2190	yes	300	yes	11	yes	1	yes	10
new250	EIG.2377	yes	300	yes	10	yes	3	yes	7
new250	EIG.2379	yes	300	yes	11	yes	2	yes	8
new250	EIG.2381	yes	300	yes	7	yes	4	yes	3
new250	EIG.2382	yes	300	yes	6	yes	1	yes	5
new250	EIG.2751	yes	300	yes	5	yes	1	yes	2
new250	EIG.2770	yes	246	yes	4	yes	1	yes	3
new250	EIG.2840	yes	300	yes	7	yes	1	yes	6
new250	EIG.3022	yes	300	yes	7	yes	1	yes	6
new250	EIG.3579	yes	300	yes	8	yes	4	yes	4
new250	EIG.381	yes	300	yes	10	yes	2	yes	8
new250	EIG.434	yes	300	yes	5	yes	1	yes	4
new250	EIG.435	yes	300	yes	10	yes	2	yes	8
new250	EIG.436	yes	300	yes	7	yes	2	yes	5
new250	EIG.437	yes	300	yes	7	yes	2	yes	4
new250	EIG.438	yes	300	yes	10	yes	1	yes	9
new250	EIG.439	yes	300	yes	7	yes	1	yes	5
new250	EIG.4866	yes	300	yes	10	yes	1	yes	9
new250	EIG.5251	yes	300	yes	7	yes	1	yes	6
new250	EIG.5460	yes	274	yes	9	yes	3	yes	6
new250	EIG.5686	yes	260	yes	8	yes	1	yes	7
new250	EIG.592	yes	300	yes	6	yes	2	yes	4
new250	EIG.594	yes	300	yes	7	yes	1	yes	6
new250	EIG.595	yes	299	yes	12	yes	1	yes	11
new250	EIG.6494	yes	300	yes	3	yes	1	yes	2
new250	EIG.6727	yes	209	yes	7	yes	1	yes	6
new250	EIG.6734	yes	300	yes	6	yes	1	yes	5
new250	EIG.6741	yes	300	yes	9	yes	1	yes	8
new250	EIG.6742	yes	300	yes	6	yes	1	yes	4
new250	EIG.6743	yes	230	yes	9	yes	1	yes	7
new250	EIG.6759	yes	300	yes	9	yes	1	yes	8
new250	EIG.6762	yes	300	yes	10	yes	3	yes	7
new250	EIG.6763	yes	300	yes	9	yes	2	yes	7
new250	EIG.6930	yes	300	yes	9	yes	2	yes	6
new250	EIG.6951	yes	300	yes	8	yes	1	yes	7
new250	EIG.7034	yes	300	yes	7	yes	1	yes	6
new250	EIG.7053	yes	300	yes	6	yes	2	yes	4
new250	EIG.7060	yes	300	yes	8	yes	1	yes	6
new250	EIG.7061	yes	300	yes	6	yes	1	yes	5
new250	EIG.7145	yes	300	yes	9	yes	2	yes	7
new250	EIG.7147	yes	300	yes	7	yes	2	yes	5
new250	EIG.7151	yes	300	yes	10	yes	5	yes	5
new250	EIG.7155	yes	300	yes	6	yes	2	yes	4
new250	EIG.7234	yes	300	yes	5	yes	1	yes	4
new250	EIG.7240	yes	300	yes	10	yes	3	yes	6
new250	EIG.7281	yes	300	yes	7	yes	1	yes	6
new250	EIG.7294	yes	300	yes	5	yes	1	yes	3
new250	EIG.7313	yes	300	yes	7	yes	3	yes	4
new250	EIG.7443	yes	300	yes	6	yes	2	yes	4
new250	EIG.7494	yes	300	yes	8	yes	3	yes	5
new250	EIG.7613	yes	300	yes	6	yes	1	yes	5
new250	EIG.7743	yes	300	yes	5	yes	1	yes	4
new250	EIG.7788	yes	300	yes	5	yes	2	yes	2
new250	EIG.7879	yes	300	yes	12	yes	1	yes	11
new250	EIG.8123	yes	300	yes	11	yes	4	yes	7
new250	EIG.8145	yes	300	yes	13	yes	3	yes	10
new250	EIG.8147	yes	300	yes	8	yes	3	yes	5
new250	EIG.8322	yes	300	yes	4	yes	1	yes	3
new250	H.1027349	yes	300	yes	14	yes	2	yes	12
new250	H.1027364	yes	300	yes	6	yes	1	yes	5
new250	H.1034530	yes	294	yes	11	yes	3	yes	8
new250	H.1056221	yes	300	yes	11	yes	2	yes	9
new250	H.1056223	yes	300	yes	7	yes	3	yes	4
new250	H.1056231	yes	300	yes	14	yes	2	yes	11
new250	H.1069760	yes	300	yes	4	yes	1	yes	3
new250	H.1073986	yes	300	yes	9	yes	2	yes	6
new250	H.1080029	yes	300	yes	8	yes	1	yes	7
new250	H.1080032	yes	300	yes	8	yes	1	yes	7
new250	H.1080054	yes	299	yes	14	yes	4	yes	10
new250	H.1080985	yes	300	yes	5	yes	3	yes	2
new250	H.1084145	yes	299	yes	5	yes	1	yes	4
new250	H.1091939	yes	299	yes	7	yes	1	yes	6
new250	H.1099710	yes	300	yes	11	yes	2	yes	9
new250	H.1099712	yes	300	yes	17	yes	5	yes	12
new250	H.1099713	yes	300	yes	6	yes	1	yes	5
new250	H.1104467	yes	253	yes	5	yes	1	yes	4
new250	H.1108800	yes	300	yes	12	yes	3	yes	9
new250	H.1108834	yes	300	yes	8	yes	3	yes	5
new250	HA.H1613656	yes	300	yes	7	yes	2	yes	5
new250	HA.H1701393	yes	300	yes	9	yes	4	yes	5
new250	HA.H3016850	yes	300	yes	4	yes	1	yes	3
new250	HA.H3300061	yes	300	yes	8	yes	2	yes	5
new250	HA.H9500048	yes	300	yes	4	yes	2	yes	2
new250	HA.H9502487	yes	300	yes	4	yes	1	yes	3
new250	HA.H9503354	yes	300	yes	4	yes	1	yes	3
new250	HA.H9503468	yes	300	yes	15	yes	2	yes	13
new250	HA.H9503747	yes	300	yes	6	yes	1	yes	5
new250	HA.H9503781	yes	300	yes	6	yes	1	yes	5
new250	HA.H9504020	yes	300	yes	7	yes	1	yes	6
new250	K000095866	yes	300	yes	14	yes	2	yes	11
new250	K000096032	yes	300	yes	9	yes	3	yes	6
new250	K000487165	yes	300	yes	10	yes	2	yes	7
new250	K000533059	yes	300	yes	8	yes	3	yes	5
new250	K000807066	yes	300	yes	4	yes	1	yes	2
new250	K000864487	yes	180	yes	7	yes	3	yes	4
new250	K000876695	yes	300	yes	8	yes	1	yes	6
new250	K000944863	yes	300	yes	6	yes	1	yes	5
new250	K000945563	yes	300	yes	6	yes	2	yes	4
new250	K000954129	yes	240	yes	8	yes	1	yes	7
new250	K000954210	yes	300	yes	10	yes	5	yes	5
new250	K000972625	yes	300	yes	14	yes	5	yes	9
new250	K000972878	yes	300	yes	6	yes	2	yes	4
new250	K001136340	yes	300	yes	8	yes	1	yes	7
new250	K001203450	yes	300	yes	6	yes	2	yes	4
new250	K001218982	yes	300	yes	8	yes	1	yes	7
new250	L.1537752	yes	253	yes	10	yes	1	yes	9
new250	L.3728020	yes	223	yes	7	yes	1	yes	5
new250	L.3806577	yes	239	yes	8	yes	1	yes	7
new250	L_0004873	yes	300	yes	16	yes	9	yes	6
new250	L_0007231	yes	300	yes	15	yes	8	yes	7
new250	L_0007337	yes	300	yes	7	yes	1	yes	5
new250	L_0014277	yes	300	yes	12	yes	5	yes	6
new250	L_0015432	yes	300	yes	14	yes	8	yes	6
new250	L_0039590	yes	300	yes	14	yes	1	yes	12
new250	L_0044240	yes	300	yes	16	yes	5	yes	10
new250	L_0052013	yes	300	yes	17	yes	9	yes	6
new250	L_0059912	yes	300	yes	12	yes	2	yes	9
new250	P02132367	yes	128	yes	6	yes	3	yes	3
new250	P02733867	yes	156	yes	10	yes	3	yes	7
new250	P03538527	yes	178	yes	6	yes	1	yes	5
new250	P03803397	yes	204	yes	6	yes	2	yes	4
new250	P04432567	yes	205	yes	14	yes	7	yes	7
new250	P04535877	yes	229	yes	3	yes	1	yes	2
new250	P04560687	yes	177	yes	10	yes	3	yes	7
new250	P04732717	yes	145	yes	10	yes	5	yes	5
new250	P05142947	yes	213	yes	6	yes	3	yes	3
new250	P06607437	yes	300	yes	9	yes	1	yes	8
new250	WAG.1163030	yes	191	yes	4	yes	1	yes	3
new250	WAG.1561522	yes	214	yes	4	yes	2	yes	2
