specimen_id	image_path	box_id	rank	prompt_class	prompt_group	confidence	bbox_xyxy	area_fraction	center_x	center_y	aspect_ratio	is_text	is_auxiliary	duplicate_of	is_duplicate_suppressed	text_seed	auxiliary_seed
EIG.6762	/mnt/iusers01/sk01/f70829xm/code/nhm/data_rds/02_raw_images/new250/new250_row0030_EIG.6762.jpg	Y0001	1	annotation label	text	0.79188651	[1375, 7163, 2395, 7460]	0.006409488226040523	0.31291500664010624	0.9318761152179454	3.4343434343434343	True	False	Y0029	True	False	False
EIG.6762	/mnt/iusers01/sk01/f70829xm/code/nhm/data_rds/02_raw_images/new250/new250_row0030_EIG.6762.jpg	Y0002	2	herbarium stamp	text	0.75152463	[3840, 6959, 4665, 7642]	0.011921787740701736	0.7059262948207171	0.9304741269436656	1.2079062957540263	True	False	Y0021	True	False	False
EIG.6762	/mnt/iusers01/sk01/f70829xm/code/nhm/data_rds/02_raw_images/new250/new250_row0030_EIG.6762.jpg	Y0003	3	database label	text	0.75026727	[1375, 7163, 2395, 7460]	0.006409488226040523	0.31291500664010624	0.9318761152179454	3.4343434343434343	True	False	Y0029	True	False	False
EIG.6762	/mnt/iusers01/sk01/f70829xm/code/nhm/data_rds/02_raw_images/new250/new250_row0030_EIG.6762.jpg	Y0004	4	printed label	text	0.68695855	[1375, 7163, 2395, 7460]	0.006409488226040523	0.31291500664010624	0.9318761152179454	3.4343434343434343	True	False	Y0029	True	False	False
EIG.6762	/mnt/iusers01/sk01/f70829xm/code/nhm/data_rds/02_raw_images/new250/new250_row0030_EIG.6762.jpg	Y0005	5	empty label	auxiliary	0.44874051	[1375, 7163, 2395, 7460]	0.006409488226040523	0.31291500664010624	0.9318761152179454	3.4343434343434343	False	True		False	False	True
EIG.6762	/mnt/iusers01/sk01/f70829xm/code/nhm/data_rds/02_raw_images/new250/new250_row0030_EIG.6762.jpg	Y0006	6	type specimen label	text	0.39949474	[1375, 7163, 2395, 7460]	0.006409488226040523	0.31291500664010624	0.9318761152179454	3.4343434343434343	True	False	Y0029	True	False	False
EIG.6762	/mnt/iusers01/sk01/f70829xm/code/nhm/data_rds/02_raw_images/new250/new250_row0030_EIG.6762.jpg	Y0007	7	annotation label	text	0.39623877	[2522, 7017, 3148, 7164]	0.0019469661501838682	0.4706175298804781	0.9037088962528677	4.258503401360544	True	False	Y0285	True	False	False
EIG.6762	/mnt/iusers01/sk01/f70829xm/code/nhm/data_rds/02_raw_images/new250/new250_row0030_EIG.6762.jpg	Y0008	8	herbarium stamp	text	0.36695477	[1375, 7163, 2395, 7460]	0.006409488226040523	0.31291500664010624	0.9318761152179454	3.4343434343434343	True	False	Y0029	True	False	False
EIG.6762	/mnt/iusers01/sk01/f70829xm/code/nhm/data_rds/02_raw_images/new250/new250_row0030_EIG.6762.jpg	Y0009	9	blank paper label	auxiliary	0.32243368	[1375, 7163, 2395, 7460]	0.006409488226040523	0.31291500664010624	0.9318761152179454	3.4343434343434343	False	True	Y0005	True	False	False
EIG.6762	/mnt/iusers01/sk01/f70829xm/code/nhm/data_rds/02_raw_images/new250/new250_row0030_EIG.6762.jpg	Y0010	10	printed label	text	0.32089964	[2508, 7018, 3158, 7160]	0.0019528479674639871	0.4702855245683931	0.9035177160336477	4.577464788732394	True	False	Y0285	True	False	False
EIG.6762	/mnt/iusers01/sk01/f70829xm/code/nhm/data_rds/02_raw_images/new250/new250_row0030_EIG.6762.jpg	Y0011	11	barcode label	text	0.31096917	[1375, 7163, 2395, 7460]	0.006409488226040523	0.31291500664010624	0.9318761152179454	3.4343434343434343	True	False	Y0029	True	False	False
EIG.6762	/mnt/iusers01/sk01/f70829xm/code/nhm/data_rds/02_raw_images/new250/new250_row0030_EIG.6762.jpg	Y0012	12	handwritten note	text	0.30106777	[3742, 5308, 5620, 7819]	0.09977208169615699	0.7770584329349269	0.8365409125669131	0.7479091995221028	True	False		False	True	False
EIG.6762	/mnt/iusers01/sk01/f70829xm/code/nhm/data_rds/02_raw_images/new250/new250_row0030_EIG.6762.jpg	Y0013	13	color calibration chart	auxiliary	0.29759213	[3840, 6959, 4665, 7642]	0.011921787740701736	0.7059262948207171	0.9304741269436656	1.2079062957540263	False	True		False	False	True
EIG.6762	/mnt/iusers01/sk01/f70829xm/code/nhm/data_rds/02_raw_images/new250/new250_row0030_EIG.6762.jpg	Y0014	14	printed label	text	0.29563683	[2522, 7017, 3148, 7164]	0.0019469661501838682	0.4706175298804781	0.9037088962528677	4.258503401360544	True	False	Y0285	True	False	False
EIG.6762	/mnt/iusers01/sk01/f70829xm/code/nhm/data_rds/02_raw_images/new250/new250_row0030_EIG.6762.jpg	Y0015	15	empty label	auxiliary	0.29409754	[3742, 5308, 5620, 7819]	0.09977208169615699	0.7770584329349269	0.8365409125669131	0.7479091995221028	False	True		False	False	True
EIG.6762	/mnt/iusers01/sk01/f70829xm/code/nhm/data_rds/02_raw_images/new250/new250_row0030_EIG.6762.jpg	Y0016	16	primary specimen label	text	0.28794101	[1375, 7163, 2395, 7460]	0.006409488226040523	0.31291500664010624	0.9318761152179454	3.4343434343434343	True	False	Y0029	True	False	False
EIG.6762	/mnt/iusers01/sk01/f70829xm/code/nhm/data_rds/02_raw_images/new250/new250_row0030_EIG.6762.jpg	Y0017	17	printed label	text	0.2435725	[3819, 5983, 5532, 6185]	0.007321085273994514	0.7761454183266933	0.775426969156258	8.48019801980198	True	False	Y0190	True	False	False
EIG.6762	/mnt/iusers01/sk01/f70829xm/code/nhm/data_rds/02_raw_images/new250/new250_row0030_EIG.6762.jpg	Y0018	18	blank paper label	auxiliary	0.24139106	[3742, 5308, 5620, 7819]	0.09977208169615699	0.7770584329349269	0.8365409125669131	0.7479091995221028	False	True	Y0015	True	False	False
EIG.6762	/mnt/iusers01/sk01/f70829xm/code/nhm/data_rds/02_raw_images/new250/new250_row0030_EIG.6762.jpg	Y0019	19	annotation label	text	0.24106969	[3819, 5983, 5532, 6185]	0.007321085273994514	0.7761454183266933	0.775426969156258	8.48019801980198	True	False	Y0190	True	False	False
EIG.6762	/mnt/iusers01/sk01/f70829xm/code/nhm/data_rds/02_raw_images/new250/new250_row0030_EIG.6762.jpg	Y0020	20	printed label	text	0.22003788	[2520, 7017, 3148, 7429]	0.005474236963269363	0.4704515272244356	0.9205964822839664	1.5242718446601942	True	False	Y0088	True	False	False
EIG.6762	/mnt/iusers01/sk01/f70829xm/code/nhm/data_rds/02_raw_images/new250/new250_row0030_EIG.6762.jpg	Y0021	21	handwritten note	text	0.21812759	[3840, 6959, 4665, 7642]	0.011921787740701736	0.7059262948207171	0.9304741269436656	1.2079062957540263	True	False		False	True	False
EIG.6762	/mnt/iusers01/sk01/f70829xm/code/nhm/data_rds/02_raw_images/new250/new250_row0030_EIG.6762.jpg	Y0022	22	calibration color map	auxiliary	0.21211471	[3840, 6959, 4665, 7642]	0.011921787740701736	0.7059262948207171	0.9304741269436656	1.2079062957540263	False	True	Y0013	True	False	False
EIG.6762	/mnt/iusers01/sk01/f70829xm/code/nhm/data_rds/02_raw_images/new250/new250_row0030_EIG.6762.jpg	Y0023	23	colour bar	auxiliary	0.21209988	[245, 786, 533, 1131]	0.0021022207372396727	0.0645750332005312	0.12216416008157023	0.8347826086956521	False	True		False	False	True
EIG.6762	/mnt/iusers01/sk01/f70829xm/code/nhm/data_rds/02_raw_images/new250/new250_row0030_EIG.6762.jpg	Y0024	24	annotation label	text	0.20875819	[2508, 7018, 3158, 7160]	0.0019528479674639871	0.4702855245683931	0.9035177160336477	4.577464788732394	True	False	Y0285	True	False	False
EIG.6762	/mnt/iusers01/sk01/f70829xm/code/nhm/data_rds/02_raw_images/new250/new250_row0030_EIG.6762.jpg	Y0025	25	herbarium stamp	text	0.20786345	[2520, 7017, 3148, 7429]	0.005474236963269363	0.4704515272244356	0.9205964822839664	1.5242718446601942	True	False	Y0088	True	False	False
EIG.6762	/mnt/iusers01/sk01/f70829xm/code/nhm/data_rds/02_raw_images/new250/new250_row0030_EIG.6762.jpg	Y0026	26	herbarium stamp	text	0.20336725	[2522, 7017, 3148, 7164]	0.0019469661501838682	0.4706175298804781	0.9037088962528677	4.258503401360544	True	False	Y0285	True	False	False
EIG.6762	/mnt/iusers01/sk01/f70829xm/code/nhm/data_rds/02_raw_images/new250/new250_row0030_EIG.6762.jpg	Y0027	27	institution logo	auxiliary	0.19384268	[2522, 7017, 3148, 7164]	0.0019469661501838682	0.4706175298804781	0.9037088962528677	4.258503401360544	False	True		False	False	True
EIG.6762	/mnt/iusers01/sk01/f70829xm/code/nhm/data_rds/02_raw_images/new250/new250_row0030_EIG.6762.jpg	Y0028	28	color calibration chart	auxiliary	0.19336966	[3742, 5308, 5620, 7819]	0.09977208169615699	0.7770584329349269	0.8365409125669131	0.7479091995221028	False	True	Y0015	True	False	False
EIG.6762	/mnt/iusers01/sk01/f70829xm/code/nhm/data_rds/02_raw_images/new250/new250_row0030_EIG.6762.jpg	Y0029	29	handwritten note	text	0.188282	[1375, 7163, 2395, 7460]	0.006409488226040523	0.31291500664010624	0.9318761152179454	3.4343434343434343	True	False		False	True	False
EIG.6762	/mnt/iusers01/sk01/f70829xm/code/nhm/data_rds/02_raw_images/new250/new250_row0030_EIG.6762.jpg	Y0030	30	database label	text	0.1816244	[2522, 7017, 3148, 7164]	0.0019469661501838682	0.4706175298804781	0.9037088962528677	4.258503401360544	True	False	Y0285	True	False	False
EIG.6762	/mnt/iusers01/sk01/f70829xm/code/nhm/data_rds/02_raw_images/new250/new250_row0030_EIG.6762.jpg	Y0031	31	database label	text	0.17669435	[2508, 7018, 3158, 7160]	0.0019528479674639871	0.4702855245683931	0.9035177160336477	4.577464788732394	True	False	Y0285	True	False	False
EIG.6762	/mnt/iusers01/sk01/f70829xm/code/nhm/data_rds/02_raw_images/new250/new250_row0030_EIG.6762.jpg	Y0032	32	annotation label	text	0.17585631	[2520, 7017, 3148, 7429]	0.005474236963269363	0.4704515272244356	0.9205964822839664	1.5242718446601942	True	False	Y0088	True	False	False
EIG.6762	/mnt/iusers01/sk01/f70829xm/code/nhm/data_rds/02_raw_images/new250/new250_row0030_EIG.6762.jpg	Y0033	33	colour chart	auxiliary	0.17555174	[3742, 5308, 5620, 7819]	0.09977208169615699	0.7770584329349269	0.8365409125669131	0.7479091995221028	False	True	Y0015	True	False	False
EIG.6762	/mnt/iusers01/sk01/f70829xm/code/nhm/data_rds/02_raw_images/new250/new250_row0030_EIG.6762.jpg	Y0034	34	annotation label	text	0.17391497	[3742, 5308, 5620, 7819]	0.09977208169615699	0.7770584329349269	0.8365409125669131	0.7479091995221028	True	False	Y0012	True	False	False
EIG.6762	/mnt/iusers01/sk01/f70829xm/code/nhm/data_rds/02_raw_images/new250/new250_row0030_EIG.6762.jpg	Y0035	35	color calibration chart	auxiliary	0.16928822	[1375, 7163, 2395, 7460]	0.006409488226040523	0.31291500664010624	0.9318761152179454	3.4343434343434343	False	True	Y0005	True	False	False
EIG.6762	/mnt/iusers01/sk01/f70829xm/code/nhm/data_rds/02_raw_images/new250/new250_row0030_EIG.6762.jpg	Y0036	36	color calibration chart	auxiliary	0.16042036	[2520, 7017, 3148, 7429]	0.005474236963269363	0.4704515272244356	0.9205964822839664	1.5242718446601942	False	True		False	False	True
EIG.6762	/mnt/iusers01/sk01/f70829xm/code/nhm/data_rds/02_raw_images/new250/new250_row0030_EIG.6762.jpg	Y0037	37	color bar	auxiliary	0.1470492	[245, 786, 533, 1131]	0.0021022207372396727	0.0645750332005312	0.12216416008157023	0.8347826086956521	False	True	Y0023	True	False	False
EIG.6762	/mnt/iusers01/sk01/f70829xm/code/nhm/data_rds/02_raw_images/new250/new250_row0030_EIG.6762.jpg	Y0038	38	type specimen label	text	0.13949493	[2522, 7017, 3148, 7164]	0.0019469661501838682	0.4706175298804781	0.9037088962528677	4.258503401360544	True	False	Y0285	True	False	False
EIG.6762	/mnt/iusers01/sk01/f70829xm/code/nhm/data_rds/02_raw_images/new250/new250_row0030_EIG.6762.jpg	Y0039	39	colour bar	auxiliary	0.13579494	[247, 4603, 543, 4949]	0.002166878412088751	0.06557104913678619	0.6087178179964313	0.8554913294797688	False	True		False	False	True
EIG.6762	/mnt/iusers01/sk01/f70829xm/code/nhm/data_rds/02_raw_images/new250/new250_row0030_EIG.6762.jpg	Y0040	40	annotation label	text	0.13032617	[3824, 5393, 5443, 5533]	0.004795585268747425	0.7691733067729084	0.6962783583991843	11.564285714285715	True	False	Y0131	True	False	False
EIG.6762	/mnt/iusers01/sk01/f70829xm/code/nhm/data_rds/02_raw_images/new250/new250_row0030_EIG.6762.jpg	Y0041	41	blank paper label	auxiliary	0.12738143	[401, 5515, 565, 5676]	0.0005586456959146167	0.0801792828685259	0.7131659444302829	1.0186335403726707	False	True		False	False	True
EIG.6762	/mnt/iusers01/sk01/f70829xm/code/nhm/data_rds/02_raw_images/new250/new250_row0030_EIG.6762.jpg	Y0042	42	color checker	auxiliary	0.12174926	[3742, 5308, 5620, 7819]	0.09977208169615699	0.7770584329349269	0.8365409125669131	0.7479091995221028	False	True	Y0015	True	False	False
EIG.6762	/mnt/iusers01/sk01/f70829xm/code/nhm/data_rds/02_raw_images/new250/new250_row0030_EIG.6762.jpg	Y0043	43	annotation label	text	0.11810599	[3840, 6959, 4665, 7642]	0.011921787740701736	0.7059262948207171	0.9304741269436656	1.2079062957540263	True	False	Y0021	True	False	False
EIG.6762	/mnt/iusers01/sk01/f70829xm/code/nhm/data_rds/02_raw_images/new250/new250_row0030_EIG.6762.jpg	Y0044	44	empty label	auxiliary	0.11576845	[247, 4603, 543, 4949]	0.002166878412088751	0.06557104913678619	0.6087178179964313	0.8554913294797688	False	True	Y0039	True	False	False
EIG.6762	/mnt/iusers01/sk01/f70829xm/code/nhm/data_rds/02_raw_images/new250/new250_row0030_EIG.6762.jpg	Y0045	45	empty label	auxiliary	0.11515407	[245, 786, 533, 1131]	0.0021022207372396727	0.0645750332005312	0.12216416008157023	0.8347826086956521	False	True	Y0023	True	False	False
EIG.6762	/mnt/iusers01/sk01/f70829xm/code/nhm/data_rds/02_raw_images/new250/new250_row0030_EIG.6762.jpg	Y0046	46	printed label	text	0.11377504	[2521, 7017, 3149, 7371]	0.004703591953877074	0.4706175298804781	0.9169003313790467	1.7740112994350283	True	False	Y0088	True	False	False
EIG.6762	/mnt/iusers01/sk01/f70829xm/code/nhm/data_rds/02_raw_images/new250/new250_row0030_EIG.6762.jpg	Y0047	47	annotation label	text	0.10739112	[247, 4603, 543, 4949]	0.002166878412088751	0.06557104913678619	0.6087178179964313	0.8554913294797688	True	False	Y0133	True	False	False
EIG.6762	/mnt/iusers01/sk01/f70829xm/code/nhm/data_rds/02_raw_images/new250/new250_row0030_EIG.6762.jpg	Y0048	48	herbarium stamp	text	0.10631081	[2521, 7017, 3149, 7371]	0.004703591953877074	0.4706175298804781	0.9169003313790467	1.7740112994350283	True	False	Y0088	True	False	False
EIG.6762	/mnt/iusers01/sk01/f70829xm/code/nhm/data_rds/02_raw_images/new250/new250_row0030_EIG.6762.jpg	Y0049	49	type specimen label	text	0.1053789	[2520, 7017, 3148, 7429]	0.005474236963269363	0.4704515272244356	0.9205964822839664	1.5242718446601942	True	False	Y0088	True	False	False
EIG.6762	/mnt/iusers01/sk01/f70829xm/code/nhm/data_rds/02_raw_images/new250/new250_row0030_EIG.6762.jpg	Y0050	50	catalog number	text	0.10534088	[1375, 7163, 2395, 7460]	0.006409488226040523	0.31291500664010624	0.9318761152179454	3.4343434343434343	True	False	Y0029	True	False	False
EIG.6762	/mnt/iusers01/sk01/f70829xm/code/nhm/data_rds/02_raw_images/new250/new250_row0030_EIG.6762.jpg	Y0051	51	barcode label	text	0.10366903	[2522, 7017, 3148, 7164]	0.0019469661501838682	0.4706175298804781	0.9037088962528677	4.258503401360544	True	False	Y0285	True	False	False
EIG.6762	/mnt/iusers01/sk01/f70829xm/code/nhm/data_rds/02_raw_images/new250/new250_row0030_EIG.6762.jpg	Y0052	52	calibration color map	auxiliary	0.09788495	[3742, 5308, 5620, 7819]	0.09977208169615699	0.7770584329349269	0.8365409125669131	0.7479091995221028	False	True	Y0015	True	False	False
EIG.6762	/mnt/iusers01/sk01/f70829xm/code/nhm/data_rds/02_raw_images/new250/new250_row0030_EIG.6762.jpg	Y0053	53	database label	text	0.09632484	[3742, 5308, 5620, 7819]	0.09977208169615699	0.7770584329349269	0.8365409125669131	0.7479091995221028	True	False	Y0012	True	False	False
EIG.6762	/mnt/iusers01/sk01/f70829xm/code/nhm/data_rds/02_raw_images/new250/new250_row0030_EIG.6762.jpg	Y0054	54	color bar	auxiliary	0.09533359	[247, 4603, 543, 4949]	0.002166878412088751	0.06557104913678619	0.6087178179964313	0.8554913294797688	False	True	Y0039	True	False	False
EIG.6762	/mnt/iusers01/sk01/f70829xm/code/nhm/data_rds/02_raw_images/new250/new250_row0030_EIG.6762.jpg	Y0055	55	institution logo	auxiliary	0.09501838	[1375, 7163, 2395, 7460]	0.006409488226040523	0.31291500664010624	0.9318761152179454	3.4343434343434343	False	True	Y0005	True	False	False
EIG.6762	/mnt/iusers01/sk01/f70829xm/code/nhm/data_rds/02_raw_images/new250/new250_row0030_EIG.6762.jpg	Y0056	56	type specimen label	text	0.09251877	[2508, 7018, 3158, 7160]	0.0019528479674639871	0.4702855245683931	0.9035177160336477	4.577464788732394	True	False	Y0285	True	False	False
EIG.6762	/mnt/iusers01/sk01/f70829xm/code/nhm/data_rds/02_raw_images/new250/new250_row0030_EIG.6762.jpg	Y0057	57	institution logo	auxiliary	0.09244721	[2520, 7017, 3148, 7429]	0.005474236963269363	0.4704515272244356	0.9205964822839664	1.5242718446601942	False	True	Y0036	True	False	False
EIG.6762	/mnt/iusers01/sk01/f70829xm/code/nhm/data_rds/02_raw_images/new250/new250_row0030_EIG.6762.jpg	Y0058	58	color calibration chart	auxiliary	0.0906658	[711, 255, 4382, 5232]	0.3865616427991831	0.4227257636122178	0.34966862095335205	0.7375929274663452	False	True		False	False	True
EIG.6762	/mnt/iusers01/sk01/f70829xm/code/nhm/data_rds/02_raw_images/new250/new250_row0030_EIG.6762.jpg	Y0059	59	blank paper label	auxiliary	0.09022121	[247, 4603, 543, 4949]	0.002166878412088751	0.06557104913678619	0.6087178179964313	0.8554913294797688	False	True	Y0039	True	False	False
EIG.6762	/mnt/iusers01/sk01/f70829xm/code/nhm/data_rds/02_raw_images/new250/new250_row0030_EIG.6762.jpg	Y0060	60	colour chart	auxiliary	0.08945127	[245, 786, 533, 1131]	0.0021022207372396727	0.0645750332005312	0.12216416008157023	0.8347826086956521	False	True	Y0023	True	False	False
EIG.6762	/mnt/iusers01/sk01/f70829xm/code/nhm/data_rds/02_raw_images/new250/new250_row0030_EIG.6762.jpg	Y0061	61	barcode label	text	0.08890986	[2508, 7018, 3158, 7160]	0.0019528479674639871	0.4702855245683931	0.9035177160336477	4.577464788732394	True	False	Y0285	True	False	False
EIG.6762	/mnt/iusers01/sk01/f70829xm/code/nhm/data_rds/02_raw_images/new250/new250_row0030_EIG.6762.jpg	Y0062	62	printed label	text	0.08815784	[3824, 5393, 5443, 5533]	0.004795585268747425	0.7691733067729084	0.6962783583991843	11.564285714285715	True	False	Y0131	True	False	False
EIG.6762	/mnt/iusers01/sk01/f70829xm/code/nhm/data_rds/02_raw_images/new250/new250_row0030_EIG.6762.jpg	Y0063	63	annotation label	text	0.08810381	[245, 786, 533, 1131]	0.0021022207372396727	0.0645750332005312	0.12216416008157023	0.8347826086956521	True	False	Y0164	True	False	False
EIG.6762	/mnt/iusers01/sk01/f70829xm/code/nhm/data_rds/02_raw_images/new250/new250_row0030_EIG.6762.jpg	Y0064	64	printed label	text	0.08802875	[4689, 6553, 5387, 6618]	0.0009599210431618754	0.8363213811420983	0.8393448891154729	10.738461538461538	True	False	Y0149	True	False	False
EIG.6762	/mnt/iusers01/sk01/f70829xm/code/nhm/data_rds/02_raw_images/new250/new250_row0030_EIG.6762.jpg	Y0065	65	database label	text	0.08786788	[2520, 7017, 3148, 7429]	0.005474236963269363	0.4704515272244356	0.9205964822839664	1.5242718446601942	True	False	Y0088	True	False	False
EIG.6762	/mnt/iusers01/sk01/f70829xm/code/nhm/data_rds/02_raw_images/new250/new250_row0030_EIG.6762.jpg	Y0066	66	color calibration chart	auxiliary	0.08538743	[2521, 7017, 3149, 7371]	0.004703591953877074	0.4706175298804781	0.9169003313790467	1.7740112994350283	False	True	Y0036	True	False	False
EIG.6762	/mnt/iusers01/sk01/f70829xm/code/nhm/data_rds/02_raw_images/new250/new250_row0030_EIG.6762.jpg	Y0067	67	color calibration chart	auxiliary	0.07978362	[2522, 7017, 3148, 7164]	0.0019469661501838682	0.4706175298804781	0.9037088962528677	4.258503401360544	False	True	Y0027	True	False	False
EIG.6762	/mnt/iusers01/sk01/f70829xm/code/nhm/data_rds/02_raw_images/new250/new250_row0030_EIG.6762.jpg	Y0068	68	type specimen label	text	0.07926564	[3819, 5983, 5532, 6185]	0.007321085273994514	0.7761454183266933	0.775426969156258	8.48019801980198	True	False	Y0190	True	False	False
EIG.6762	/mnt/iusers01/sk01/f70829xm/code/nhm/data_rds/02_raw_images/new250/new250_row0030_EIG.6762.jpg	Y0069	69	color checker	auxiliary	0.07903508	[1052, 629, 4966, 5206]	0.37902553267260636	0.4995019920318725	0.3718455263828703	0.8551452916757701	False	True		False	False	True
EIG.6762	/mnt/iusers01/sk01/f70829xm/code/nhm/data_rds/02_raw_images/new250/new250_row0030_EIG.6762.jpg	Y0070	70	blank paper label	auxiliary	0.07854935	[394, 1697, 560, 1866]	0.0005935557625052513	0.07918326693227092	0.22705837369360182	0.9822485207100592	False	True		False	False	True
EIG.6762	/mnt/iusers01/sk01/f70829xm/code/nhm/data_rds/02_raw_images/new250/new250_row0030_EIG.6762.jpg	Y0071	71	institution logo	auxiliary	0.07848381	[3840, 6959, 4665, 7642]	0.011921787740701736	0.7059262948207171	0.9304741269436656	1.2079062957540263	False	True	Y0013	True	False	False
EIG.6762	/mnt/iusers01/sk01/f70829xm/code/nhm/data_rds/02_raw_images/new250/new250_row0030_EIG.6762.jpg	Y0072	72	catalog number	text	0.07836153	[2508, 7018, 3158, 7160]	0.0019528479674639871	0.4702855245683931	0.9035177160336477	4.577464788732394	True	False	Y0285	True	False	False
EIG.6762	/mnt/iusers01/sk01/f70829xm/code/nhm/data_rds/02_raw_images/new250/new250_row0030_EIG.6762.jpg	Y0073	73	annotation label	text	0.07602013	[2521, 7017, 3149, 7371]	0.004703591953877074	0.4706175298804781	0.9169003313790467	1.7740112994350283	True	False	Y0088	True	False	False
EIG.6762	/mnt/iusers01/sk01/f70829xm/code/nhm/data_rds/02_raw_images/new250/new250_row0030_EIG.6762.jpg	Y0074	74	type specimen label	text	0.07253033	[3742, 5308, 5620, 7819]	0.09977208169615699	0.7770584329349269	0.8365409125669131	0.7479091995221028	True	False	Y0012	True	False	False
EIG.6762	/mnt/iusers01/sk01/f70829xm/code/nhm/data_rds/02_raw_images/new250/new250_row0030_EIG.6762.jpg	Y0075	75	printed label	text	0.07216225	[3950, 6546, 5438, 6674]	0.004029764195829478	0.7792164674634794	0.8424674993627326	11.625	True	False	Y0181	True	False	False
EIG.6762	/mnt/iusers01/sk01/f70829xm/code/nhm/data_rds/02_raw_images/new250/new250_row0030_EIG.6762.jpg	Y0076	76	blank paper label	auxiliary	0.07209344	[245, 786, 533, 1131]	0.0021022207372396727	0.0645750332005312	0.12216416008157023	0.8347826086956521	False	True	Y0023	True	False	False
EIG.6762	/mnt/iusers01/sk01/f70829xm/code/nhm/data_rds/02_raw_images/new250/new250_row0030_EIG.6762.jpg	Y0077	77	primary specimen label	text	0.07056222	[2508, 7018, 3158, 7160]	0.0019528479674639871	0.4702855245683931	0.9035177160336477	4.577464788732394	True	False	Y0285	True	False	False
EIG.6762	/mnt/iusers01/sk01/f70829xm/code/nhm/data_rds/02_raw_images/new250/new250_row0030_EIG.6762.jpg	Y0078	78	institution logo	auxiliary	0.07023113	[2521, 7017, 3149, 7371]	0.004703591953877074	0.4706175298804781	0.9169003313790467	1.7740112994350283	False	True	Y0036	True	False	False
EIG.6762	/mnt/iusers01/sk01/f70829xm/code/nhm/data_rds/02_raw_images/new250/new250_row0030_EIG.6762.jpg	Y0079	79	printed label	text	0.06885642	[4380, 6558, 5250, 6618]	0.0011044275612309873	0.7993027888446215	0.8396635228141728	14.5	True	False	Y0298	True	False	False
EIG.6762	/mnt/iusers01/sk01/f70829xm/code/nhm/data_rds/02_raw_images/new250/new250_row0030_EIG.6762.jpg	Y0080	80	blank paper label	auxiliary	0.06885256	[291, 2755, 571, 2923]	0.0009952542620748207	0.07154714475431607	0.36184042824369106	1.6666666666666667	False	True		False	False	True
EIG.6762	/mnt/iusers01/sk01/f70829xm/code/nhm/data_rds/02_raw_images/new250/new250_row0030_EIG.6762.jpg	Y0081	81	blank paper label	auxiliary	0.06814832	[401, 2048, 562, 2219]	0.0005824903292768259	0.07993027888446215	0.27192199847055826	0.9415204678362573	False	True		False	False	True
EIG.6762	/mnt/iusers01/sk01/f70829xm/code/nhm/data_rds/02_raw_images/new250/new250_row0030_EIG.6762.jpg	Y0082	82	annotation label	text	0.06708242	[3822, 5985, 5468, 6183]	0.006895436352982158	0.7710823373173971	0.775426969156258	8.313131313131313	True	False	Y0190	True	False	False
EIG.6762	/mnt/iusers01/sk01/f70829xm/code/nhm/data_rds/02_raw_images/new250/new250_row0030_EIG.6762.jpg	Y0083	83	handwritten note	text	0.06623793	[1, 4955, 569, 5332]	0.00453060728451645	0.04731075697211155	0.6555569717053276	1.506631299734748	True	False		False	True	False
EIG.6762	/mnt/iusers01/sk01/f70829xm/code/nhm/data_rds/02_raw_images/new250/new250_row0030_EIG.6762.jpg	Y0084	84	blank paper label	auxiliary	0.06538577	[426, 7266, 591, 7439]	0.0006039441520179796	0.08441235059760956	0.9371017078766251	0.953757225433526	False	True		False	False	True
EIG.6762	/mnt/iusers01/sk01/f70829xm/code/nhm/data_rds/02_raw_images/new250/new250_row0030_EIG.6762.jpg	Y0085	85	printed label	text	0.06491107	[3822, 5985, 5468, 6183]	0.006895436352982158	0.7710823373173971	0.775426969156258	8.313131313131313	True	False	Y0190	True	False	False
EIG.6762	/mnt/iusers01/sk01/f70829xm/code/nhm/data_rds/02_raw_images/new250/new250_row0030_EIG.6762.jpg	Y0086	86	annotation label	text	0.0637027	[3950, 6546, 5438, 6674]	0.004029764195829478	0.7792164674634794	0.8424674993627326	11.625	True	False	Y0181	True	False	False
EIG.6762	/mnt/iusers01/sk01/f70829xm/code/nhm/data_rds/02_raw_images/new250/new250_row0030_EIG.6762.jpg	Y0087	87	printed label	text	0.06267885	[4935, 6340, 5516, 6421]	0.000995698572013247	0.8674468791500664	0.8132169258220749	7.172839506172839	True	False	Y0240	True	False	False
EIG.6762	/mnt/iusers01/sk01/f70829xm/code/nhm/data_rds/02_raw_images/new250/new250_row0030_EIG.6762.jpg	Y0088	88	handwritten note	text	0.06204459	[2520, 7017, 3148, 7429]	0.005474236963269363	0.4704515272244356	0.9205964822839664	1.5242718446601942	True	False		False	True	False
EIG.6762	/mnt/iusers01/sk01/f70829xm/code/nhm/data_rds/02_raw_images/new250/new250_row0030_EIG.6762.jpg	Y0089	89	annotation label	text	0.06059596	[3824, 6330, 4571, 6486]	0.0024655393211756595	0.6967961487383798	0.8167218965077747	4.788461538461538	True	False	Y0258	True	False	False
EIG.6762	/mnt/iusers01/sk01/f70829xm/code/nhm/data_rds/02_raw_images/new250/new250_row0030_EIG.6762.jpg	Y0090	90	catalog number	text	0.06025016	[3742, 5308, 5620, 7819]	0.09977208169615699	0.7770584329349269	0.8365409125669131	0.7479091995221028	True	False	Y0012	True	False	False
EIG.6762	/mnt/iusers01/sk01/f70829xm/code/nhm/data_rds/02_raw_images/new250/new250_row0030_EIG.6762.jpg	Y0091	91	color checker	auxiliary	0.06024957	[3840, 6959, 4665, 7642]	0.011921787740701736	0.7059262948207171	0.9304741269436656	1.2079062957540263	False	True	Y0013	True	False	False
EIG.6762	/mnt/iusers01/sk01/f70829xm/code/nhm/data_rds/02_raw_images/new250/new250_row0030_EIG.6762.jpg	Y0092	92	primary specimen label	text	0.0580368	[2522, 7017, 3148, 7164]	0.0019469661501838682	0.4706175298804781	0.9037088962528677	4.258503401360544	True	False	Y0285	True	False	False
EIG.6762	/mnt/iusers01/sk01/f70829xm/code/nhm/data_rds/02_raw_images/new250/new250_row0030_EIG.6762.jpg	Y0093	93	blank paper label	auxiliary	0.05734324	[404, 2400, 566, 2563]	0.0005586880111468478	0.08051128818061089	0.3162758093295947	0.9938650306748467	False	True		False	False	True
EIG.6762	/mnt/iusers01/sk01/f70829xm/code/nhm/data_rds/02_raw_images/new250/new250_row0030_EIG.6762.jpg	Y0094	94	blank paper label	auxiliary	0.05664789	[412, 3111, 575, 3269]	0.0005448932454395182	0.08192231075697211	0.4065765995411675	1.0316455696202531	False	True		False	False	True
EIG.6762	/mnt/iusers01/sk01/f70829xm/code/nhm/data_rds/02_raw_images/new250/new250_row0030_EIG.6762.jpg	Y0095	95	printed label	text	0.0563036	[3812, 6544, 5406, 6684]	0.004721533612343049	0.7651062416998672	0.8429773132806525	11.385714285714286	True	False		False	True	False
EIG.6762	/mnt/iusers01/sk01/f70829xm/code/nhm/data_rds/02_raw_images/new250/new250_row0030_EIG.6762.jpg	Y0096	96	colour chart	auxiliary	0.05617518	[247, 4603, 543, 4949]	0.002166878412088751	0.06557104913678619	0.6087178179964313	0.8554913294797688	False	True	Y0039	True	False	False
EIG.6762	/mnt/iusers01/sk01/f70829xm/code/nhm/data_rds/02_raw_images/new250/new250_row0030_EIG.6762.jpg	Y0097	97	colour chart	auxiliary	0.05608176	[3840, 6959, 4665, 7642]	0.011921787740701736	0.7059262948207171	0.9304741269436656	1.2079062957540263	False	True	Y0013	True	False	False
EIG.6762	/mnt/iusers01/sk01/f70829xm/code/nhm/data_rds/02_raw_images/new250/new250_row0030_EIG.6762.jpg	Y0098	98	type specimen label	text	0.05599549	[2521, 7017, 3149, 7371]	0.004703591953877074	0.4706175298804781	0.9169003313790467	1.7740112994350283	True	False	Y0088	True	False	False
EIG.6762	/mnt/iusers01/sk01/f70829xm/code/nhm/data_rds/02_raw_images/new250/new250_row0030_EIG.6762.jpg	Y0099	99	color calibration chart	auxiliary	0.05581545	[245, 786, 533, 1131]	0.0021022207372396727	0.0645750332005312	0.12216416008157023	0.8347826086956521	False	True	Y0023	True	False	False
EIG.6762	/mnt/iusers01/sk01/f70829xm/code/nhm/data_rds/02_raw_images/new250/new250_row0030_EIG.6762.jpg	Y0100	100	blank paper label	auxiliary	0.05555518	[1, 4955, 569, 5332]	0.00453060728451645	0.04731075697211155	0.6555569717053276	1.506631299734748	False	True		False	False	True
EIG.6762	/mnt/iusers01/sk01/f70829xm/code/nhm/data_rds/02_raw_images/new250/new250_row0030_EIG.6762.jpg	Y0101	101	color checker	auxiliary	0.05442267	[1375, 7163, 2395, 7460]	0.006409488226040523	0.31291500664010624	0.9318761152179454	3.4343434343434343	False	True	Y0005	True	False	False
EIG.6762	/mnt/iusers01/sk01/f70829xm/code/nhm/data_rds/02_raw_images/new250/new250_row0030_EIG.6762.jpg	Y0102	102	type specimen label	text	0.05366693	[3840, 6959, 4665, 7642]	0.011921787740701736	0.7059262948207171	0.9304741269436656	1.2079062957540263	True	False	Y0021	True	False	False
EIG.6762	/mnt/iusers01/sk01/f70829xm/code/nhm/data_rds/02_raw_images/new250/new250_row0030_EIG.6762.jpg	Y0103	103	barcode label	text	0.05275352	[2534, 7365, 2702, 7428]	0.00022393220896683468	0.4345949535192563	0.9427096609737445	2.6666666666666665	True	False	Y0128	True	False	False
EIG.6762	/mnt/iusers01/sk01/f70829xm/code/nhm/data_rds/02_raw_images/new250/new250_row0030_EIG.6762.jpg	Y0104	104	blank paper label	auxiliary	0.05143042	[420, 6925, 584, 7085]	0.0005551758468716687	0.08333333333333333	0.8928116237573286	1.025	False	True		False	False	True
EIG.6762	/mnt/iusers01/sk01/f70829xm/code/nhm/data_rds/02_raw_images/new250/new250_row0030_EIG.6762.jpg	Y0105	105	database label	text	0.05107649	[2521, 7017, 3149, 7371]	0.004703591953877074	0.4706175298804781	0.9169003313790467	1.7740112994350283	True	False	Y0088	True	False	False
EIG.6762	/mnt/iusers01/sk01/f70829xm/code/nhm/data_rds/02_raw_images/new250/new250_row0030_EIG.6762.jpg	Y0106	106	type specimen label	text	0.05098044	[245, 786, 533, 1131]	0.0021022207372396727	0.0645750332005312	0.12216416008157023	0.8347826086956521	True	False	Y0164	True	False	False
EIG.6762	/mnt/iusers01/sk01/f70829xm/code/nhm/data_rds/02_raw_images/new250/new250_row0030_EIG.6762.jpg	Y0107	107	blank paper label	auxiliary	0.05086134	[413, 6571, 578, 6735]	0.0005725250920864084	0.0822543160690571	0.8479479989803722	1.0060975609756098	False	True		False	False	True
EIG.6762	/mnt/iusers01/sk01/f70829xm/code/nhm/data_rds/02_raw_images/new250/new250_row0030_EIG.6762.jpg	Y0108	108	printed label	text	0.05054714	[3824, 6330, 4571, 6486]	0.0024655393211756595	0.6967961487383798	0.8167218965077747	4.788461538461538	True	False	Y0258	True	False	False
EIG.6762	/mnt/iusers01/sk01/f70829xm/code/nhm/data_rds/02_raw_images/new250/new250_row0030_EIG.6762.jpg	Y0109	109	primary specimen label	text	0.05005058	[2520, 7017, 3148, 7429]	0.005474236963269363	0.4704515272244356	0.9205964822839664	1.5242718446601942	True	False	Y0088	True	False	False
EIG.6762	/mnt/iusers01/sk01/f70829xm/code/nhm/data_rds/02_raw_images/new250/new250_row0030_EIG.6762.jpg	Y0110	110	calibration color map	auxiliary	0.04977359	[1052, 629, 4966, 5206]	0.37902553267260636	0.4995019920318725	0.3718455263828703	0.8551452916757701	False	True	Y0069	True	False	False
EIG.6762	/mnt/iusers01/sk01/f70829xm/code/nhm/data_rds/02_raw_images/new250/new250_row0030_EIG.6762.jpg	Y0111	111	calibration color map	auxiliary	0.04876696	[711, 255, 4382, 5232]	0.3865616427991831	0.4227257636122178	0.34966862095335205	0.7375929274663452	False	True	Y0058	True	False	False
EIG.6762	/mnt/iusers01/sk01/f70829xm/code/nhm/data_rds/02_raw_images/new250/new250_row0030_EIG.6762.jpg	Y0112	112	blank paper label	auxiliary	0.04803576	[362, 6213, 573, 6382]	0.0007544594330639038	0.0776062416998672	0.8026382870252358	1.2485207100591715	False	True		False	False	True
EIG.6762	/mnt/iusers01/sk01/f70829xm/code/nhm/data_rds/02_raw_images/new250/new250_row0030_EIG.6762.jpg	Y0113	113	primary specimen label	text	0.04703359	[3742, 5308, 5620, 7819]	0.09977208169615699	0.7770584329349269	0.8365409125669131	0.7479091995221028	True	False	Y0012	True	False	False
EIG.6762	/mnt/iusers01/sk01/f70829xm/code/nhm/data_rds/02_raw_images/new250/new250_row0030_EIG.6762.jpg	Y0114	114	type specimen label	text	0.04667978	[247, 4603, 543, 4949]	0.002166878412088751	0.06557104913678619	0.6087178179964313	0.8554913294797688	True	False	Y0133	True	False	False
EIG.6762	/mnt/iusers01/sk01/f70829xm/code/nhm/data_rds/02_raw_images/new250/new250_row0030_EIG.6762.jpg	Y0115	115	herbarium stamp	text	0.0465843	[2508, 7018, 3158, 7160]	0.0019528479674639871	0.4702855245683931	0.9035177160336477	4.577464788732394	True	False	Y0285	True	False	False
EIG.6762	/mnt/iusers01/sk01/f70829xm/code/nhm/data_rds/02_raw_images/new250/new250_row0030_EIG.6762.jpg	Y0116	116	printed label	text	0.0465732	[3786, 5989, 5523, 6659]	0.024623022059099824	0.7726593625498008	0.8060158042314555	2.5925373134328358	True	False	Y0217	True	False	False
EIG.6762	/mnt/iusers01/sk01/f70829xm/code/nhm/data_rds/02_raw_images/new250/new250_row0030_EIG.6762.jpg	Y0117	117	catalog number	text	0.04494438	[2520, 7017, 3148, 7429]	0.005474236963269363	0.4704515272244356	0.9205964822839664	1.5242718446601942	True	False	Y0088	True	False	False
EIG.6762	/mnt/iusers01/sk01/f70829xm/code/nhm/data_rds/02_raw_images/new250/new250_row0030_EIG.6762.jpg	Y0118	118	annotation label	text	0.04488526	[2534, 7365, 2702, 7428]	0.00022393220896683468	0.4345949535192563	0.9427096609737445	2.6666666666666665	True	False	Y0128	True	False	False
EIG.6762	/mnt/iusers01/sk01/f70829xm/code/nhm/data_rds/02_raw_images/new250/new250_row0030_EIG.6762.jpg	Y0119	119	color calibration chart	auxiliary	0.04442888	[1052, 629, 4966, 5206]	0.37902553267260636	0.4995019920318725	0.3718455263828703	0.8551452916757701	False	True	Y0069	True	False	False
EIG.6762	/mnt/iusers01/sk01/f70829xm/code/nhm/data_rds/02_raw_images/new250/new250_row0030_EIG.6762.jpg	Y0120	120	printed label	text	0.04293566	[3840, 6959, 4665, 7642]	0.011921787740701736	0.7059262948207171	0.9304741269436656	1.2079062957540263	True	False	Y0021	True	False	False
EIG.6762	/mnt/iusers01/sk01/f70829xm/code/nhm/data_rds/02_raw_images/new250/new250_row0030_EIG.6762.jpg	Y0121	121	herbarium stamp	text	0.04290495	[3819, 5983, 5532, 6185]	0.007321085273994514	0.7761454183266933	0.775426969156258	8.48019801980198	True	False	Y0190	True	False	False
EIG.6762	/mnt/iusers01/sk01/f70829xm/code/nhm/data_rds/02_raw_images/new250/new250_row0030_EIG.6762.jpg	Y0122	122	barcode label	text	0.04280922	[3819, 5983, 5532, 6185]	0.007321085273994514	0.7761454183266933	0.775426969156258	8.48019801980198	True	False	Y0190	True	False	False
EIG.6762	/mnt/iusers01/sk01/f70829xm/code/nhm/data_rds/02_raw_images/new250/new250_row0030_EIG.6762.jpg	Y0123	123	printed label	text	0.04211765	[3776, 6312, 5473, 6675]	0.013033324260947544	0.7676792828685259	0.8276191690033138	4.674931129476584	True	False	Y0252	True	False	False
EIG.6762	/mnt/iusers01/sk01/f70829xm/code/nhm/data_rds/02_raw_images/new250/new250_row0030_EIG.6762.jpg	Y0124	124	color calibration chart	auxiliary	0.0419789	[247, 4603, 543, 4949]	0.002166878412088751	0.06557104913678619	0.6087178179964313	0.8554913294797688	False	True	Y0039	True	False	False
EIG.6762	/mnt/iusers01/sk01/f70829xm/code/nhm/data_rds/02_raw_images/new250/new250_row0030_EIG.6762.jpg	Y0125	125	annotation label	text	0.04162442	[4935, 6340, 5516, 6421]	0.000995698572013247	0.8674468791500664	0.8132169258220749	7.172839506172839	True	False	Y0240	True	False	False
EIG.6762	/mnt/iusers01/sk01/f70829xm/code/nhm/data_rds/02_raw_images/new250/new250_row0030_EIG.6762.jpg	Y0126	126	color calibration chart	auxiliary	0.04057243	[3819, 5983, 5532, 6185]	0.007321085273994514	0.7761454183266933	0.775426969156258	8.48019801980198	False	True		False	False	True
EIG.6762	/mnt/iusers01/sk01/f70829xm/code/nhm/data_rds/02_raw_images/new250/new250_row0030_EIG.6762.jpg	Y0127	127	colour chart	auxiliary	0.03997035	[6, 4902, 734, 7833]	0.045145444223615355	0.06142098273572377	0.8115600305888351	0.24837939269873763	False	True		False	False	True
EIG.6762	/mnt/iusers01/sk01/f70829xm/code/nhm/data_rds/02_raw_images/new250/new250_row0030_EIG.6762.jpg	Y0128	128	catalog number	text	0.03913854	[2534, 7365, 2702, 7428]	0.00022393220896683468	0.4345949535192563	0.9427096609737445	2.6666666666666665	True	False		False	True	False
EIG.6762	/mnt/iusers01/sk01/f70829xm/code/nhm/data_rds/02_raw_images/new250/new250_row0030_EIG.6762.jpg	Y0129	129	colour chart	auxiliary	0.03907933	[1, 4955, 569, 5332]	0.00453060728451645	0.04731075697211155	0.6555569717053276	1.506631299734748	False	True	Y0100	True	False	False
EIG.6762	/mnt/iusers01/sk01/f70829xm/code/nhm/data_rds/02_raw_images/new250/new250_row0030_EIG.6762.jpg	Y0130	130	colour bar	auxiliary	0.0384785	[3918, 1266, 4985, 2679]	0.03189872424652651	0.7389608233731739	0.2514019882742799	0.7551309271054494	False	True		False	False	True
EIG.6762	/mnt/iusers01/sk01/f70829xm/code/nhm/data_rds/02_raw_images/new250/new250_row0030_EIG.6762.jpg	Y0131	131	type specimen label	text	0.03804874	[3824, 5393, 5443, 5533]	0.004795585268747425	0.7691733067729084	0.6962783583991843	11.564285714285715	True	False		False	True	False
EIG.6762	/mnt/iusers01/sk01/f70829xm/code/nhm/data_rds/02_raw_images/new250/new250_row0030_EIG.6762.jpg	Y0132	132	printed label	text	0.03801427	[247, 4603, 543, 4949]	0.002166878412088751	0.06557104913678619	0.6087178179964313	0.8554913294797688	True	False	Y0133	True	False	False
EIG.6762	/mnt/iusers01/sk01/f70829xm/code/nhm/data_rds/02_raw_images/new250/new250_row0030_EIG.6762.jpg	Y0133	133	primary specimen label	text	0.03792359	[247, 4603, 543, 4949]	0.002166878412088751	0.06557104913678619	0.6087178179964313	0.8554913294797688	True	False		False	True	False
EIG.6762	/mnt/iusers01/sk01/f70829xm/code/nhm/data_rds/02_raw_images/new250/new250_row0030_EIG.6762.jpg	Y0134	134	annotation label	text	0.03789079	[4689, 6553, 5387, 6618]	0.0009599210431618754	0.8363213811420983	0.8393448891154729	10.738461538461538	True	False	Y0149	True	False	False
EIG.6762	/mnt/iusers01/sk01/f70829xm/code/nhm/data_rds/02_raw_images/new250/new250_row0030_EIG.6762.jpg	Y0135	135	colour chart	auxiliary	0.03638868	[4, 809, 726, 4983]	0.063761184339031	0.06059096945551129	0.36910527657405046	0.17297556300910397	False	True		False	False	True
EIG.6762	/mnt/iusers01/sk01/f70829xm/code/nhm/data_rds/02_raw_images/new250/new250_row0030_EIG.6762.jpg	Y0136	136	type specimen label	text	0.03625953	[2534, 7365, 2702, 7428]	0.00022393220896683468	0.4345949535192563	0.9427096609737445	2.6666666666666665	True	False	Y0128	True	False	False
EIG.6762	/mnt/iusers01/sk01/f70829xm/code/nhm/data_rds/02_raw_images/new250/new250_row0030_EIG.6762.jpg	Y0137	137	printed label	text	0.03565815	[245, 786, 533, 1131]	0.0021022207372396727	0.0645750332005312	0.12216416008157023	0.8347826086956521	True	False	Y0164	True	False	False
EIG.6762	/mnt/iusers01/sk01/f70829xm/code/nhm/data_rds/02_raw_images/new250/new250_row0030_EIG.6762.jpg	Y0138	138	database label	text	0.03555381	[247, 4603, 543, 4949]	0.002166878412088751	0.06557104913678619	0.6087178179964313	0.8554913294797688	True	False	Y0133	True	False	False
EIG.6762	/mnt/iusers01/sk01/f70829xm/code/nhm/data_rds/02_raw_images/new250/new250_row0030_EIG.6762.jpg	Y0139	139	database label	text	0.03554384	[3819, 5983, 5532, 6185]	0.007321085273994514	0.7761454183266933	0.775426969156258	8.48019801980198	True	False	Y0190	True	False	False
EIG.6762	/mnt/iusers01/sk01/f70829xm/code/nhm/data_rds/02_raw_images/new250/new250_row0030_EIG.6762.jpg	Y0140	140	color checker	auxiliary	0.03531411	[247, 4603, 543, 4949]	0.002166878412088751	0.06557104913678619	0.6087178179964313	0.8554913294797688	False	True	Y0039	True	False	False
EIG.6762	/mnt/iusers01/sk01/f70829xm/code/nhm/data_rds/02_raw_images/new250/new250_row0030_EIG.6762.jpg	Y0141	141	colour chart	auxiliary	0.03462693	[711, 255, 4382, 5232]	0.3865616427991831	0.4227257636122178	0.34966862095335205	0.7375929274663452	False	True	Y0058	True	False	False
EIG.6762	/mnt/iusers01/sk01/f70829xm/code/nhm/data_rds/02_raw_images/new250/new250_row0030_EIG.6762.jpg	Y0142	142	barcode label	text	0.03429865	[4380, 6558, 5250, 6618]	0.0011044275612309873	0.7993027888446215	0.8396635228141728	14.5	True	False	Y0298	True	False	False
EIG.6762	/mnt/iusers01/sk01/f70829xm/code/nhm/data_rds/02_raw_images/new250/new250_row0030_EIG.6762.jpg	Y0143	143	blank paper label	auxiliary	0.0337382	[299, 1695, 562, 1870]	0.0009737792817175516	0.07146414342629483	0.22718582717308183	1.502857142857143	False	True		False	False	True
EIG.6762	/mnt/iusers01/sk01/f70829xm/code/nhm/data_rds/02_raw_images/new250/new250_row0030_EIG.6762.jpg	Y0144	144	annotation label	text	0.03314305	[3823, 5357, 5393, 5522]	0.005480880454729642	0.7649402390438247	0.6932832016314046	9.515151515151516	True	False		False	True	False
EIG.6762	/mnt/iusers01/sk01/f70829xm/code/nhm/data_rds/02_raw_images/new250/new250_row0030_EIG.6762.jpg	Y0145	145	blank paper label	auxiliary	0.03281391	[3, 1145, 561, 1520]	0.00442723117217594	0.046812749003984064	0.16983176140708642	1.488	False	True		False	False	True
EIG.6762	/mnt/iusers01/sk01/f70829xm/code/nhm/data_rds/02_raw_images/new250/new250_row0030_EIG.6762.jpg	Y0146	146	colour chart	auxiliary	0.03239317	[1375, 7163, 2395, 7460]	0.006409488226040523	0.31291500664010624	0.9318761152179454	3.4343434343434343	False	True	Y0005	True	False	False
EIG.6762	/mnt/iusers01/sk01/f70829xm/code/nhm/data_rds/02_raw_images/new250/new250_row0030_EIG.6762.jpg	Y0147	147	empty label	auxiliary	0.03229038	[401, 5515, 565, 5676]	0.0005586456959146167	0.0801792828685259	0.7131659444302829	1.0186335403726707	False	True	Y0041	True	False	False
EIG.6762	/mnt/iusers01/sk01/f70829xm/code/nhm/data_rds/02_raw_images/new250/new250_row0030_EIG.6762.jpg	Y0148	148	barcode label	text	0.03219828	[2520, 7017, 3148, 7429]	0.005474236963269363	0.4704515272244356	0.9205964822839664	1.5242718446601942	True	False	Y0088	True	False	False
EIG.6762	/mnt/iusers01/sk01/f70829xm/code/nhm/data_rds/02_raw_images/new250/new250_row0030_EIG.6762.jpg	Y0149	149	catalog number	text	0.03209374	[4689, 6553, 5387, 6618]	0.0009599210431618754	0.8363213811420983	0.8393448891154729	10.738461538461538	True	False		False	True	False
EIG.6762	/mnt/iusers01/sk01/f70829xm/code/nhm/data_rds/02_raw_images/new250/new250_row0030_EIG.6762.jpg	Y0150	150	annotation label	text	0.03199161	[1, 4955, 569, 5332]	0.00453060728451645	0.04731075697211155	0.6555569717053276	1.506631299734748	True	False	Y0083	True	False	False
EIG.6762	/mnt/iusers01/sk01/f70829xm/code/nhm/data_rds/02_raw_images/new250/new250_row0030_EIG.6762.jpg	Y0151	151	blank paper label	auxiliary	0.03166028	[0, 3844, 106, 4607]	0.0017111856761923333	0.008798140770252325	0.5385546775426969	0.13892529488859764	False	True		False	False	True
EIG.6762	/mnt/iusers01/sk01/f70829xm/code/nhm/data_rds/02_raw_images/new250/new250_row0030_EIG.6762.jpg	Y0152	152	blank paper label	auxiliary	0.03108627	[428, 7621, 596, 7785]	0.0005829346392152521	0.0849933598937583	0.9817741524343615	1.024390243902439	False	True		False	False	True
EIG.6762	/mnt/iusers01/sk01/f70829xm/code/nhm/data_rds/02_raw_images/new250/new250_row0030_EIG.6762.jpg	Y0153	153	catalog number	text	0.03103455	[3916, 7639, 4076, 7683]	0.00014894961745337454	0.6633466135458167	0.9764211062962019	3.6363636363636362	True	False		False	True	False
EIG.6762	/mnt/iusers01/sk01/f70829xm/code/nhm/data_rds/02_raw_images/new250/new250_row0030_EIG.6762.jpg	Y0154	154	database label	text	0.03091319	[2534, 7365, 2702, 7428]	0.00022393220896683468	0.4345949535192563	0.9427096609737445	2.6666666666666665	True	False	Y0128	True	False	False
EIG.6762	/mnt/iusers01/sk01/f70829xm/code/nhm/data_rds/02_raw_images/new250/new250_row0030_EIG.6762.jpg	Y0155	155	blank paper label	auxiliary	0.03068896	[3840, 6959, 4665, 7642]	0.011921787740701736	0.7059262948207171	0.9304741269436656	1.2079062957540263	False	True	Y0013	True	False	False
EIG.6762	/mnt/iusers01/sk01/f70829xm/code/nhm/data_rds/02_raw_images/new250/new250_row0030_EIG.6762.jpg	Y0156	156	annotation label	text	0.03059305	[3776, 6312, 5473, 6675]	0.013033324260947544	0.7676792828685259	0.8276191690033138	4.674931129476584	True	False	Y0252	True	False	False
EIG.6762	/mnt/iusers01/sk01/f70829xm/code/nhm/data_rds/02_raw_images/new250/new250_row0030_EIG.6762.jpg	Y0157	157	catalog number	text	0.03045719	[2522, 7017, 3148, 7164]	0.0019469661501838682	0.4706175298804781	0.9037088962528677	4.258503401360544	True	False	Y0285	True	False	False
EIG.6762	/mnt/iusers01/sk01/f70829xm/code/nhm/data_rds/02_raw_images/new250/new250_row0030_EIG.6762.jpg	Y0158	158	color checker	auxiliary	0.03028833	[245, 786, 533, 1131]	0.0021022207372396727	0.0645750332005312	0.12216416008157023	0.8347826086956521	False	True	Y0023	True	False	False
EIG.6762	/mnt/iusers01/sk01/f70829xm/code/nhm/data_rds/02_raw_images/new250/new250_row0030_EIG.6762.jpg	Y0159	159	printed label	text	0.02990002	[4066, 6552, 5429, 6697]	0.004181485460993988	0.788097609561753	0.8443155748151925	9.4	True	False		False	True	False
EIG.6762	/mnt/iusers01/sk01/f70829xm/code/nhm/data_rds/02_raw_images/new250/new250_row0030_EIG.6762.jpg	Y0160	160	colour chart	auxiliary	0.02965475	[1052, 629, 4966, 5206]	0.37902553267260636	0.4995019920318725	0.3718455263828703	0.8551452916757701	False	True	Y0069	True	False	False
EIG.6762	/mnt/iusers01/sk01/f70829xm/code/nhm/data_rds/02_raw_images/new250/new250_row0030_EIG.6762.jpg	Y0161	161	calibration color map	auxiliary	0.02912911	[1375, 7163, 2395, 7460]	0.006409488226040523	0.31291500664010624	0.9318761152179454	3.4343434343434343	False	True	Y0005	True	False	False
EIG.6762	/mnt/iusers01/sk01/f70829xm/code/nhm/data_rds/02_raw_images/new250/new250_row0030_EIG.6762.jpg	Y0162	162	annotation label	text	0.02895555	[3786, 5989, 5523, 6659]	0.024623022059099824	0.7726593625498008	0.8060158042314555	2.5925373134328358	True	False	Y0217	True	False	False
EIG.6762	/mnt/iusers01/sk01/f70829xm/code/nhm/data_rds/02_raw_images/new250/new250_row0030_EIG.6762.jpg	Y0163	163	annotation label	text	0.02870142	[3812, 6544, 5406, 6684]	0.004721533612343049	0.7651062416998672	0.8429773132806525	11.385714285714286	True	False	Y0095	True	False	False
EIG.6762	/mnt/iusers01/sk01/f70829xm/code/nhm/data_rds/02_raw_images/new250/new250_row0030_EIG.6762.jpg	Y0164	164	primary specimen label	text	0.02865291	[245, 786, 533, 1131]	0.0021022207372396727	0.0645750332005312	0.12216416008157023	0.8347826086956521	True	False		False	True	False
EIG.6762	/mnt/iusers01/sk01/f70829xm/code/nhm/data_rds/02_raw_images/new250/new250_row0030_EIG.6762.jpg	Y0165	165	empty label	auxiliary	0.02841054	[1, 4955, 569, 5332]	0.00453060728451645	0.04731075697211155	0.6555569717053276	1.506631299734748	False	True	Y0100	True	False	False
EIG.6762	/mnt/iusers01/sk01/f70829xm/code/nhm/data_rds/02_raw_images/new250/new250_row0030_EIG.6762.jpg	Y0166	166	barcode label	text	0.0281138	[245, 786, 533, 1131]	0.0021022207372396727	0.0645750332005312	0.12216416008157023	0.8347826086956521	True	False	Y0164	True	False	False
EIG.6762	/mnt/iusers01/sk01/f70829xm/code/nhm/data_rds/02_raw_images/new250/new250_row0030_EIG.6762.jpg	Y0167	167	empty label	auxiliary	0.027835	[4, 809, 726, 4983]	0.063761184339031	0.06059096945551129	0.36910527657405046	0.17297556300910397	False	True	Y0135	True	False	False
EIG.6762	/mnt/iusers01/sk01/f70829xm/code/nhm/data_rds/02_raw_images/new250/new250_row0030_EIG.6762.jpg	Y0168	168	database label	text	0.027685	[245, 786, 533, 1131]	0.0021022207372396727	0.0645750332005312	0.12216416008157023	0.8347826086956521	True	False	Y0164	True	False	False
EIG.6762	/mnt/iusers01/sk01/f70829xm/code/nhm/data_rds/02_raw_images/new250/new250_row0030_EIG.6762.jpg	Y0169	169	type specimen label	text	0.02751747	[3822, 5985, 5468, 6183]	0.006895436352982158	0.7710823373173971	0.775426969156258	8.313131313131313	True	False	Y0190	True	False	False
EIG.6762	/mnt/iusers01/sk01/f70829xm/code/nhm/data_rds/02_raw_images/new250/new250_row0030_EIG.6762.jpg	Y0170	170	database label	text	0.02748003	[4935, 6340, 5516, 6421]	0.000995698572013247	0.8674468791500664	0.8132169258220749	7.172839506172839	True	False	Y0240	True	False	False
EIG.6762	/mnt/iusers01/sk01/f70829xm/code/nhm/data_rds/02_raw_images/new250/new250_row0030_EIG.6762.jpg	Y0171	171	printed label	text	0.02723843	[2534, 7365, 2702, 7428]	0.00022393220896683468	0.4345949535192563	0.9427096609737445	2.6666666666666665	True	False	Y0128	True	False	False
EIG.6762	/mnt/iusers01/sk01/f70829xm/code/nhm/data_rds/02_raw_images/new250/new250_row0030_EIG.6762.jpg	Y0172	172	colour chart	auxiliary	0.02662584	[3, 1145, 561, 1520]	0.00442723117217594	0.046812749003984064	0.16983176140708642	1.488	False	True	Y0145	True	False	False
EIG.6762	/mnt/iusers01/sk01/f70829xm/code/nhm/data_rds/02_raw_images/new250/new250_row0030_EIG.6762.jpg	Y0173	173	primary specimen label	text	0.0265204	[2534, 7365, 2702, 7428]	0.00022393220896683468	0.4345949535192563	0.9427096609737445	2.6666666666666665	True	False	Y0128	True	False	False
EIG.6762	/mnt/iusers01/sk01/f70829xm/code/nhm/data_rds/02_raw_images/new250/new250_row0030_EIG.6762.jpg	Y0174	174	herbarium stamp	text	0.0264271	[3742, 5308, 5620, 7819]	0.09977208169615699	0.7770584329349269	0.8365409125669131	0.7479091995221028	True	False	Y0012	True	False	False
EIG.6762	/mnt/iusers01/sk01/f70829xm/code/nhm/data_rds/02_raw_images/new250/new250_row0030_EIG.6762.jpg	Y0175	175	printed label	text	0.02615339	[3742, 5308, 5620, 7819]	0.09977208169615699	0.7770584329349269	0.8365409125669131	0.7479091995221028	True	False	Y0012	True	False	False
EIG.6762	/mnt/iusers01/sk01/f70829xm/code/nhm/data_rds/02_raw_images/new250/new250_row0030_EIG.6762.jpg	Y0176	176	empty label	auxiliary	0.0260466	[3, 1145, 561, 1520]	0.00442723117217594	0.046812749003984064	0.16983176140708642	1.488	False	True	Y0145	True	False	False
EIG.6762	/mnt/iusers01/sk01/f70829xm/code/nhm/data_rds/02_raw_images/new250/new250_row0030_EIG.6762.jpg	Y0177	177	database label	text	0.02569998	[4689, 6553, 5387, 6618]	0.0009599210431618754	0.8363213811420983	0.8393448891154729	10.738461538461538	True	False	Y0149	True	False	False
EIG.6762	/mnt/iusers01/sk01/f70829xm/code/nhm/data_rds/02_raw_images/new250/new250_row0030_EIG.6762.jpg	Y0178	178	calibration color map	auxiliary	0.02560882	[2520, 7017, 3148, 7429]	0.005474236963269363	0.4704515272244356	0.9205964822839664	1.5242718446601942	False	True	Y0036	True	False	False
EIG.6762	/mnt/iusers01/sk01/f70829xm/code/nhm/data_rds/02_raw_images/new250/new250_row0030_EIG.6762.jpg	Y0179	179	colour chart	auxiliary	0.02552436	[401, 5515, 565, 5676]	0.0005586456959146167	0.0801792828685259	0.7131659444302829	1.0186335403726707	False	True	Y0041	True	False	False
EIG.6762	/mnt/iusers01/sk01/f70829xm/code/nhm/data_rds/02_raw_images/new250/new250_row0030_EIG.6762.jpg	Y0180	180	empty label	auxiliary	0.02532026	[426, 7266, 591, 7439]	0.0006039441520179796	0.08441235059760956	0.9371017078766251	0.953757225433526	False	True	Y0084	True	False	False
EIG.6762	/mnt/iusers01/sk01/f70829xm/code/nhm/data_rds/02_raw_images/new250/new250_row0030_EIG.6762.jpg	Y0181	181	type specimen label	text	0.02525548	[3950, 6546, 5438, 6674]	0.004029764195829478	0.7792164674634794	0.8424674993627326	11.625	True	False		False	True	False
EIG.6762	/mnt/iusers01/sk01/f70829xm/code/nhm/data_rds/02_raw_images/new250/new250_row0030_EIG.6762.jpg	Y0182	182	ruler	auxiliary	0.02522169	[0, 3844, 106, 4607]	0.0017111856761923333	0.008798140770252325	0.5385546775426969	0.13892529488859764	False	True	Y0151	True	False	False
EIG.6762	/mnt/iusers01/sk01/f70829xm/code/nhm/data_rds/02_raw_images/new250/new250_row0030_EIG.6762.jpg	Y0183	183	blank paper label	auxiliary	0.02489023	[409, 5865, 566, 6035]	0.00056469677412366	0.08092629482071713	0.7583482029059393	0.9235294117647059	False	True		False	False	True
EIG.6762	/mnt/iusers01/sk01/f70829xm/code/nhm/data_rds/02_raw_images/new250/new250_row0030_EIG.6762.jpg	Y0184	184	printed label	text	0.02481934	[3823, 5357, 5393, 5522]	0.005480880454729642	0.7649402390438247	0.6932832016314046	9.515151515151516	True	False	Y0144	True	False	False
EIG.6762	/mnt/iusers01/sk01/f70829xm/code/nhm/data_rds/02_raw_images/new250/new250_row0030_EIG.6762.jpg	Y0185	185	color checker	auxiliary	0.02461856	[711, 255, 4382, 5232]	0.3865616427991831	0.4227257636122178	0.34966862095335205	0.7375929274663452	False	True	Y0058	True	False	False
EIG.6762	/mnt/iusers01/sk01/f70829xm/code/nhm/data_rds/02_raw_images/new250/new250_row0030_EIG.6762.jpg	Y0186	186	database label	text	0.02441366	[4097, 6562, 4489, 6685]	0.0010201356186266912	0.7126494023904383	0.8441881213357124	3.186991869918699	True	False	Y0203	True	False	False
EIG.6762	/mnt/iusers01/sk01/f70829xm/code/nhm/data_rds/02_raw_images/new250/new250_row0030_EIG.6762.jpg	Y0187	187	empty label	auxiliary	0.02441048	[0, 3844, 106, 4607]	0.0017111856761923333	0.008798140770252325	0.5385546775426969	0.13892529488859764	False	True	Y0151	True	False	False
EIG.6762	/mnt/iusers01/sk01/f70829xm/code/nhm/data_rds/02_raw_images/new250/new250_row0030_EIG.6762.jpg	Y0188	188	primary specimen label	text	0.02436462	[2521, 7017, 3149, 7371]	0.004703591953877074	0.4706175298804781	0.9169003313790467	1.7740112994350283	True	False	Y0088	True	False	False
EIG.6762	/mnt/iusers01/sk01/f70829xm/code/nhm/data_rds/02_raw_images/new250/new250_row0030_EIG.6762.jpg	Y0189	189	color checker	auxiliary	0.02430657	[4, 809, 726, 4983]	0.063761184339031	0.06059096945551129	0.36910527657405046	0.17297556300910397	False	True	Y0135	True	False	False
EIG.6762	/mnt/iusers01/sk01/f70829xm/code/nhm/data_rds/02_raw_images/new250/new250_row0030_EIG.6762.jpg	Y0190	190	catalog number	text	0.02417967	[3819, 5983, 5532, 6185]	0.007321085273994514	0.7761454183266933	0.775426969156258	8.48019801980198	True	False		False	True	False
EIG.6762	/mnt/iusers01/sk01/f70829xm/code/nhm/data_rds/02_raw_images/new250/new250_row0030_EIG.6762.jpg	Y0191	191	blank paper label	auxiliary	0.02417251	[421, 3457, 582, 3626]	0.0005756775768876233	0.08325033200531208	0.4513764975783839	0.9526627218934911	False	True		False	False	True
EIG.6762	/mnt/iusers01/sk01/f70829xm/code/nhm/data_rds/02_raw_images/new250/new250_row0030_EIG.6762.jpg	Y0192	192	type specimen label	text	0.02386243	[4689, 6553, 5387, 6618]	0.0009599210431618754	0.8363213811420983	0.8393448891154729	10.738461538461538	True	False	Y0149	True	False	False
EIG.6762	/mnt/iusers01/sk01/f70829xm/code/nhm/data_rds/02_raw_images/new250/new250_row0030_EIG.6762.jpg	Y0193	193	blank paper label	auxiliary	0.02364755	[411, 2759, 572, 2920]	0.0005484265673308127	0.08159030544488712	0.36190415498343104	1.0	False	True		False	False	True
EIG.6762	/mnt/iusers01/sk01/f70829xm/code/nhm/data_rds/02_raw_images/new250/new250_row0030_EIG.6762.jpg	Y0194	194	empty label	auxiliary	0.02325371	[394, 1697, 560, 1866]	0.0005935557625052513	0.07918326693227092	0.22705837369360182	0.9822485207100592	False	True	Y0070	True	False	False
EIG.6762	/mnt/iusers01/sk01/f70829xm/code/nhm/data_rds/02_raw_images/new250/new250_row0030_EIG.6762.jpg	Y0195	195	barcode label	text	0.02309783	[247, 4603, 543, 4949]	0.002166878412088751	0.06557104913678619	0.6087178179964313	0.8554913294797688	True	False	Y0133	True	False	False
EIG.6762	/mnt/iusers01/sk01/f70829xm/code/nhm/data_rds/02_raw_images/new250/new250_row0030_EIG.6762.jpg	Y0196	196	printed label	text	0.02299776	[4232, 5990, 4653, 6072]	0.0007304032235405392	0.7374667994687915	0.7686719347438185	5.134146341463414	True	False		False	True	False
EIG.6762	/mnt/iusers01/sk01/f70829xm/code/nhm/data_rds/02_raw_images/new250/new250_row0030_EIG.6762.jpg	Y0197	197	annotation label	text	0.02237346	[4066, 6552, 5429, 6697]	0.004181485460993988	0.788097609561753	0.8443155748151925	9.4	True	False	Y0159	True	False	False
EIG.6762	/mnt/iusers01/sk01/f70829xm/code/nhm/data_rds/02_raw_images/new250/new250_row0030_EIG.6762.jpg	Y0198	198	barcode label	text	0.0223364	[4689, 6553, 5387, 6618]	0.0009599210431618754	0.8363213811420983	0.8393448891154729	10.738461538461538	True	False	Y0149	True	False	False
EIG.6762	/mnt/iusers01/sk01/f70829xm/code/nhm/data_rds/02_raw_images/new250/new250_row0030_EIG.6762.jpg	Y0199	199	color bar	auxiliary	0.02203878	[3918, 1266, 4985, 2679]	0.03189872424652651	0.7389608233731739	0.2514019882742799	0.7551309271054494	False	True	Y0130	True	False	False
EIG.6762	/mnt/iusers01/sk01/f70829xm/code/nhm/data_rds/02_raw_images/new250/new250_row0030_EIG.6762.jpg	Y0200	200	primary specimen label	text	0.02183093	[3840, 6959, 4665, 7642]	0.011921787740701736	0.7059262948207171	0.9304741269436656	1.2079062957540263	True	False	Y0021	True	False	False
EIG.6762	/mnt/iusers01/sk01/f70829xm/code/nhm/data_rds/02_raw_images/new250/new250_row0030_EIG.6762.jpg	Y0201	201	institution logo	auxiliary	0.0211005	[3819, 5983, 5532, 6185]	0.007321085273994514	0.7761454183266933	0.775426969156258	8.48019801980198	False	True	Y0126	True	False	False
EIG.6762	/mnt/iusers01/sk01/f70829xm/code/nhm/data_rds/02_raw_images/new250/new250_row0030_EIG.6762.jpg	Y0202	202	empty label	auxiliary	0.02099447	[299, 1695, 562, 1870]	0.0009737792817175516	0.07146414342629483	0.22718582717308183	1.502857142857143	False	True	Y0143	True	False	False
EIG.6762	/mnt/iusers01/sk01/f70829xm/code/nhm/data_rds/02_raw_images/new250/new250_row0030_EIG.6762.jpg	Y0203	203	printed label	text	0.02077849	[4097, 6562, 4489, 6685]	0.0010201356186266912	0.7126494023904383	0.8441881213357124	3.186991869918699	True	False		False	True	False
EIG.6762	/mnt/iusers01/sk01/f70829xm/code/nhm/data_rds/02_raw_images/new250/new250_row0030_EIG.6762.jpg	Y0204	204	primary specimen label	text	0.02070759	[3819, 5983, 5532, 6185]	0.007321085273994514	0.7761454183266933	0.775426969156258	8.48019801980198	True	False	Y0190	True	False	False
EIG.6762	/mnt/iusers01/sk01/f70829xm/code/nhm/data_rds/02_raw_images/new250/new250_row0030_EIG.6762.jpg	Y0205	205	color calibration chart	auxiliary	0.0206781	[3786, 5989, 5523, 6659]	0.024623022059099824	0.7726593625498008	0.8060158042314555	2.5925373134328358	False	True		False	False	True
EIG.6762	/mnt/iusers01/sk01/f70829xm/code/nhm/data_rds/02_raw_images/new250/new250_row0030_EIG.6762.jpg	Y0206	206	catalog number	text	0.02040287	[247, 4603, 543, 4949]	0.002166878412088751	0.06557104913678619	0.6087178179964313	0.8554913294797688	True	False	Y0133	True	False	False
EIG.6762	/mnt/iusers01/sk01/f70829xm/code/nhm/data_rds/02_raw_images/new250/new250_row0030_EIG.6762.jpg	Y0207	207	blank paper label	auxiliary	0.02037805	[2520, 7017, 3148, 7429]	0.005474236963269363	0.4704515272244356	0.9205964822839664	1.5242718446601942	False	True	Y0036	True	False	False
EIG.6762	/mnt/iusers01/sk01/f70829xm/code/nhm/data_rds/02_raw_images/new250/new250_row0030_EIG.6762.jpg	Y0208	208	blank paper label	auxiliary	0.02029263	[329, 7099, 423, 7262]	0.000324176994122245	0.06241699867197875	0.9151797094060667	0.5766871165644172	False	True		False	False	True
EIG.6762	/mnt/iusers01/sk01/f70829xm/code/nhm/data_rds/02_raw_images/new250/new250_row0030_EIG.6762.jpg	Y0209	209	scale bar	auxiliary	0.0202278	[3918, 1266, 4985, 2679]	0.03189872424652651	0.7389608233731739	0.2514019882742799	0.7551309271054494	False	True	Y0130	True	False	False
EIG.6762	/mnt/iusers01/sk01/f70829xm/code/nhm/data_rds/02_raw_images/new250/new250_row0030_EIG.6762.jpg	Y0210	210	herbarium stamp	text	0.02011549	[3824, 6330, 4571, 6486]	0.0024655393211756595	0.6967961487383798	0.8167218965077747	4.788461538461538	True	False	Y0258	True	False	False
EIG.6762	/mnt/iusers01/sk01/f70829xm/code/nhm/data_rds/02_raw_images/new250/new250_row0030_EIG.6762.jpg	Y0211	211	printed label	text	0.02006445	[4235, 5446, 5252, 5525]	0.0016998663515705214	0.787433598937583	0.699146061687484	12.873417721518987	True	False		False	True	False
EIG.6762	/mnt/iusers01/sk01/f70829xm/code/nhm/data_rds/02_raw_images/new250/new250_row0030_EIG.6762.jpg	Y0212	212	blank paper label	auxiliary	0.02003462	[301, 1880, 392, 2039]	0.0003061295475756926	0.0575199203187251	0.24974509304104003	0.5723270440251572	False	True		False	False	True
EIG.6762	/mnt/iusers01/sk01/f70829xm/code/nhm/data_rds/02_raw_images/new250/new250_row0030_EIG.6762.jpg	Y0213	213	annotation label	text	0.0200185	[4097, 6562, 4489, 6685]	0.0010201356186266912	0.7126494023904383	0.8441881213357124	3.186991869918699	True	False	Y0203	True	False	False
EIG.6762	/mnt/iusers01/sk01/f70829xm/code/nhm/data_rds/02_raw_images/new250/new250_row0030_EIG.6762.jpg	Y0214	214	printed label	text	0.01993728	[1, 4955, 569, 5332]	0.00453060728451645	0.04731075697211155	0.6555569717053276	1.506631299734748	True	False	Y0083	True	False	False
EIG.6762	/mnt/iusers01/sk01/f70829xm/code/nhm/data_rds/02_raw_images/new250/new250_row0030_EIG.6762.jpg	Y0215	215	printed label	text	0.0197975	[3811, 6305, 5561, 6681]	0.01392171140402279	0.7778884462151394	0.8275554422635738	4.654255319148936	True	False	Y0252	True	False	False
EIG.6762	/mnt/iusers01/sk01/f70829xm/code/nhm/data_rds/02_raw_images/new250/new250_row0030_EIG.6762.jpg	Y0216	216	annotation label	text	0.01974935	[3, 1145, 561, 1520]	0.00442723117217594	0.046812749003984064	0.16983176140708642	1.488	True	False	Y0288	True	False	False
EIG.6762	/mnt/iusers01/sk01/f70829xm/code/nhm/data_rds/02_raw_images/new250/new250_row0030_EIG.6762.jpg	Y0217	217	type specimen label	text	0.01974916	[3786, 5989, 5523, 6659]	0.024623022059099824	0.7726593625498008	0.8060158042314555	2.5925373134328358	True	False		False	True	False
EIG.6762	/mnt/iusers01/sk01/f70829xm/code/nhm/data_rds/02_raw_images/new250/new250_row0030_EIG.6762.jpg	Y0218	218	printed label	text	0.01972042	[4425, 6000, 5066, 6183]	0.0024818518432007377	0.787765604249668	0.7763828702523579	3.5027322404371586	True	False		False	True	False
EIG.6762	/mnt/iusers01/sk01/f70829xm/code/nhm/data_rds/02_raw_images/new250/new250_row0030_EIG.6762.jpg	Y0219	219	printed label	text	0.01952793	[4094, 5666, 4951, 5730]	0.0011604529287049272	0.7507470119521913	0.7262299260769819	13.390625	True	False		False	True	False
EIG.6762	/mnt/iusers01/sk01/f70829xm/code/nhm/data_rds/02_raw_images/new250/new250_row0030_EIG.6762.jpg	Y0220	220	printed label	text	0.01883419	[1117, 7004, 3166, 7474]	0.020375419047744783	0.35549468791500666	0.9226357379556462	4.359574468085106	True	False		False	True	False
EIG.6762	/mnt/iusers01/sk01/f70829xm/code/nhm/data_rds/02_raw_images/new250/new250_row0030_EIG.6762.jpg	Y0221	221	barcode label	text	0.01877907	[3824, 5393, 5443, 5533]	0.004795585268747425	0.7691733067729084	0.6962783583991843	11.564285714285715	True	False	Y0131	True	False	False
EIG.6762	/mnt/iusers01/sk01/f70829xm/code/nhm/data_rds/02_raw_images/new250/new250_row0030_EIG.6762.jpg	Y0222	222	calibration color map	auxiliary	0.01872511	[4, 809, 726, 4983]	0.063761184339031	0.06059096945551129	0.36910527657405046	0.17297556300910397	False	True	Y0135	True	False	False
EIG.6762	/mnt/iusers01/sk01/f70829xm/code/nhm/data_rds/02_raw_images/new250/new250_row0030_EIG.6762.jpg	Y0223	223	printed label	text	0.01863004	[3944, 6117, 4759, 6176]	0.0010173639709155561	0.7223605577689243	0.7833928116237573	13.813559322033898	True	False		False	True	False
EIG.6762	/mnt/iusers01/sk01/f70829xm/code/nhm/data_rds/02_raw_images/new250/new250_row0030_EIG.6762.jpg	Y0224	224	herbarium stamp	text	0.01860155	[2534, 7365, 2702, 7428]	0.00022393220896683468	0.4345949535192563	0.9427096609737445	2.6666666666666665	True	False	Y0128	True	False	False
EIG.6762	/mnt/iusers01/sk01/f70829xm/code/nhm/data_rds/02_raw_images/new250/new250_row0030_EIG.6762.jpg	Y0225	225	color calibration chart	auxiliary	0.01851779	[4, 809, 726, 4983]	0.063761184339031	0.06059096945551129	0.36910527657405046	0.17297556300910397	False	True	Y0135	True	False	False
EIG.6762	/mnt/iusers01/sk01/f70829xm/code/nhm/data_rds/02_raw_images/new250/new250_row0030_EIG.6762.jpg	Y0226	226	annotation label	text	0.01849875	[3916, 7639, 4076, 7683]	0.00014894961745337454	0.6633466135458167	0.9764211062962019	3.6363636363636362	True	False	Y0153	True	False	False
EIG.6762	/mnt/iusers01/sk01/f70829xm/code/nhm/data_rds/02_raw_images/new250/new250_row0030_EIG.6762.jpg	Y0227	227	printed label	text	0.01842059	[3839, 6328, 4594, 6493]	0.0026357100275929165	0.6999501992031872	0.8170405302064746	4.575757575757576	True	False	Y0258	True	False	False
EIG.6762	/mnt/iusers01/sk01/f70829xm/code/nhm/data_rds/02_raw_images/new250/new250_row0030_EIG.6762.jpg	Y0228	228	catalog number	text	0.0182697	[5217, 5455, 5438, 5517]	0.0002899016560150764	0.8843791500664011	0.699209788427224	3.564516129032258	True	False		False	True	False
EIG.6762	/mnt/iusers01/sk01/f70829xm/code/nhm/data_rds/02_raw_images/new250/new250_row0030_EIG.6762.jpg	Y0229	229	printed label	text	0.01823245	[3817, 6329, 5482, 6680]	0.012364828222161063	0.7718293492695883	0.8290211572775936	4.743589743589744	True	False	Y0252	True	False	False
EIG.6762	/mnt/iusers01/sk01/f70829xm/code/nhm/data_rds/02_raw_images/new250/new250_row0030_EIG.6762.jpg	Y0230	230	catalog number	text	0.01808552	[1, 4955, 569, 5332]	0.00453060728451645	0.04731075697211155	0.6555569717053276	1.506631299734748	True	False	Y0083	True	False	False
EIG.6762	/mnt/iusers01/sk01/f70829xm/code/nhm/data_rds/02_raw_images/new250/new250_row0030_EIG.6762.jpg	Y0231	231	calibration color map	auxiliary	0.01801612	[247, 4603, 543, 4949]	0.002166878412088751	0.06557104913678619	0.6087178179964313	0.8554913294797688	False	True	Y0039	True	False	False
EIG.6762	/mnt/iusers01/sk01/f70829xm/code/nhm/data_rds/02_raw_images/new250/new250_row0030_EIG.6762.jpg	Y0232	232	database label	text	0.0179522	[3824, 5393, 5443, 5533]	0.004795585268747425	0.7691733067729084	0.6962783583991843	11.564285714285715	True	False	Y0131	True	False	False
EIG.6762	/mnt/iusers01/sk01/f70829xm/code/nhm/data_rds/02_raw_images/new250/new250_row0030_EIG.6762.jpg	Y0233	233	annotation label	text	0.01764663	[3839, 6328, 4594, 6493]	0.0026357100275929165	0.6999501992031872	0.8170405302064746	4.575757575757576	True	False	Y0258	True	False	False
EIG.6762	/mnt/iusers01/sk01/f70829xm/code/nhm/data_rds/02_raw_images/new250/new250_row0030_EIG.6762.jpg	Y0234	234	printed label	text	0.01763846	[3942, 5502, 5231, 5796]	0.008018017148840276	0.7613711819389111	0.7199847055824624	4.384353741496598	True	False		False	True	False
EIG.6762	/mnt/iusers01/sk01/f70829xm/code/nhm/data_rds/02_raw_images/new250/new250_row0030_EIG.6762.jpg	Y0235	235	empty label	auxiliary	0.01763491	[401, 2048, 562, 2219]	0.0005824903292768259	0.07993027888446215	0.27192199847055826	0.9415204678362573	False	True	Y0081	True	False	False
EIG.6762	/mnt/iusers01/sk01/f70829xm/code/nhm/data_rds/02_raw_images/new250/new250_row0030_EIG.6762.jpg	Y0236	236	empty label	auxiliary	0.01744562	[412, 3111, 575, 3269]	0.0005448932454395182	0.08192231075697211	0.4065765995411675	1.0316455696202531	False	True	Y0094	True	False	False
EIG.6762	/mnt/iusers01/sk01/f70829xm/code/nhm/data_rds/02_raw_images/new250/new250_row0030_EIG.6762.jpg	Y0237	237	catalog number	text	0.01743077	[2521, 7017, 3149, 7371]	0.004703591953877074	0.4706175298804781	0.9169003313790467	1.7740112994350283	True	False	Y0088	True	False	False
EIG.6762	/mnt/iusers01/sk01/f70829xm/code/nhm/data_rds/02_raw_images/new250/new250_row0030_EIG.6762.jpg	Y0238	238	catalog number	text	0.01739616	[245, 786, 533, 1131]	0.0021022207372396727	0.0645750332005312	0.12216416008157023	0.8347826086956521	True	False	Y0164	True	False	False
EIG.6762	/mnt/iusers01/sk01/f70829xm/code/nhm/data_rds/02_raw_images/new250/new250_row0030_EIG.6762.jpg	Y0239	239	printed label	text	0.01725739	[3969, 6327, 4578, 6466]	0.001791013361796251	0.7094123505976095	0.8152561814937548	4.381294964028777	True	False		False	True	False
EIG.6762	/mnt/iusers01/sk01/f70829xm/code/nhm/data_rds/02_raw_images/new250/new250_row0030_EIG.6762.jpg	Y0240	240	catalog number	text	0.01721202	[4935, 6340, 5516, 6421]	0.000995698572013247	0.8674468791500664	0.8132169258220749	7.172839506172839	True	False		False	True	False
EIG.6762	/mnt/iusers01/sk01/f70829xm/code/nhm/data_rds/02_raw_images/new250/new250_row0030_EIG.6762.jpg	Y0241	241	annotation label	text	0.01682002	[3903, 5524, 5284, 5784]	0.0075968536424444125	0.7625332005312085	0.7206219729798623	5.311538461538461	True	False		False	True	False
EIG.6762	/mnt/iusers01/sk01/f70829xm/code/nhm/data_rds/02_raw_images/new250/new250_row0030_EIG.6762.jpg	Y0242	242	printed label	text	0.01678121	[3903, 5524, 5284, 5784]	0.0075968536424444125	0.7625332005312085	0.7206219729798623	5.311538461538461	True	False	Y0241	True	False	False
EIG.6762	/mnt/iusers01/sk01/f70829xm/code/nhm/data_rds/02_raw_images/new250/new250_row0030_EIG.6762.jpg	Y0243	243	barcode label	text	0.01670497	[2521, 7017, 3149, 7371]	0.004703591953877074	0.4706175298804781	0.9169003313790467	1.7740112994350283	True	False	Y0088	True	False	False
EIG.6762	/mnt/iusers01/sk01/f70829xm/code/nhm/data_rds/02_raw_images/new250/new250_row0030_EIG.6762.jpg	Y0244	244	printed label	text	0.01662717	[2604, 7188, 2987, 7275]	0.0007049929265857802	0.46406042496679945	0.9216798368595462	4.402298850574713	True	False		False	True	False
EIG.6762	/mnt/iusers01/sk01/f70829xm/code/nhm/data_rds/02_raw_images/new250/new250_row0030_EIG.6762.jpg	Y0245	245	annotation label	text	0.01651154	[3942, 5502, 5231, 5796]	0.008018017148840276	0.7613711819389111	0.7199847055824624	4.384353741496598	True	False	Y0234	True	False	False
EIG.6762	/mnt/iusers01/sk01/f70829xm/code/nhm/data_rds/02_raw_images/new250/new250_row0030_EIG.6762.jpg	Y0246	246	empty label	auxiliary	0.0164163	[258, 4601, 522, 4947]	0.0019326212864575346	0.0647410358565737	0.6084629110374713	0.7630057803468208	False	True	Y0039	True	False	False
EIG.6762	/mnt/iusers01/sk01/f70829xm/code/nhm/data_rds/02_raw_images/new250/new250_row0030_EIG.6762.jpg	Y0247	247	color bar	auxiliary	0.01634939	[258, 4601, 522, 4947]	0.0019326212864575346	0.0647410358565737	0.6084629110374713	0.7630057803468208	False	True	Y0039	True	False	False
EIG.6762	/mnt/iusers01/sk01/f70829xm/code/nhm/data_rds/02_raw_images/new250/new250_row0030_EIG.6762.jpg	Y0248	248	measurement scale	auxiliary	0.01627654	[4, 809, 726, 4983]	0.063761184339031	0.06059096945551129	0.36910527657405046	0.17297556300910397	False	True	Y0135	True	False	False
EIG.6762	/mnt/iusers01/sk01/f70829xm/code/nhm/data_rds/02_raw_images/new250/new250_row0030_EIG.6762.jpg	Y0249	249	type specimen label	text	0.01623742	[4935, 6340, 5516, 6421]	0.000995698572013247	0.8674468791500664	0.8132169258220749	7.172839506172839	True	False	Y0240	True	False	False
EIG.6762	/mnt/iusers01/sk01/f70829xm/code/nhm/data_rds/02_raw_images/new250/new250_row0030_EIG.6762.jpg	Y0250	250	empty label	auxiliary	0.01623707	[6, 4902, 734, 7833]	0.045145444223615355	0.06142098273572377	0.8115600305888351	0.24837939269873763	False	True	Y0127	True	False	False
EIG.6762	/mnt/iusers01/sk01/f70829xm/code/nhm/data_rds/02_raw_images/new250/new250_row0030_EIG.6762.jpg	Y0251	251	catalog number	text	0.01623617	[5311, 6126, 5512, 6192]	0.00028067693538870263	0.8983233731739708	0.7849859801172572	3.0454545454545454	True	False		False	True	False
EIG.6762	/mnt/iusers01/sk01/f70829xm/code/nhm/data_rds/02_raw_images/new250/new250_row0030_EIG.6762.jpg	Y0252	252	type specimen label	text	0.01618955	[3776, 6312, 5473, 6675]	0.013033324260947544	0.7676792828685259	0.8276191690033138	4.674931129476584	True	False		False	True	False
EIG.6762	/mnt/iusers01/sk01/f70829xm/code/nhm/data_rds/02_raw_images/new250/new250_row0030_EIG.6762.jpg	Y0253	253	handwritten note	text	0.01617156	[2521, 7017, 3149, 7371]	0.004703591953877074	0.4706175298804781	0.9169003313790467	1.7740112994350283	True	False	Y0088	True	False	False
EIG.6762	/mnt/iusers01/sk01/f70829xm/code/nhm/data_rds/02_raw_images/new250/new250_row0030_EIG.6762.jpg	Y0254	254	colour bar	auxiliary	0.01612682	[1453, 3472, 1864, 3856]	0.0033391796058183784	0.2753154050464807	0.46698954881468263	1.0703125	False	True		False	False	True
EIG.6762	/mnt/iusers01/sk01/f70829xm/code/nhm/data_rds/02_raw_images/new250/new250_row0030_EIG.6762.jpg	Y0255	255	catalog number	text	0.01610001	[189, 3244, 275, 3310]	0.00012009062907178323	0.03851261620185923	0.4176650522559266	1.303030303030303	True	False		False	True	False
EIG.6762	/mnt/iusers01/sk01/f70829xm/code/nhm/data_rds/02_raw_images/new250/new250_row0030_EIG.6762.jpg	Y0256	256	color calibration chart	auxiliary	0.01608951	[1, 4955, 569, 5332]	0.00453060728451645	0.04731075697211155	0.6555569717053276	1.506631299734748	False	True	Y0100	True	False	False
EIG.6762	/mnt/iusers01/sk01/f70829xm/code/nhm/data_rds/02_raw_images/new250/new250_row0030_EIG.6762.jpg	Y0257	257	catalog number	text	0.01598405	[3840, 6959, 4665, 7642]	0.011921787740701736	0.7059262948207171	0.9304741269436656	1.2079062957540263	True	False	Y0021	True	False	False
EIG.6762	/mnt/iusers01/sk01/f70829xm/code/nhm/data_rds/02_raw_images/new250/new250_row0030_EIG.6762.jpg	Y0258	258	type specimen label	text	0.01586785	[3824, 6330, 4571, 6486]	0.0024655393211756595	0.6967961487383798	0.8167218965077747	4.788461538461538	True	False		False	True	False
EIG.6762	/mnt/iusers01/sk01/f70829xm/code/nhm/data_rds/02_raw_images/new250/new250_row0030_EIG.6762.jpg	Y0259	259	printed label	text	0.0157452	[4123, 5645, 4949, 5726]	0.001415571463826062	0.7529880478087649	0.724636757583482	10.197530864197532	True	False		False	True	False
EIG.6762	/mnt/iusers01/sk01/f70829xm/code/nhm/data_rds/02_raw_images/new250/new250_row0030_EIG.6762.jpg	Y0260	260	annotation label	text	0.01571502	[4380, 6558, 5250, 6618]	0.0011044275612309873	0.7993027888446215	0.8396635228141728	14.5	True	False	Y0298	True	False	False
EIG.6762	/mnt/iusers01/sk01/f70829xm/code/nhm/data_rds/02_raw_images/new250/new250_row0030_EIG.6762.jpg	Y0261	261	barcode label	text	0.01558679	[299, 1695, 562, 1870]	0.0009737792817175516	0.07146414342629483	0.22718582717308183	1.502857142857143	True	False		False	True	False
EIG.6762	/mnt/iusers01/sk01/f70829xm/code/nhm/data_rds/02_raw_images/new250/new250_row0030_EIG.6762.jpg	Y0262	262	printed label	text	0.01552584	[299, 1695, 562, 1870]	0.0009737792817175516	0.07146414342629483	0.22718582717308183	1.502857142857143	True	False	Y0261	True	False	False
EIG.6762	/mnt/iusers01/sk01/f70829xm/code/nhm/data_rds/02_raw_images/new250/new250_row0030_EIG.6762.jpg	Y0263	263	primary specimen label	text	0.01545736	[4689, 6553, 5387, 6618]	0.0009599210431618754	0.8363213811420983	0.8393448891154729	10.738461538461538	True	False	Y0149	True	False	False
EIG.6762	/mnt/iusers01/sk01/f70829xm/code/nhm/data_rds/02_raw_images/new250/new250_row0030_EIG.6762.jpg	Y0264	264	database label	text	0.01526518	[4094, 5666, 4951, 5730]	0.0011604529287049272	0.7507470119521913	0.7262299260769819	13.390625	True	False	Y0219	True	False	False
EIG.6762	/mnt/iusers01/sk01/f70829xm/code/nhm/data_rds/02_raw_images/new250/new250_row0030_EIG.6762.jpg	Y0265	265	institution logo	auxiliary	0.01516912	[3824, 5393, 5443, 5533]	0.004795585268747425	0.7691733067729084	0.6962783583991843	11.564285714285715	False	True		False	False	True
EIG.6762	/mnt/iusers01/sk01/f70829xm/code/nhm/data_rds/02_raw_images/new250/new250_row0030_EIG.6762.jpg	Y0266	266	blank paper label	auxiliary	0.01509725	[311, 2576, 407, 2744]	0.00034123003271136713	0.05959495351925631	0.3390262554167729	0.5714285714285714	False	True		False	False	True
EIG.6762	/mnt/iusers01/sk01/f70829xm/code/nhm/data_rds/02_raw_images/new250/new250_row0030_EIG.6762.jpg	Y0267	267	colour chart	auxiliary	0.0150162	[394, 1697, 560, 1866]	0.0005935557625052513	0.07918326693227092	0.22705837369360182	0.9822485207100592	False	True	Y0070	True	False	False
EIG.6762	/mnt/iusers01/sk01/f70829xm/code/nhm/data_rds/02_raw_images/new250/new250_row0030_EIG.6762.jpg	Y0268	268	colour bar	auxiliary	0.01496095	[258, 4601, 522, 4947]	0.0019326212864575346	0.0647410358565737	0.6084629110374713	0.7630057803468208	False	True	Y0039	True	False	False
EIG.6762	/mnt/iusers01/sk01/f70829xm/code/nhm/data_rds/02_raw_images/new250/new250_row0030_EIG.6762.jpg	Y0269	269	blank paper label	auxiliary	0.01492464	[325, 3453, 586, 3798]	0.0019051375431234532	0.07561420982735724	0.462082589854703	0.7565217391304347	False	True		False	False	True
EIG.6762	/mnt/iusers01/sk01/f70829xm/code/nhm/data_rds/02_raw_images/new250/new250_row0030_EIG.6762.jpg	Y0270	270	printed label	text	0.01491429	[4405, 6121, 5129, 6177]	0.0008578143877882979	0.7913346613545816	0.7837114453224573	12.928571428571429	True	False		False	True	False
EIG.6762	/mnt/iusers01/sk01/f70829xm/code/nhm/data_rds/02_raw_images/new250/new250_row0030_EIG.6762.jpg	Y0271	271	empty label	auxiliary	0.01478223	[420, 6925, 584, 7085]	0.0005551758468716687	0.08333333333333333	0.8928116237573286	1.025	False	True	Y0104	True	False	False
EIG.6762	/mnt/iusers01/sk01/f70829xm/code/nhm/data_rds/02_raw_images/new250/new250_row0030_EIG.6762.jpg	Y0272	272	colour chart	auxiliary	0.01465905	[401, 2048, 562, 2219]	0.0005824903292768259	0.07993027888446215	0.27192199847055826	0.9415204678362573	False	True	Y0081	True	False	False
EIG.6762	/mnt/iusers01/sk01/f70829xm/code/nhm/data_rds/02_raw_images/new250/new250_row0030_EIG.6762.jpg	Y0273	273	blank paper label	auxiliary	0.01432197	[4, 809, 726, 4983]	0.063761184339031	0.06059096945551129	0.36910527657405046	0.17297556300910397	False	True	Y0135	True	False	False
EIG.6762	/mnt/iusers01/sk01/f70829xm/code/nhm/data_rds/02_raw_images/new250/new250_row0030_EIG.6762.jpg	Y0274	274	empty label	auxiliary	0.0142814	[291, 2755, 571, 2923]	0.0009952542620748207	0.07154714475431607	0.36184042824369106	1.6666666666666667	False	True	Y0080	True	False	False
EIG.6762	/mnt/iusers01/sk01/f70829xm/code/nhm/data_rds/02_raw_images/new250/new250_row0030_EIG.6762.jpg	Y0275	275	printed label	text	0.01422187	[3828, 5429, 5462, 5795]	0.012653185372199704	0.7710823373173971	0.7152689268417027	4.46448087431694	True	False		False	True	False
EIG.6762	/mnt/iusers01/sk01/f70829xm/code/nhm/data_rds/02_raw_images/new250/new250_row0030_EIG.6762.jpg	Y0276	276	catalog number	text	0.01420033	[5049, 6336, 5518, 6405]	0.0006846816151148655	0.8770750332005313	0.8119423910272751	6.797101449275362	True	False		False	True	False
EIG.6762	/mnt/iusers01/sk01/f70829xm/code/nhm/data_rds/02_raw_images/new250/new250_row0030_EIG.6762.jpg	Y0277	277	barcode label	text	0.01418768	[3950, 6546, 5438, 6674]	0.004029764195829478	0.7792164674634794	0.8424674993627326	11.625	True	False	Y0181	True	False	False
EIG.6762	/mnt/iusers01/sk01/f70829xm/code/nhm/data_rds/02_raw_images/new250/new250_row0030_EIG.6762.jpg	Y0278	278	type specimen label	text	0.01417338	[4380, 6558, 5250, 6618]	0.0011044275612309873	0.7993027888446215	0.8396635228141728	14.5	True	False	Y0298	True	False	False
EIG.6762	/mnt/iusers01/sk01/f70829xm/code/nhm/data_rds/02_raw_images/new250/new250_row0030_EIG.6762.jpg	Y0279	279	database label	text	0.01413434	[3824, 6330, 4571, 6486]	0.0024655393211756595	0.6967961487383798	0.8167218965077747	4.788461538461538	True	False	Y0258	True	False	False
EIG.6762	/mnt/iusers01/sk01/f70829xm/code/nhm/data_rds/02_raw_images/new250/new250_row0030_EIG.6762.jpg	Y0280	280	color calibration chart	auxiliary	0.01410871	[3822, 5985, 5468, 6183]	0.006895436352982158	0.7710823373173971	0.775426969156258	8.313131313131313	False	True	Y0126	True	False	False
EIG.6762	/mnt/iusers01/sk01/f70829xm/code/nhm/data_rds/02_raw_images/new250/new250_row0030_EIG.6762.jpg	Y0281	281	annotation label	text	0.01407126	[4369, 5998, 5545, 6146]	0.003682440769676837	0.8228751660026561	0.7738975274024981	7.945945945945946	True	False		False	True	False
EIG.6762	/mnt/iusers01/sk01/f70829xm/code/nhm/data_rds/02_raw_images/new250/new250_row0030_EIG.6762.jpg	Y0282	282	printed label	text	0.0140012	[3792, 5604, 5610, 6182]	0.022232507644669854	0.7803784860557769	0.75108335457558	3.1453287197231834	True	False		False	True	False
EIG.6762	/mnt/iusers01/sk01/f70829xm/code/nhm/data_rds/02_raw_images/new250/new250_row0030_EIG.6762.jpg	Y0283	283	annotation label	text	0.01399978	[5049, 6336, 5518, 6405]	0.0006846816151148655	0.8770750332005313	0.8119423910272751	6.797101449275362	True	False	Y0276	True	False	False
EIG.6762	/mnt/iusers01/sk01/f70829xm/code/nhm/data_rds/02_raw_images/new250/new250_row0030_EIG.6762.jpg	Y0284	284	annotation label	text	0.01390092	[3969, 6327, 4578, 6466]	0.001791013361796251	0.7094123505976095	0.8152561814937548	4.381294964028777	True	False	Y0239	True	False	False
EIG.6762	/mnt/iusers01/sk01/f70829xm/code/nhm/data_rds/02_raw_images/new250/new250_row0030_EIG.6762.jpg	Y0285	285	handwritten note	text	0.01385107	[2522, 7017, 3148, 7164]	0.0019469661501838682	0.4706175298804781	0.9037088962528677	4.258503401360544	True	False		False	True	False
EIG.6762	/mnt/iusers01/sk01/f70829xm/code/nhm/data_rds/02_raw_images/new250/new250_row0030_EIG.6762.jpg	Y0286	286	printed label	text	0.01381691	[3790, 6483, 5571, 6979]	0.018690130293677866	0.7769754316069057	0.8578893703798114	3.590725806451613	True	False		False	True	False
EIG.6762	/mnt/iusers01/sk01/f70829xm/code/nhm/data_rds/02_raw_images/new250/new250_row0030_EIG.6762.jpg	Y0287	287	empty label	auxiliary	0.01379778	[301, 1880, 392, 2039]	0.0003061295475756926	0.0575199203187251	0.24974509304104003	0.5723270440251572	False	True	Y0212	True	False	False
EIG.6762	/mnt/iusers01/sk01/f70829xm/code/nhm/data_rds/02_raw_images/new250/new250_row0030_EIG.6762.jpg	Y0288	288	handwritten note	text	0.01374107	[3, 1145, 561, 1520]	0.00442723117217594	0.046812749003984064	0.16983176140708642	1.488	True	False		False	True	False
EIG.6762	/mnt/iusers01/sk01/f70829xm/code/nhm/data_rds/02_raw_images/new250/new250_row0030_EIG.6762.jpg	Y0289	289	calibration color map	auxiliary	0.01372244	[2521, 7017, 3149, 7371]	0.004703591953877074	0.4706175298804781	0.9169003313790467	1.7740112994350283	False	True	Y0036	True	False	False
EIG.6762	/mnt/iusers01/sk01/f70829xm/code/nhm/data_rds/02_raw_images/new250/new250_row0030_EIG.6762.jpg	Y0290	290	primary specimen label	text	0.01372034	[1446, 7198, 1724, 7432]	0.001376345243547858	0.2631142098273572	0.9323222023961254	1.188034188034188	True	False		False	True	False
EIG.6762	/mnt/iusers01/sk01/f70829xm/code/nhm/data_rds/02_raw_images/new250/new250_row0030_EIG.6762.jpg	Y0291	291	blank paper label	auxiliary	0.01362797	[309, 5693, 404, 5855]	0.00032561571201810145	0.05917994687915007	0.7359163905174612	0.5864197530864198	False	True		False	False	True
EIG.6762	/mnt/iusers01/sk01/f70829xm/code/nhm/data_rds/02_raw_images/new250/new250_row0030_EIG.6762.jpg	Y0292	292	blank paper label	auxiliary	0.01353716	[258, 4601, 522, 4947]	0.0019326212864575346	0.0647410358565737	0.6084629110374713	0.7630057803468208	False	True	Y0039	True	False	False
EIG.6762	/mnt/iusers01/sk01/f70829xm/code/nhm/data_rds/02_raw_images/new250/new250_row0030_EIG.6762.jpg	Y0293	293	database label	text	0.01352967	[3950, 6546, 5438, 6674]	0.004029764195829478	0.7792164674634794	0.8424674993627326	11.625	True	False	Y0181	True	False	False
EIG.6762	/mnt/iusers01/sk01/f70829xm/code/nhm/data_rds/02_raw_images/new250/new250_row0030_EIG.6762.jpg	Y0294	294	annotation label	text	0.01351469	[3799, 5296, 5237, 5510]	0.006510875522466172	0.75	0.688631149630385	6.719626168224299	True	False		False	True	False
EIG.6762	/mnt/iusers01/sk01/f70829xm/code/nhm/data_rds/02_raw_images/new250/new250_row0030_EIG.6762.jpg	Y0295	295	catalog number	text	0.0134358	[201, 7590, 284, 7661]	0.00012468183176885458	0.040255644090305444	0.9718965077746623	1.1690140845070423	True	False		False	True	False
EIG.6762	/mnt/iusers01/sk01/f70829xm/code/nhm/data_rds/02_raw_images/new250/new250_row0030_EIG.6762.jpg	Y0296	296	printed label	text	0.01336151	[3830, 6003, 5568, 6682]	0.02496814509317645	0.7800464807436919	0.8083736936018353	2.559646539027982	True	False	Y0217	True	False	False
EIG.6762	/mnt/iusers01/sk01/f70829xm/code/nhm/data_rds/02_raw_images/new250/new250_row0030_EIG.6762.jpg	Y0297	297	annotation label	text	0.01332462	[1117, 7004, 3166, 7474]	0.020375419047744783	0.35549468791500666	0.9226357379556462	4.359574468085106	True	False	Y0220	True	False	False
EIG.6762	/mnt/iusers01/sk01/f70829xm/code/nhm/data_rds/02_raw_images/new250/new250_row0030_EIG.6762.jpg	Y0298	298	catalog number	text	0.01315196	[4380, 6558, 5250, 6618]	0.0011044275612309873	0.7993027888446215	0.8396635228141728	14.5	True	False		False	True	False
EIG.6762	/mnt/iusers01/sk01/f70829xm/code/nhm/data_rds/02_raw_images/new250/new250_row0030_EIG.6762.jpg	Y0299	299	colour chart	auxiliary	0.01299497	[404, 2400, 566, 2563]	0.0005586880111468478	0.08051128818061089	0.3162758093295947	0.9938650306748467	False	True	Y0093	True	False	False
EIG.6762	/mnt/iusers01/sk01/f70829xm/code/nhm/data_rds/02_raw_images/new250/new250_row0030_EIG.6762.jpg	Y0300	300	colour chart	auxiliary	0.01294604	[2520, 7017, 3148, 7429]	0.005474236963269363	0.4704515272244356	0.9205964822839664	1.5242718446601942	False	True	Y0036	True	False	False
