countryCode,countryName_unsd,unsd_regionCode,unsd_regionName,unsd_subRegionCode,unsd_subRegionName,unsd_intermediateRegionCode,unsd_intermediateRegionName,m49Code,isoAlpha3,source,source_url,source_downloaded_utc
DZ,Algeria,2.0,Africa,15.0,Northern Africa,,,12,DZA,UNSD_M49_overview,https://unstats.un.org/unsd/methodology/m49/overview/,2026-06-23T11:19:31+00:00
EG,Egypt,2.0,Africa,15.0,Northern Africa,,,818,EGY,UNSD_M49_overview,https://unstats.un.org/unsd/methodology/m49/overview/,2026-06-23T11:19:31+00:00
LY,Libya,2.0,Africa,15.0,Northern Africa,,,434,LBY,UNSD_M49_overview,https://unstats.un.org/unsd/methodology/m49/overview/,2026-06-23T11:19:31+00:00
MA,Morocco,2.0,Africa,15.0,Northern Africa,,,504,MAR,UNSD_M49_overview,https://unstats.un.org/unsd/methodology/m49/overview/,2026-06-23T11:19:31+00:00
SD,Sudan,2.0,Africa,15.0,Northern Africa,,,729,SDN,UNSD_M49_overview,https://unstats.un.org/unsd/methodology/m49/overview/,2026-06-23T11:19:31+00:00
TN,Tunisia,2.0,Africa,15.0,Northern Africa,,,788,TUN,UNSD_M49_overview,https://unstats.un.org/unsd/methodology/m49/overview/,2026-06-23T11:19:31+00:00
EH,Western Sahara,2.0,Africa,15.0,Northern Africa,,,732,ESH,UNSD_M49_overview,https://unstats.un.org/unsd/methodology/m49/overview/,2026-06-23T11:19:31+00:00
IO,British Indian Ocean Territory,2.0,Africa,202.0,Sub-Saharan Africa,14.0,Eastern Africa,86,IOT,UNSD_M49_overview,https://unstats.un.org/unsd/methodology/m49/overview/,2026-06-23T11:19:31+00:00
BI,Burundi,2.0,Africa,202.0,Sub-Saharan Africa,14.0,Eastern Africa,108,BDI,UNSD_M49_overview,https://unstats.un.org/unsd/methodology/m49/overview/,2026-06-23T11:19:31+00:00
KM,Comoros,2.0,Africa,202.0,Sub-Saharan Africa,14.0,Eastern Africa,174,COM,UNSD_M49_overview,https://unstats.un.org/unsd/methodology/m49/overview/,2026-06-23T11:19:31+00:00
DJ,Djibouti,2.0,Africa,202.0,Sub-Saharan Africa,14.0,Eastern Africa,262,DJI,UNSD_M49_overview,https://unstats.un.org/unsd/methodology/m49/overview/,2026-06-23T11:19:31+00:00
ER,Eritrea,2.0,Africa,202.0,Sub-Saharan Africa,14.0,Eastern Africa,232,ERI,UNSD_M49_overview,https://unstats.un.org/unsd/methodology/m49/overview/,2026-06-23T11:19:31+00:00
ET,Ethiopia,2.0,Africa,202.0,Sub-Saharan Africa,14.0,Eastern Africa,231,ETH,UNSD_M49_overview,https://unstats.un.org/unsd/methodology/m49/overview/,2026-06-23T11:19:31+00:00
TF,French Southern Territories,2.0,Africa,202.0,Sub-Saharan Africa,14.0,Eastern Africa,260,ATF,UNSD_M49_overview,https://unstats.un.org/unsd/methodology/m49/overview/,2026-06-23T11:19:31+00:00
KE,Kenya,2.0,Africa,202.0,Sub-Saharan Africa,14.0,Eastern Africa,404,KEN,UNSD_M49_overview,https://unstats.un.org/unsd/methodology/m49/overview/,2026-06-23T11:19:31+00:00
MG,Madagascar,2.0,Africa,202.0,Sub-Saharan Africa,14.0,Eastern Africa,450,MDG,UNSD_M49_overview,https://unstats.un.org/unsd/methodology/m49/overview/,2026-06-23T11:19:31+00:00
MW,Malawi,2.0,Africa,202.0,Sub-Saharan Africa,14.0,Eastern Africa,454,MWI,UNSD_M49_overview,https://unstats.un.org/unsd/methodology/m49/overview/,2026-06-23T11:19:31+00:00
MU,Mauritius,2.0,Africa,202.0,Sub-Saharan Africa,14.0,Eastern Africa,480,MUS,UNSD_M49_overview,https://unstats.un.org/unsd/methodology/m49/overview/,2026-06-23T11:19:31+00:00
YT,Mayotte,2.0,Africa,202.0,Sub-Saharan Africa,14.0,Eastern Africa,175,MYT,UNSD_M49_overview,https://unstats.un.org/unsd/methodology/m49/overview/,2026-06-23T11:19:31+00:00
MZ,Mozambique,2.0,Africa,202.0,Sub-Saharan Africa,14.0,Eastern Africa,508,MOZ,UNSD_M49_overview,https://unstats.un.org/unsd/methodology/m49/overview/,2026-06-23T11:19:31+00:00
RE,Réunion,2.0,Africa,202.0,Sub-Saharan Africa,14.0,Eastern Africa,638,REU,UNSD_M49_overview,https://unstats.un.org/unsd/methodology/m49/overview/,2026-06-23T11:19:31+00:00
RW,Rwanda,2.0,Africa,202.0,Sub-Saharan Africa,14.0,Eastern Africa,646,RWA,UNSD_M49_overview,https://unstats.un.org/unsd/methodology/m49/overview/,2026-06-23T11:19:31+00:00
SC,Seychelles,2.0,Africa,202.0,Sub-Saharan Africa,14.0,Eastern Africa,690,SYC,UNSD_M49_overview,https://unstats.un.org/unsd/methodology/m49/overview/,2026-06-23T11:19:31+00:00
SO,Somalia,2.0,Africa,202.0,Sub-Saharan Africa,14.0,Eastern Africa,706,SOM,UNSD_M49_overview,https://unstats.un.org/unsd/methodology/m49/overview/,2026-06-23T11:19:31+00:00
SS,South Sudan,2.0,Africa,202.0,Sub-Saharan Africa,14.0,Eastern Africa,728,SSD,UNSD_M49_overview,https://unstats.un.org/unsd/methodology/m49/overview/,2026-06-23T11:19:31+00:00
UG,Uganda,2.0,Africa,202.0,Sub-Saharan Africa,14.0,Eastern Africa,800,UGA,UNSD_M49_overview,https://unstats.un.org/unsd/methodology/m49/overview/,2026-06-23T11:19:31+00:00
TZ,United Republic of Tanzania,2.0,Africa,202.0,Sub-Saharan Africa,14.0,Eastern Africa,834,TZA,UNSD_M49_overview,https://unstats.un.org/unsd/methodology/m49/overview/,2026-06-23T11:19:31+00:00
ZM,Zambia,2.0,Africa,202.0,Sub-Saharan Africa,14.0,Eastern Africa,894,ZMB,UNSD_M49_overview,https://unstats.un.org/unsd/methodology/m49/overview/,2026-06-23T11:19:31+00:00
ZW,Zimbabwe,2.0,Africa,202.0,Sub-Saharan Africa,14.0,Eastern Africa,716,ZWE,UNSD_M49_overview,https://unstats.un.org/unsd/methodology/m49/overview/,2026-06-23T11:19:31+00:00
AO,Angola,2.0,Africa,202.0,Sub-Saharan Africa,17.0,Middle Africa,24,AGO,UNSD_M49_overview,https://unstats.un.org/unsd/methodology/m49/overview/,2026-06-23T11:19:31+00:00
CM,Cameroon,2.0,Africa,202.0,Sub-Saharan Africa,17.0,Middle Africa,120,CMR,UNSD_M49_overview,https://unstats.un.org/unsd/methodology/m49/overview/,2026-06-23T11:19:31+00:00
CF,Central African Republic,2.0,Africa,202.0,Sub-Saharan Africa,17.0,Middle Africa,140,CAF,UNSD_M49_overview,https://unstats.un.org/unsd/methodology/m49/overview/,2026-06-23T11:19:31+00:00
TD,Chad,2.0,Africa,202.0,Sub-Saharan Africa,17.0,Middle Africa,148,TCD,UNSD_M49_overview,https://unstats.un.org/unsd/methodology/m49/overview/,2026-06-23T11:19:31+00:00
CG,Congo,2.0,Africa,202.0,Sub-Saharan Africa,17.0,Middle Africa,178,COG,UNSD_M49_overview,https://unstats.un.org/unsd/methodology/m49/overview/,2026-06-23T11:19:31+00:00
CD,Democratic Republic of the Congo,2.0,Africa,202.0,Sub-Saharan Africa,17.0,Middle Africa,180,COD,UNSD_M49_overview,https://unstats.un.org/unsd/methodology/m49/overview/,2026-06-23T11:19:31+00:00
GQ,Equatorial Guinea,2.0,Africa,202.0,Sub-Saharan Africa,17.0,Middle Africa,226,GNQ,UNSD_M49_overview,https://unstats.un.org/unsd/methodology/m49/overview/,2026-06-23T11:19:31+00:00
GA,Gabon,2.0,Africa,202.0,Sub-Saharan Africa,17.0,Middle Africa,266,GAB,UNSD_M49_overview,https://unstats.un.org/unsd/methodology/m49/overview/,2026-06-23T11:19:31+00:00
ST,Sao Tome and Principe,2.0,Africa,202.0,Sub-Saharan Africa,17.0,Middle Africa,678,STP,UNSD_M49_overview,https://unstats.un.org/unsd/methodology/m49/overview/,2026-06-23T11:19:31+00:00
BW,Botswana,2.0,Africa,202.0,Sub-Saharan Africa,18.0,Southern Africa,72,BWA,UNSD_M49_overview,https://unstats.un.org/unsd/methodology/m49/overview/,2026-06-23T11:19:31+00:00
SZ,Eswatini,2.0,Africa,202.0,Sub-Saharan Africa,18.0,Southern Africa,748,SWZ,UNSD_M49_overview,https://unstats.un.org/unsd/methodology/m49/overview/,2026-06-23T11:19:31+00:00
LS,Lesotho,2.0,Africa,202.0,Sub-Saharan Africa,18.0,Southern Africa,426,LSO,UNSD_M49_overview,https://unstats.un.org/unsd/methodology/m49/overview/,2026-06-23T11:19:31+00:00
ZA,South Africa,2.0,Africa,202.0,Sub-Saharan Africa,18.0,Southern Africa,710,ZAF,UNSD_M49_overview,https://unstats.un.org/unsd/methodology/m49/overview/,2026-06-23T11:19:31+00:00
BJ,Benin,2.0,Africa,202.0,Sub-Saharan Africa,11.0,Western Africa,204,BEN,UNSD_M49_overview,https://unstats.un.org/unsd/methodology/m49/overview/,2026-06-23T11:19:31+00:00
BF,Burkina Faso,2.0,Africa,202.0,Sub-Saharan Africa,11.0,Western Africa,854,BFA,UNSD_M49_overview,https://unstats.un.org/unsd/methodology/m49/overview/,2026-06-23T11:19:31+00:00
CV,Cabo Verde,2.0,Africa,202.0,Sub-Saharan Africa,11.0,Western Africa,132,CPV,UNSD_M49_overview,https://unstats.un.org/unsd/methodology/m49/overview/,2026-06-23T11:19:31+00:00
CI,Côte d’Ivoire,2.0,Africa,202.0,Sub-Saharan Africa,11.0,Western Africa,384,CIV,UNSD_M49_overview,https://unstats.un.org/unsd/methodology/m49/overview/,2026-06-23T11:19:31+00:00
GM,Gambia,2.0,Africa,202.0,Sub-Saharan Africa,11.0,Western Africa,270,GMB,UNSD_M49_overview,https://unstats.un.org/unsd/methodology/m49/overview/,2026-06-23T11:19:31+00:00
GH,Ghana,2.0,Africa,202.0,Sub-Saharan Africa,11.0,Western Africa,288,GHA,UNSD_M49_overview,https://unstats.un.org/unsd/methodology/m49/overview/,2026-06-23T11:19:31+00:00
GN,Guinea,2.0,Africa,202.0,Sub-Saharan Africa,11.0,Western Africa,324,GIN,UNSD_M49_overview,https://unstats.un.org/unsd/methodology/m49/overview/,2026-06-23T11:19:31+00:00
GW,Guinea-Bissau,2.0,Africa,202.0,Sub-Saharan Africa,11.0,Western Africa,624,GNB,UNSD_M49_overview,https://unstats.un.org/unsd/methodology/m49/overview/,2026-06-23T11:19:31+00:00
LR,Liberia,2.0,Africa,202.0,Sub-Saharan Africa,11.0,Western Africa,430,LBR,UNSD_M49_overview,https://unstats.un.org/unsd/methodology/m49/overview/,2026-06-23T11:19:31+00:00
ML,Mali,2.0,Africa,202.0,Sub-Saharan Africa,11.0,Western Africa,466,MLI,UNSD_M49_overview,https://unstats.un.org/unsd/methodology/m49/overview/,2026-06-23T11:19:31+00:00
MR,Mauritania,2.0,Africa,202.0,Sub-Saharan Africa,11.0,Western Africa,478,MRT,UNSD_M49_overview,https://unstats.un.org/unsd/methodology/m49/overview/,2026-06-23T11:19:31+00:00
NE,Niger,2.0,Africa,202.0,Sub-Saharan Africa,11.0,Western Africa,562,NER,UNSD_M49_overview,https://unstats.un.org/unsd/methodology/m49/overview/,2026-06-23T11:19:31+00:00
NG,Nigeria,2.0,Africa,202.0,Sub-Saharan Africa,11.0,Western Africa,566,NGA,UNSD_M49_overview,https://unstats.un.org/unsd/methodology/m49/overview/,2026-06-23T11:19:31+00:00
SH,Saint Helena,2.0,Africa,202.0,Sub-Saharan Africa,11.0,Western Africa,654,SHN,UNSD_M49_overview,https://unstats.un.org/unsd/methodology/m49/overview/,2026-06-23T11:19:31+00:00
SN,Senegal,2.0,Africa,202.0,Sub-Saharan Africa,11.0,Western Africa,686,SEN,UNSD_M49_overview,https://unstats.un.org/unsd/methodology/m49/overview/,2026-06-23T11:19:31+00:00
SL,Sierra Leone,2.0,Africa,202.0,Sub-Saharan Africa,11.0,Western Africa,694,SLE,UNSD_M49_overview,https://unstats.un.org/unsd/methodology/m49/overview/,2026-06-23T11:19:31+00:00
TG,Togo,2.0,Africa,202.0,Sub-Saharan Africa,11.0,Western Africa,768,TGO,UNSD_M49_overview,https://unstats.un.org/unsd/methodology/m49/overview/,2026-06-23T11:19:31+00:00
AI,Anguilla,19.0,Americas,419.0,Latin America and the Caribbean,29.0,Caribbean,660,AIA,UNSD_M49_overview,https://unstats.un.org/unsd/methodology/m49/overview/,2026-06-23T11:19:31+00:00
AG,Antigua and Barbuda,19.0,Americas,419.0,Latin America and the Caribbean,29.0,Caribbean,28,ATG,UNSD_M49_overview,https://unstats.un.org/unsd/methodology/m49/overview/,2026-06-23T11:19:31+00:00
AW,Aruba,19.0,Americas,419.0,Latin America and the Caribbean,29.0,Caribbean,533,ABW,UNSD_M49_overview,https://unstats.un.org/unsd/methodology/m49/overview/,2026-06-23T11:19:31+00:00
BS,Bahamas,19.0,Americas,419.0,Latin America and the Caribbean,29.0,Caribbean,44,BHS,UNSD_M49_overview,https://unstats.un.org/unsd/methodology/m49/overview/,2026-06-23T11:19:31+00:00
BB,Barbados,19.0,Americas,419.0,Latin America and the Caribbean,29.0,Caribbean,52,BRB,UNSD_M49_overview,https://unstats.un.org/unsd/methodology/m49/overview/,2026-06-23T11:19:31+00:00
BQ,"Bonaire, Sint Eustatius and Saba",19.0,Americas,419.0,Latin America and the Caribbean,29.0,Caribbean,535,BES,UNSD_M49_overview,https://unstats.un.org/unsd/methodology/m49/overview/,2026-06-23T11:19:31+00:00
VG,British Virgin Islands,19.0,Americas,419.0,Latin America and the Caribbean,29.0,Caribbean,92,VGB,UNSD_M49_overview,https://unstats.un.org/unsd/methodology/m49/overview/,2026-06-23T11:19:31+00:00
KY,Cayman Islands,19.0,Americas,419.0,Latin America and the Caribbean,29.0,Caribbean,136,CYM,UNSD_M49_overview,https://unstats.un.org/unsd/methodology/m49/overview/,2026-06-23T11:19:31+00:00
CU,Cuba,19.0,Americas,419.0,Latin America and the Caribbean,29.0,Caribbean,192,CUB,UNSD_M49_overview,https://unstats.un.org/unsd/methodology/m49/overview/,2026-06-23T11:19:31+00:00
CW,Curaçao,19.0,Americas,419.0,Latin America and the Caribbean,29.0,Caribbean,531,CUW,UNSD_M49_overview,https://unstats.un.org/unsd/methodology/m49/overview/,2026-06-23T11:19:31+00:00
DM,Dominica,19.0,Americas,419.0,Latin America and the Caribbean,29.0,Caribbean,212,DMA,UNSD_M49_overview,https://unstats.un.org/unsd/methodology/m49/overview/,2026-06-23T11:19:31+00:00
DO,Dominican Republic,19.0,Americas,419.0,Latin America and the Caribbean,29.0,Caribbean,214,DOM,UNSD_M49_overview,https://unstats.un.org/unsd/methodology/m49/overview/,2026-06-23T11:19:31+00:00
GD,Grenada,19.0,Americas,419.0,Latin America and the Caribbean,29.0,Caribbean,308,GRD,UNSD_M49_overview,https://unstats.un.org/unsd/methodology/m49/overview/,2026-06-23T11:19:31+00:00
GP,Guadeloupe,19.0,Americas,419.0,Latin America and the Caribbean,29.0,Caribbean,312,GLP,UNSD_M49_overview,https://unstats.un.org/unsd/methodology/m49/overview/,2026-06-23T11:19:31+00:00
HT,Haiti,19.0,Americas,419.0,Latin America and the Caribbean,29.0,Caribbean,332,HTI,UNSD_M49_overview,https://unstats.un.org/unsd/methodology/m49/overview/,2026-06-23T11:19:31+00:00
JM,Jamaica,19.0,Americas,419.0,Latin America and the Caribbean,29.0,Caribbean,388,JAM,UNSD_M49_overview,https://unstats.un.org/unsd/methodology/m49/overview/,2026-06-23T11:19:31+00:00
MQ,Martinique,19.0,Americas,419.0,Latin America and the Caribbean,29.0,Caribbean,474,MTQ,UNSD_M49_overview,https://unstats.un.org/unsd/methodology/m49/overview/,2026-06-23T11:19:31+00:00
MS,Montserrat,19.0,Americas,419.0,Latin America and the Caribbean,29.0,Caribbean,500,MSR,UNSD_M49_overview,https://unstats.un.org/unsd/methodology/m49/overview/,2026-06-23T11:19:31+00:00
PR,Puerto Rico,19.0,Americas,419.0,Latin America and the Caribbean,29.0,Caribbean,630,PRI,UNSD_M49_overview,https://unstats.un.org/unsd/methodology/m49/overview/,2026-06-23T11:19:31+00:00
BL,Saint Barthélemy,19.0,Americas,419.0,Latin America and the Caribbean,29.0,Caribbean,652,BLM,UNSD_M49_overview,https://unstats.un.org/unsd/methodology/m49/overview/,2026-06-23T11:19:31+00:00
KN,Saint Kitts and Nevis,19.0,Americas,419.0,Latin America and the Caribbean,29.0,Caribbean,659,KNA,UNSD_M49_overview,https://unstats.un.org/unsd/methodology/m49/overview/,2026-06-23T11:19:31+00:00
LC,Saint Lucia,19.0,Americas,419.0,Latin America and the Caribbean,29.0,Caribbean,662,LCA,UNSD_M49_overview,https://unstats.un.org/unsd/methodology/m49/overview/,2026-06-23T11:19:31+00:00
MF,Saint Martin (French Part),19.0,Americas,419.0,Latin America and the Caribbean,29.0,Caribbean,663,MAF,UNSD_M49_overview,https://unstats.un.org/unsd/methodology/m49/overview/,2026-06-23T11:19:31+00:00
VC,Saint Vincent and the Grenadines,19.0,Americas,419.0,Latin America and the Caribbean,29.0,Caribbean,670,VCT,UNSD_M49_overview,https://unstats.un.org/unsd/methodology/m49/overview/,2026-06-23T11:19:31+00:00
SX,Sint Maarten (Dutch part),19.0,Americas,419.0,Latin America and the Caribbean,29.0,Caribbean,534,SXM,UNSD_M49_overview,https://unstats.un.org/unsd/methodology/m49/overview/,2026-06-23T11:19:31+00:00
TT,Trinidad and Tobago,19.0,Americas,419.0,Latin America and the Caribbean,29.0,Caribbean,780,TTO,UNSD_M49_overview,https://unstats.un.org/unsd/methodology/m49/overview/,2026-06-23T11:19:31+00:00
TC,Turks and Caicos Islands,19.0,Americas,419.0,Latin America and the Caribbean,29.0,Caribbean,796,TCA,UNSD_M49_overview,https://unstats.un.org/unsd/methodology/m49/overview/,2026-06-23T11:19:31+00:00
VI,United States Virgin Islands,19.0,Americas,419.0,Latin America and the Caribbean,29.0,Caribbean,850,VIR,UNSD_M49_overview,https://unstats.un.org/unsd/methodology/m49/overview/,2026-06-23T11:19:31+00:00
BZ,Belize,19.0,Americas,419.0,Latin America and the Caribbean,13.0,Central America,84,BLZ,UNSD_M49_overview,https://unstats.un.org/unsd/methodology/m49/overview/,2026-06-23T11:19:31+00:00
CR,Costa Rica,19.0,Americas,419.0,Latin America and the Caribbean,13.0,Central America,188,CRI,UNSD_M49_overview,https://unstats.un.org/unsd/methodology/m49/overview/,2026-06-23T11:19:31+00:00
SV,El Salvador,19.0,Americas,419.0,Latin America and the Caribbean,13.0,Central America,222,SLV,UNSD_M49_overview,https://unstats.un.org/unsd/methodology/m49/overview/,2026-06-23T11:19:31+00:00
GT,Guatemala,19.0,Americas,419.0,Latin America and the Caribbean,13.0,Central America,320,GTM,UNSD_M49_overview,https://unstats.un.org/unsd/methodology/m49/overview/,2026-06-23T11:19:31+00:00
HN,Honduras,19.0,Americas,419.0,Latin America and the Caribbean,13.0,Central America,340,HND,UNSD_M49_overview,https://unstats.un.org/unsd/methodology/m49/overview/,2026-06-23T11:19:31+00:00
MX,Mexico,19.0,Americas,419.0,Latin America and the Caribbean,13.0,Central America,484,MEX,UNSD_M49_overview,https://unstats.un.org/unsd/methodology/m49/overview/,2026-06-23T11:19:31+00:00
NI,Nicaragua,19.0,Americas,419.0,Latin America and the Caribbean,13.0,Central America,558,NIC,UNSD_M49_overview,https://unstats.un.org/unsd/methodology/m49/overview/,2026-06-23T11:19:31+00:00
PA,Panama,19.0,Americas,419.0,Latin America and the Caribbean,13.0,Central America,591,PAN,UNSD_M49_overview,https://unstats.un.org/unsd/methodology/m49/overview/,2026-06-23T11:19:31+00:00
AR,Argentina,19.0,Americas,419.0,Latin America and the Caribbean,5.0,South America,32,ARG,UNSD_M49_overview,https://unstats.un.org/unsd/methodology/m49/overview/,2026-06-23T11:19:31+00:00
BO,Bolivia (Plurinational State of),19.0,Americas,419.0,Latin America and the Caribbean,5.0,South America,68,BOL,UNSD_M49_overview,https://unstats.un.org/unsd/methodology/m49/overview/,2026-06-23T11:19:31+00:00
BV,Bouvet Island,19.0,Americas,419.0,Latin America and the Caribbean,5.0,South America,74,BVT,UNSD_M49_overview,https://unstats.un.org/unsd/methodology/m49/overview/,2026-06-23T11:19:31+00:00
BR,Brazil,19.0,Americas,419.0,Latin America and the Caribbean,5.0,South America,76,BRA,UNSD_M49_overview,https://unstats.un.org/unsd/methodology/m49/overview/,2026-06-23T11:19:31+00:00
CL,Chile,19.0,Americas,419.0,Latin America and the Caribbean,5.0,South America,152,CHL,UNSD_M49_overview,https://unstats.un.org/unsd/methodology/m49/overview/,2026-06-23T11:19:31+00:00
CO,Colombia,19.0,Americas,419.0,Latin America and the Caribbean,5.0,South America,170,COL,UNSD_M49_overview,https://unstats.un.org/unsd/methodology/m49/overview/,2026-06-23T11:19:31+00:00
EC,Ecuador,19.0,Americas,419.0,Latin America and the Caribbean,5.0,South America,218,ECU,UNSD_M49_overview,https://unstats.un.org/unsd/methodology/m49/overview/,2026-06-23T11:19:31+00:00
FK,Falkland Islands (Malvinas),19.0,Americas,419.0,Latin America and the Caribbean,5.0,South America,238,FLK,UNSD_M49_overview,https://unstats.un.org/unsd/methodology/m49/overview/,2026-06-23T11:19:31+00:00
GF,French Guiana,19.0,Americas,419.0,Latin America and the Caribbean,5.0,South America,254,GUF,UNSD_M49_overview,https://unstats.un.org/unsd/methodology/m49/overview/,2026-06-23T11:19:31+00:00
GY,Guyana,19.0,Americas,419.0,Latin America and the Caribbean,5.0,South America,328,GUY,UNSD_M49_overview,https://unstats.un.org/unsd/methodology/m49/overview/,2026-06-23T11:19:31+00:00
PY,Paraguay,19.0,Americas,419.0,Latin America and the Caribbean,5.0,South America,600,PRY,UNSD_M49_overview,https://unstats.un.org/unsd/methodology/m49/overview/,2026-06-23T11:19:31+00:00
PE,Peru,19.0,Americas,419.0,Latin America and the Caribbean,5.0,South America,604,PER,UNSD_M49_overview,https://unstats.un.org/unsd/methodology/m49/overview/,2026-06-23T11:19:31+00:00
GS,South Georgia and the South Sandwich Islands,19.0,Americas,419.0,Latin America and the Caribbean,5.0,South America,239,SGS,UNSD_M49_overview,https://unstats.un.org/unsd/methodology/m49/overview/,2026-06-23T11:19:31+00:00
SR,Suriname,19.0,Americas,419.0,Latin America and the Caribbean,5.0,South America,740,SUR,UNSD_M49_overview,https://unstats.un.org/unsd/methodology/m49/overview/,2026-06-23T11:19:31+00:00
UY,Uruguay,19.0,Americas,419.0,Latin America and the Caribbean,5.0,South America,858,URY,UNSD_M49_overview,https://unstats.un.org/unsd/methodology/m49/overview/,2026-06-23T11:19:31+00:00
VE,Venezuela (Bolivarian Republic of),19.0,Americas,419.0,Latin America and the Caribbean,5.0,South America,862,VEN,UNSD_M49_overview,https://unstats.un.org/unsd/methodology/m49/overview/,2026-06-23T11:19:31+00:00
BM,Bermuda,19.0,Americas,21.0,Northern America,,,60,BMU,UNSD_M49_overview,https://unstats.un.org/unsd/methodology/m49/overview/,2026-06-23T11:19:31+00:00
CA,Canada,19.0,Americas,21.0,Northern America,,,124,CAN,UNSD_M49_overview,https://unstats.un.org/unsd/methodology/m49/overview/,2026-06-23T11:19:31+00:00
GL,Greenland,19.0,Americas,21.0,Northern America,,,304,GRL,UNSD_M49_overview,https://unstats.un.org/unsd/methodology/m49/overview/,2026-06-23T11:19:31+00:00
PM,Saint Pierre and Miquelon,19.0,Americas,21.0,Northern America,,,666,SPM,UNSD_M49_overview,https://unstats.un.org/unsd/methodology/m49/overview/,2026-06-23T11:19:31+00:00
US,United States of America,19.0,Americas,21.0,Northern America,,,840,USA,UNSD_M49_overview,https://unstats.un.org/unsd/methodology/m49/overview/,2026-06-23T11:19:31+00:00
AQ,Antarctica,,,,,,,10,ATA,UNSD_M49_overview,https://unstats.un.org/unsd/methodology/m49/overview/,2026-06-23T11:19:31+00:00
KZ,Kazakhstan,142.0,Asia,143.0,Central Asia,,,398,KAZ,UNSD_M49_overview,https://unstats.un.org/unsd/methodology/m49/overview/,2026-06-23T11:19:31+00:00
KG,Kyrgyzstan,142.0,Asia,143.0,Central Asia,,,417,KGZ,UNSD_M49_overview,https://unstats.un.org/unsd/methodology/m49/overview/,2026-06-23T11:19:31+00:00
TJ,Tajikistan,142.0,Asia,143.0,Central Asia,,,762,TJK,UNSD_M49_overview,https://unstats.un.org/unsd/methodology/m49/overview/,2026-06-23T11:19:31+00:00
TM,Turkmenistan,142.0,Asia,143.0,Central Asia,,,795,TKM,UNSD_M49_overview,https://unstats.un.org/unsd/methodology/m49/overview/,2026-06-23T11:19:31+00:00
UZ,Uzbekistan,142.0,Asia,143.0,Central Asia,,,860,UZB,UNSD_M49_overview,https://unstats.un.org/unsd/methodology/m49/overview/,2026-06-23T11:19:31+00:00
CN,China,142.0,Asia,30.0,Eastern Asia,,,156,CHN,UNSD_M49_overview,https://unstats.un.org/unsd/methodology/m49/overview/,2026-06-23T11:19:31+00:00
HK,"China, Hong Kong Special Administrative Region",142.0,Asia,30.0,Eastern Asia,,,344,HKG,UNSD_M49_overview,https://unstats.un.org/unsd/methodology/m49/overview/,2026-06-23T11:19:31+00:00
MO,"China, Macao Special Administrative Region",142.0,Asia,30.0,Eastern Asia,,,446,MAC,UNSD_M49_overview,https://unstats.un.org/unsd/methodology/m49/overview/,2026-06-23T11:19:31+00:00
KP,Democratic People's Republic of Korea,142.0,Asia,30.0,Eastern Asia,,,408,PRK,UNSD_M49_overview,https://unstats.un.org/unsd/methodology/m49/overview/,2026-06-23T11:19:31+00:00
JP,Japan,142.0,Asia,30.0,Eastern Asia,,,392,JPN,UNSD_M49_overview,https://unstats.un.org/unsd/methodology/m49/overview/,2026-06-23T11:19:31+00:00
MN,Mongolia,142.0,Asia,30.0,Eastern Asia,,,496,MNG,UNSD_M49_overview,https://unstats.un.org/unsd/methodology/m49/overview/,2026-06-23T11:19:31+00:00
KR,Republic of Korea,142.0,Asia,30.0,Eastern Asia,,,410,KOR,UNSD_M49_overview,https://unstats.un.org/unsd/methodology/m49/overview/,2026-06-23T11:19:31+00:00
BN,Brunei Darussalam,142.0,Asia,35.0,South-eastern Asia,,,96,BRN,UNSD_M49_overview,https://unstats.un.org/unsd/methodology/m49/overview/,2026-06-23T11:19:31+00:00
KH,Cambodia,142.0,Asia,35.0,South-eastern Asia,,,116,KHM,UNSD_M49_overview,https://unstats.un.org/unsd/methodology/m49/overview/,2026-06-23T11:19:31+00:00
ID,Indonesia,142.0,Asia,35.0,South-eastern Asia,,,360,IDN,UNSD_M49_overview,https://unstats.un.org/unsd/methodology/m49/overview/,2026-06-23T11:19:31+00:00
LA,Lao People's Democratic Republic,142.0,Asia,35.0,South-eastern Asia,,,418,LAO,UNSD_M49_overview,https://unstats.un.org/unsd/methodology/m49/overview/,2026-06-23T11:19:31+00:00
MY,Malaysia,142.0,Asia,35.0,South-eastern Asia,,,458,MYS,UNSD_M49_overview,https://unstats.un.org/unsd/methodology/m49/overview/,2026-06-23T11:19:31+00:00
MM,Myanmar,142.0,Asia,35.0,South-eastern Asia,,,104,MMR,UNSD_M49_overview,https://unstats.un.org/unsd/methodology/m49/overview/,2026-06-23T11:19:31+00:00
PH,Philippines,142.0,Asia,35.0,South-eastern Asia,,,608,PHL,UNSD_M49_overview,https://unstats.un.org/unsd/methodology/m49/overview/,2026-06-23T11:19:31+00:00
SG,Singapore,142.0,Asia,35.0,South-eastern Asia,,,702,SGP,UNSD_M49_overview,https://unstats.un.org/unsd/methodology/m49/overview/,2026-06-23T11:19:31+00:00
TH,Thailand,142.0,Asia,35.0,South-eastern Asia,,,764,THA,UNSD_M49_overview,https://unstats.un.org/unsd/methodology/m49/overview/,2026-06-23T11:19:31+00:00
TL,Timor-Leste,142.0,Asia,35.0,South-eastern Asia,,,626,TLS,UNSD_M49_overview,https://unstats.un.org/unsd/methodology/m49/overview/,2026-06-23T11:19:31+00:00
VN,Viet Nam,142.0,Asia,35.0,South-eastern Asia,,,704,VNM,UNSD_M49_overview,https://unstats.un.org/unsd/methodology/m49/overview/,2026-06-23T11:19:31+00:00
AF,Afghanistan,142.0,Asia,34.0,Southern Asia,,,4,AFG,UNSD_M49_overview,https://unstats.un.org/unsd/methodology/m49/overview/,2026-06-23T11:19:31+00:00
BD,Bangladesh,142.0,Asia,34.0,Southern Asia,,,50,BGD,UNSD_M49_overview,https://unstats.un.org/unsd/methodology/m49/overview/,2026-06-23T11:19:31+00:00
BT,Bhutan,142.0,Asia,34.0,Southern Asia,,,64,BTN,UNSD_M49_overview,https://unstats.un.org/unsd/methodology/m49/overview/,2026-06-23T11:19:31+00:00
IN,India,142.0,Asia,34.0,Southern Asia,,,356,IND,UNSD_M49_overview,https://unstats.un.org/unsd/methodology/m49/overview/,2026-06-23T11:19:31+00:00
IR,Iran (Islamic Republic of),142.0,Asia,34.0,Southern Asia,,,364,IRN,UNSD_M49_overview,https://unstats.un.org/unsd/methodology/m49/overview/,2026-06-23T11:19:31+00:00
MV,Maldives,142.0,Asia,34.0,Southern Asia,,,462,MDV,UNSD_M49_overview,https://unstats.un.org/unsd/methodology/m49/overview/,2026-06-23T11:19:31+00:00
NP,Nepal,142.0,Asia,34.0,Southern Asia,,,524,NPL,UNSD_M49_overview,https://unstats.un.org/unsd/methodology/m49/overview/,2026-06-23T11:19:31+00:00
PK,Pakistan,142.0,Asia,34.0,Southern Asia,,,586,PAK,UNSD_M49_overview,https://unstats.un.org/unsd/methodology/m49/overview/,2026-06-23T11:19:31+00:00
LK,Sri Lanka,142.0,Asia,34.0,Southern Asia,,,144,LKA,UNSD_M49_overview,https://unstats.un.org/unsd/methodology/m49/overview/,2026-06-23T11:19:31+00:00
AM,Armenia,142.0,Asia,145.0,Western Asia,,,51,ARM,UNSD_M49_overview,https://unstats.un.org/unsd/methodology/m49/overview/,2026-06-23T11:19:31+00:00
AZ,Azerbaijan,142.0,Asia,145.0,Western Asia,,,31,AZE,UNSD_M49_overview,https://unstats.un.org/unsd/methodology/m49/overview/,2026-06-23T11:19:31+00:00
BH,Bahrain,142.0,Asia,145.0,Western Asia,,,48,BHR,UNSD_M49_overview,https://unstats.un.org/unsd/methodology/m49/overview/,2026-06-23T11:19:31+00:00
CY,Cyprus,142.0,Asia,145.0,Western Asia,,,196,CYP,UNSD_M49_overview,https://unstats.un.org/unsd/methodology/m49/overview/,2026-06-23T11:19:31+00:00
GE,Georgia,142.0,Asia,145.0,Western Asia,,,268,GEO,UNSD_M49_overview,https://unstats.un.org/unsd/methodology/m49/overview/,2026-06-23T11:19:31+00:00
IQ,Iraq,142.0,Asia,145.0,Western Asia,,,368,IRQ,UNSD_M49_overview,https://unstats.un.org/unsd/methodology/m49/overview/,2026-06-23T11:19:31+00:00
IL,Israel,142.0,Asia,145.0,Western Asia,,,376,ISR,UNSD_M49_overview,https://unstats.un.org/unsd/methodology/m49/overview/,2026-06-23T11:19:31+00:00
JO,Jordan,142.0,Asia,145.0,Western Asia,,,400,JOR,UNSD_M49_overview,https://unstats.un.org/unsd/methodology/m49/overview/,2026-06-23T11:19:31+00:00
KW,Kuwait,142.0,Asia,145.0,Western Asia,,,414,KWT,UNSD_M49_overview,https://unstats.un.org/unsd/methodology/m49/overview/,2026-06-23T11:19:31+00:00
LB,Lebanon,142.0,Asia,145.0,Western Asia,,,422,LBN,UNSD_M49_overview,https://unstats.un.org/unsd/methodology/m49/overview/,2026-06-23T11:19:31+00:00
OM,Oman,142.0,Asia,145.0,Western Asia,,,512,OMN,UNSD_M49_overview,https://unstats.un.org/unsd/methodology/m49/overview/,2026-06-23T11:19:31+00:00
QA,Qatar,142.0,Asia,145.0,Western Asia,,,634,QAT,UNSD_M49_overview,https://unstats.un.org/unsd/methodology/m49/overview/,2026-06-23T11:19:31+00:00
SA,Saudi Arabia,142.0,Asia,145.0,Western Asia,,,682,SAU,UNSD_M49_overview,https://unstats.un.org/unsd/methodology/m49/overview/,2026-06-23T11:19:31+00:00
PS,State of Palestine,142.0,Asia,145.0,Western Asia,,,275,PSE,UNSD_M49_overview,https://unstats.un.org/unsd/methodology/m49/overview/,2026-06-23T11:19:31+00:00
SY,Syrian Arab Republic,142.0,Asia,145.0,Western Asia,,,760,SYR,UNSD_M49_overview,https://unstats.un.org/unsd/methodology/m49/overview/,2026-06-23T11:19:31+00:00
TR,Türkiye,142.0,Asia,145.0,Western Asia,,,792,TUR,UNSD_M49_overview,https://unstats.un.org/unsd/methodology/m49/overview/,2026-06-23T11:19:31+00:00
AE,United Arab Emirates,142.0,Asia,145.0,Western Asia,,,784,ARE,UNSD_M49_overview,https://unstats.un.org/unsd/methodology/m49/overview/,2026-06-23T11:19:31+00:00
YE,Yemen,142.0,Asia,145.0,Western Asia,,,887,YEM,UNSD_M49_overview,https://unstats.un.org/unsd/methodology/m49/overview/,2026-06-23T11:19:31+00:00
BY,Belarus,150.0,Europe,151.0,Eastern Europe,,,112,BLR,UNSD_M49_overview,https://unstats.un.org/unsd/methodology/m49/overview/,2026-06-23T11:19:31+00:00
BG,Bulgaria,150.0,Europe,151.0,Eastern Europe,,,100,BGR,UNSD_M49_overview,https://unstats.un.org/unsd/methodology/m49/overview/,2026-06-23T11:19:31+00:00
CZ,Czechia,150.0,Europe,151.0,Eastern Europe,,,203,CZE,UNSD_M49_overview,https://unstats.un.org/unsd/methodology/m49/overview/,2026-06-23T11:19:31+00:00
HU,Hungary,150.0,Europe,151.0,Eastern Europe,,,348,HUN,UNSD_M49_overview,https://unstats.un.org/unsd/methodology/m49/overview/,2026-06-23T11:19:31+00:00
PL,Poland,150.0,Europe,151.0,Eastern Europe,,,616,POL,UNSD_M49_overview,https://unstats.un.org/unsd/methodology/m49/overview/,2026-06-23T11:19:31+00:00
MD,Republic of Moldova,150.0,Europe,151.0,Eastern Europe,,,498,MDA,UNSD_M49_overview,https://unstats.un.org/unsd/methodology/m49/overview/,2026-06-23T11:19:31+00:00
RO,Romania,150.0,Europe,151.0,Eastern Europe,,,642,ROU,UNSD_M49_overview,https://unstats.un.org/unsd/methodology/m49/overview/,2026-06-23T11:19:31+00:00
RU,Russian Federation,150.0,Europe,151.0,Eastern Europe,,,643,RUS,UNSD_M49_overview,https://unstats.un.org/unsd/methodology/m49/overview/,2026-06-23T11:19:31+00:00
SK,Slovakia,150.0,Europe,151.0,Eastern Europe,,,703,SVK,UNSD_M49_overview,https://unstats.un.org/unsd/methodology/m49/overview/,2026-06-23T11:19:31+00:00
UA,Ukraine,150.0,Europe,151.0,Eastern Europe,,,804,UKR,UNSD_M49_overview,https://unstats.un.org/unsd/methodology/m49/overview/,2026-06-23T11:19:31+00:00
AX,Åland Islands,150.0,Europe,154.0,Northern Europe,,,248,ALA,UNSD_M49_overview,https://unstats.un.org/unsd/methodology/m49/overview/,2026-06-23T11:19:31+00:00
DK,Denmark,150.0,Europe,154.0,Northern Europe,,,208,DNK,UNSD_M49_overview,https://unstats.un.org/unsd/methodology/m49/overview/,2026-06-23T11:19:31+00:00
EE,Estonia,150.0,Europe,154.0,Northern Europe,,,233,EST,UNSD_M49_overview,https://unstats.un.org/unsd/methodology/m49/overview/,2026-06-23T11:19:31+00:00
FO,Faroe Islands,150.0,Europe,154.0,Northern Europe,,,234,FRO,UNSD_M49_overview,https://unstats.un.org/unsd/methodology/m49/overview/,2026-06-23T11:19:31+00:00
FI,Finland,150.0,Europe,154.0,Northern Europe,,,246,FIN,UNSD_M49_overview,https://unstats.un.org/unsd/methodology/m49/overview/,2026-06-23T11:19:31+00:00
GG,Guernsey,150.0,Europe,154.0,Northern Europe,,,831,GGY,UNSD_M49_overview,https://unstats.un.org/unsd/methodology/m49/overview/,2026-06-23T11:19:31+00:00
IS,Iceland,150.0,Europe,154.0,Northern Europe,,,352,ISL,UNSD_M49_overview,https://unstats.un.org/unsd/methodology/m49/overview/,2026-06-23T11:19:31+00:00
IE,Ireland,150.0,Europe,154.0,Northern Europe,,,372,IRL,UNSD_M49_overview,https://unstats.un.org/unsd/methodology/m49/overview/,2026-06-23T11:19:31+00:00
IM,Isle of Man,150.0,Europe,154.0,Northern Europe,,,833,IMN,UNSD_M49_overview,https://unstats.un.org/unsd/methodology/m49/overview/,2026-06-23T11:19:31+00:00
JE,Jersey,150.0,Europe,154.0,Northern Europe,,,832,JEY,UNSD_M49_overview,https://unstats.un.org/unsd/methodology/m49/overview/,2026-06-23T11:19:31+00:00
LV,Latvia,150.0,Europe,154.0,Northern Europe,,,428,LVA,UNSD_M49_overview,https://unstats.un.org/unsd/methodology/m49/overview/,2026-06-23T11:19:31+00:00
LT,Lithuania,150.0,Europe,154.0,Northern Europe,,,440,LTU,UNSD_M49_overview,https://unstats.un.org/unsd/methodology/m49/overview/,2026-06-23T11:19:31+00:00
NO,Norway,150.0,Europe,154.0,Northern Europe,,,578,NOR,UNSD_M49_overview,https://unstats.un.org/unsd/methodology/m49/overview/,2026-06-23T11:19:31+00:00
SJ,Svalbard and Jan Mayen Islands,150.0,Europe,154.0,Northern Europe,,,744,SJM,UNSD_M49_overview,https://unstats.un.org/unsd/methodology/m49/overview/,2026-06-23T11:19:31+00:00
SE,Sweden,150.0,Europe,154.0,Northern Europe,,,752,SWE,UNSD_M49_overview,https://unstats.un.org/unsd/methodology/m49/overview/,2026-06-23T11:19:31+00:00
GB,United Kingdom of Great Britain and Northern Ireland,150.0,Europe,154.0,Northern Europe,,,826,GBR,UNSD_M49_overview,https://unstats.un.org/unsd/methodology/m49/overview/,2026-06-23T11:19:31+00:00
AL,Albania,150.0,Europe,39.0,Southern Europe,,,8,ALB,UNSD_M49_overview,https://unstats.un.org/unsd/methodology/m49/overview/,2026-06-23T11:19:31+00:00
AD,Andorra,150.0,Europe,39.0,Southern Europe,,,20,AND,UNSD_M49_overview,https://unstats.un.org/unsd/methodology/m49/overview/,2026-06-23T11:19:31+00:00
BA,Bosnia and Herzegovina,150.0,Europe,39.0,Southern Europe,,,70,BIH,UNSD_M49_overview,https://unstats.un.org/unsd/methodology/m49/overview/,2026-06-23T11:19:31+00:00
HR,Croatia,150.0,Europe,39.0,Southern Europe,,,191,HRV,UNSD_M49_overview,https://unstats.un.org/unsd/methodology/m49/overview/,2026-06-23T11:19:31+00:00
GI,Gibraltar,150.0,Europe,39.0,Southern Europe,,,292,GIB,UNSD_M49_overview,https://unstats.un.org/unsd/methodology/m49/overview/,2026-06-23T11:19:31+00:00
GR,Greece,150.0,Europe,39.0,Southern Europe,,,300,GRC,UNSD_M49_overview,https://unstats.un.org/unsd/methodology/m49/overview/,2026-06-23T11:19:31+00:00
VA,Holy See,150.0,Europe,39.0,Southern Europe,,,336,VAT,UNSD_M49_overview,https://unstats.un.org/unsd/methodology/m49/overview/,2026-06-23T11:19:31+00:00
IT,Italy,150.0,Europe,39.0,Southern Europe,,,380,ITA,UNSD_M49_overview,https://unstats.un.org/unsd/methodology/m49/overview/,2026-06-23T11:19:31+00:00
MT,Malta,150.0,Europe,39.0,Southern Europe,,,470,MLT,UNSD_M49_overview,https://unstats.un.org/unsd/methodology/m49/overview/,2026-06-23T11:19:31+00:00
ME,Montenegro,150.0,Europe,39.0,Southern Europe,,,499,MNE,UNSD_M49_overview,https://unstats.un.org/unsd/methodology/m49/overview/,2026-06-23T11:19:31+00:00
MK,North Macedonia,150.0,Europe,39.0,Southern Europe,,,807,MKD,UNSD_M49_overview,https://unstats.un.org/unsd/methodology/m49/overview/,2026-06-23T11:19:31+00:00
PT,Portugal,150.0,Europe,39.0,Southern Europe,,,620,PRT,UNSD_M49_overview,https://unstats.un.org/unsd/methodology/m49/overview/,2026-06-23T11:19:31+00:00
SM,San Marino,150.0,Europe,39.0,Southern Europe,,,674,SMR,UNSD_M49_overview,https://unstats.un.org/unsd/methodology/m49/overview/,2026-06-23T11:19:31+00:00
RS,Serbia,150.0,Europe,39.0,Southern Europe,,,688,SRB,UNSD_M49_overview,https://unstats.un.org/unsd/methodology/m49/overview/,2026-06-23T11:19:31+00:00
SI,Slovenia,150.0,Europe,39.0,Southern Europe,,,705,SVN,UNSD_M49_overview,https://unstats.un.org/unsd/methodology/m49/overview/,2026-06-23T11:19:31+00:00
ES,Spain,150.0,Europe,39.0,Southern Europe,,,724,ESP,UNSD_M49_overview,https://unstats.un.org/unsd/methodology/m49/overview/,2026-06-23T11:19:31+00:00
AT,Austria,150.0,Europe,155.0,Western Europe,,,40,AUT,UNSD_M49_overview,https://unstats.un.org/unsd/methodology/m49/overview/,2026-06-23T11:19:31+00:00
BE,Belgium,150.0,Europe,155.0,Western Europe,,,56,BEL,UNSD_M49_overview,https://unstats.un.org/unsd/methodology/m49/overview/,2026-06-23T11:19:31+00:00
FR,France,150.0,Europe,155.0,Western Europe,,,250,FRA,UNSD_M49_overview,https://unstats.un.org/unsd/methodology/m49/overview/,2026-06-23T11:19:31+00:00
DE,Germany,150.0,Europe,155.0,Western Europe,,,276,DEU,UNSD_M49_overview,https://unstats.un.org/unsd/methodology/m49/overview/,2026-06-23T11:19:31+00:00
LI,Liechtenstein,150.0,Europe,155.0,Western Europe,,,438,LIE,UNSD_M49_overview,https://unstats.un.org/unsd/methodology/m49/overview/,2026-06-23T11:19:31+00:00
LU,Luxembourg,150.0,Europe,155.0,Western Europe,,,442,LUX,UNSD_M49_overview,https://unstats.un.org/unsd/methodology/m49/overview/,2026-06-23T11:19:31+00:00
MC,Monaco,150.0,Europe,155.0,Western Europe,,,492,MCO,UNSD_M49_overview,https://unstats.un.org/unsd/methodology/m49/overview/,2026-06-23T11:19:31+00:00
NL,Netherlands (Kingdom of the),150.0,Europe,155.0,Western Europe,,,528,NLD,UNSD_M49_overview,https://unstats.un.org/unsd/methodology/m49/overview/,2026-06-23T11:19:31+00:00
CH,Switzerland,150.0,Europe,155.0,Western Europe,,,756,CHE,UNSD_M49_overview,https://unstats.un.org/unsd/methodology/m49/overview/,2026-06-23T11:19:31+00:00
AU,Australia,9.0,Oceania,53.0,Australia and New Zealand,,,36,AUS,UNSD_M49_overview,https://unstats.un.org/unsd/methodology/m49/overview/,2026-06-23T11:19:31+00:00
CX,Christmas Island,9.0,Oceania,53.0,Australia and New Zealand,,,162,CXR,UNSD_M49_overview,https://unstats.un.org/unsd/methodology/m49/overview/,2026-06-23T11:19:31+00:00
CC,Cocos (Keeling) Islands,9.0,Oceania,53.0,Australia and New Zealand,,,166,CCK,UNSD_M49_overview,https://unstats.un.org/unsd/methodology/m49/overview/,2026-06-23T11:19:31+00:00
HM,Heard Island and McDonald Islands,9.0,Oceania,53.0,Australia and New Zealand,,,334,HMD,UNSD_M49_overview,https://unstats.un.org/unsd/methodology/m49/overview/,2026-06-23T11:19:31+00:00
NZ,New Zealand,9.0,Oceania,53.0,Australia and New Zealand,,,554,NZL,UNSD_M49_overview,https://unstats.un.org/unsd/methodology/m49/overview/,2026-06-23T11:19:31+00:00
NF,Norfolk Island,9.0,Oceania,53.0,Australia and New Zealand,,,574,NFK,UNSD_M49_overview,https://unstats.un.org/unsd/methodology/m49/overview/,2026-06-23T11:19:31+00:00
FJ,Fiji,9.0,Oceania,54.0,Melanesia,,,242,FJI,UNSD_M49_overview,https://unstats.un.org/unsd/methodology/m49/overview/,2026-06-23T11:19:31+00:00
NC,New Caledonia,9.0,Oceania,54.0,Melanesia,,,540,NCL,UNSD_M49_overview,https://unstats.un.org/unsd/methodology/m49/overview/,2026-06-23T11:19:31+00:00
PG,Papua New Guinea,9.0,Oceania,54.0,Melanesia,,,598,PNG,UNSD_M49_overview,https://unstats.un.org/unsd/methodology/m49/overview/,2026-06-23T11:19:31+00:00
SB,Solomon Islands,9.0,Oceania,54.0,Melanesia,,,90,SLB,UNSD_M49_overview,https://unstats.un.org/unsd/methodology/m49/overview/,2026-06-23T11:19:31+00:00
VU,Vanuatu,9.0,Oceania,54.0,Melanesia,,,548,VUT,UNSD_M49_overview,https://unstats.un.org/unsd/methodology/m49/overview/,2026-06-23T11:19:31+00:00
GU,Guam,9.0,Oceania,57.0,Micronesia,,,316,GUM,UNSD_M49_overview,https://unstats.un.org/unsd/methodology/m49/overview/,2026-06-23T11:19:31+00:00
KI,Kiribati,9.0,Oceania,57.0,Micronesia,,,296,KIR,UNSD_M49_overview,https://unstats.un.org/unsd/methodology/m49/overview/,2026-06-23T11:19:31+00:00
MH,Marshall Islands,9.0,Oceania,57.0,Micronesia,,,584,MHL,UNSD_M49_overview,https://unstats.un.org/unsd/methodology/m49/overview/,2026-06-23T11:19:31+00:00
FM,Micronesia (Federated States of),9.0,Oceania,57.0,Micronesia,,,583,FSM,UNSD_M49_overview,https://unstats.un.org/unsd/methodology/m49/overview/,2026-06-23T11:19:31+00:00
NR,Nauru,9.0,Oceania,57.0,Micronesia,,,520,NRU,UNSD_M49_overview,https://unstats.un.org/unsd/methodology/m49/overview/,2026-06-23T11:19:31+00:00
MP,Northern Mariana Islands,9.0,Oceania,57.0,Micronesia,,,580,MNP,UNSD_M49_overview,https://unstats.un.org/unsd/methodology/m49/overview/,2026-06-23T11:19:31+00:00
PW,Palau,9.0,Oceania,57.0,Micronesia,,,585,PLW,UNSD_M49_overview,https://unstats.un.org/unsd/methodology/m49/overview/,2026-06-23T11:19:31+00:00
UM,United States Minor Outlying Islands,9.0,Oceania,57.0,Micronesia,,,581,UMI,UNSD_M49_overview,https://unstats.un.org/unsd/methodology/m49/overview/,2026-06-23T11:19:31+00:00
AS,American Samoa,9.0,Oceania,61.0,Polynesia,,,16,ASM,UNSD_M49_overview,https://unstats.un.org/unsd/methodology/m49/overview/,2026-06-23T11:19:31+00:00
CK,Cook Islands,9.0,Oceania,61.0,Polynesia,,,184,COK,UNSD_M49_overview,https://unstats.un.org/unsd/methodology/m49/overview/,2026-06-23T11:19:31+00:00
PF,French Polynesia,9.0,Oceania,61.0,Polynesia,,,258,PYF,UNSD_M49_overview,https://unstats.un.org/unsd/methodology/m49/overview/,2026-06-23T11:19:31+00:00
NU,Niue,9.0,Oceania,61.0,Polynesia,,,570,NIU,UNSD_M49_overview,https://unstats.un.org/unsd/methodology/m49/overview/,2026-06-23T11:19:31+00:00
PN,Pitcairn,9.0,Oceania,61.0,Polynesia,,,612,PCN,UNSD_M49_overview,https://unstats.un.org/unsd/methodology/m49/overview/,2026-06-23T11:19:31+00:00
WS,Samoa,9.0,Oceania,61.0,Polynesia,,,882,WSM,UNSD_M49_overview,https://unstats.un.org/unsd/methodology/m49/overview/,2026-06-23T11:19:31+00:00
TK,Tokelau,9.0,Oceania,61.0,Polynesia,,,772,TKL,UNSD_M49_overview,https://unstats.un.org/unsd/methodology/m49/overview/,2026-06-23T11:19:31+00:00
TO,Tonga,9.0,Oceania,61.0,Polynesia,,,776,TON,UNSD_M49_overview,https://unstats.un.org/unsd/methodology/m49/overview/,2026-06-23T11:19:31+00:00
TV,Tuvalu,9.0,Oceania,61.0,Polynesia,,,798,TUV,UNSD_M49_overview,https://unstats.un.org/unsd/methodology/m49/overview/,2026-06-23T11:19:31+00:00
WF,Wallis and Futuna Islands,9.0,Oceania,61.0,Polynesia,,,876,WLF,UNSD_M49_overview,https://unstats.un.org/unsd/methodology/m49/overview/,2026-06-23T11:19:31+00:00
