countryCode,countryName_unsd,continent,continent_policy_rule,mapping_status,unsd_regionName,unsd_subRegionName,unsd_intermediateRegionName,m49Code,isoAlpha3,source,source_url,source_downloaded_utc
DZ,Algeria,Africa,UNSD Region Name=Africa,auto_from_official_UNSD_M49_policy,Africa,Northern Africa,,12,DZA,UNSD_M49_overview_plus_DwC_continent_policy,https://unstats.un.org/unsd/methodology/m49/overview/,2026-06-23T11:19:31+00:00
EG,Egypt,Africa,UNSD Region Name=Africa,auto_from_official_UNSD_M49_policy,Africa,Northern Africa,,818,EGY,UNSD_M49_overview_plus_DwC_continent_policy,https://unstats.un.org/unsd/methodology/m49/overview/,2026-06-23T11:19:31+00:00
LY,Libya,Africa,UNSD Region Name=Africa,auto_from_official_UNSD_M49_policy,Africa,Northern Africa,,434,LBY,UNSD_M49_overview_plus_DwC_continent_policy,https://unstats.un.org/unsd/methodology/m49/overview/,2026-06-23T11:19:31+00:00
MA,Morocco,Africa,UNSD Region Name=Africa,auto_from_official_UNSD_M49_policy,Africa,Northern Africa,,504,MAR,UNSD_M49_overview_plus_DwC_continent_policy,https://unstats.un.org/unsd/methodology/m49/overview/,2026-06-23T11:19:31+00:00
SD,Sudan,Africa,UNSD Region Name=Africa,auto_from_official_UNSD_M49_policy,Africa,Northern Africa,,729,SDN,UNSD_M49_overview_plus_DwC_continent_policy,https://unstats.un.org/unsd/methodology/m49/overview/,2026-06-23T11:19:31+00:00
TN,Tunisia,Africa,UNSD Region Name=Africa,auto_from_official_UNSD_M49_policy,Africa,Northern Africa,,788,TUN,UNSD_M49_overview_plus_DwC_continent_policy,https://unstats.un.org/unsd/methodology/m49/overview/,2026-06-23T11:19:31+00:00
EH,Western Sahara,Africa,UNSD Region Name=Africa,auto_from_official_UNSD_M49_policy,Africa,Northern Africa,,732,ESH,UNSD_M49_overview_plus_DwC_continent_policy,https://unstats.un.org/unsd/methodology/m49/overview/,2026-06-23T11:19:31+00:00
IO,British Indian Ocean Territory,Africa,UNSD Region Name=Africa,auto_from_official_UNSD_M49_policy,Africa,Sub-Saharan Africa,Eastern Africa,86,IOT,UNSD_M49_overview_plus_DwC_continent_policy,https://unstats.un.org/unsd/methodology/m49/overview/,2026-06-23T11:19:31+00:00
BI,Burundi,Africa,UNSD Region Name=Africa,auto_from_official_UNSD_M49_policy,Africa,Sub-Saharan Africa,Eastern Africa,108,BDI,UNSD_M49_overview_plus_DwC_continent_policy,https://unstats.un.org/unsd/methodology/m49/overview/,2026-06-23T11:19:31+00:00
KM,Comoros,Africa,UNSD Region Name=Africa,auto_from_official_UNSD_M49_policy,Africa,Sub-Saharan Africa,Eastern Africa,174,COM,UNSD_M49_overview_plus_DwC_continent_policy,https://unstats.un.org/unsd/methodology/m49/overview/,2026-06-23T11:19:31+00:00
DJ,Djibouti,Africa,UNSD Region Name=Africa,auto_from_official_UNSD_M49_policy,Africa,Sub-Saharan Africa,Eastern Africa,262,DJI,UNSD_M49_overview_plus_DwC_continent_policy,https://unstats.un.org/unsd/methodology/m49/overview/,2026-06-23T11:19:31+00:00
ER,Eritrea,Africa,UNSD Region Name=Africa,auto_from_official_UNSD_M49_policy,Africa,Sub-Saharan Africa,Eastern Africa,232,ERI,UNSD_M49_overview_plus_DwC_continent_policy,https://unstats.un.org/unsd/methodology/m49/overview/,2026-06-23T11:19:31+00:00
ET,Ethiopia,Africa,UNSD Region Name=Africa,auto_from_official_UNSD_M49_policy,Africa,Sub-Saharan Africa,Eastern Africa,231,ETH,UNSD_M49_overview_plus_DwC_continent_policy,https://unstats.un.org/unsd/methodology/m49/overview/,2026-06-23T11:19:31+00:00
TF,French Southern Territories,Africa,UNSD Region Name=Africa,auto_from_official_UNSD_M49_policy,Africa,Sub-Saharan Africa,Eastern Africa,260,ATF,UNSD_M49_overview_plus_DwC_continent_policy,https://unstats.un.org/unsd/methodology/m49/overview/,2026-06-23T11:19:31+00:00
KE,Kenya,Africa,UNSD Region Name=Africa,auto_from_official_UNSD_M49_policy,Africa,Sub-Saharan Africa,Eastern Africa,404,KEN,UNSD_M49_overview_plus_DwC_continent_policy,https://unstats.un.org/unsd/methodology/m49/overview/,2026-06-23T11:19:31+00:00
MG,Madagascar,Africa,UNSD Region Name=Africa,auto_from_official_UNSD_M49_policy,Africa,Sub-Saharan Africa,Eastern Africa,450,MDG,UNSD_M49_overview_plus_DwC_continent_policy,https://unstats.un.org/unsd/methodology/m49/overview/,2026-06-23T11:19:31+00:00
MW,Malawi,Africa,UNSD Region Name=Africa,auto_from_official_UNSD_M49_policy,Africa,Sub-Saharan Africa,Eastern Africa,454,MWI,UNSD_M49_overview_plus_DwC_continent_policy,https://unstats.un.org/unsd/methodology/m49/overview/,2026-06-23T11:19:31+00:00
MU,Mauritius,Africa,UNSD Region Name=Africa,auto_from_official_UNSD_M49_policy,Africa,Sub-Saharan Africa,Eastern Africa,480,MUS,UNSD_M49_overview_plus_DwC_continent_policy,https://unstats.un.org/unsd/methodology/m49/overview/,2026-06-23T11:19:31+00:00
YT,Mayotte,Africa,UNSD Region Name=Africa,auto_from_official_UNSD_M49_policy,Africa,Sub-Saharan Africa,Eastern Africa,175,MYT,UNSD_M49_overview_plus_DwC_continent_policy,https://unstats.un.org/unsd/methodology/m49/overview/,2026-06-23T11:19:31+00:00
MZ,Mozambique,Africa,UNSD Region Name=Africa,auto_from_official_UNSD_M49_policy,Africa,Sub-Saharan Africa,Eastern Africa,508,MOZ,UNSD_M49_overview_plus_DwC_continent_policy,https://unstats.un.org/unsd/methodology/m49/overview/,2026-06-23T11:19:31+00:00
RE,Réunion,Africa,UNSD Region Name=Africa,auto_from_official_UNSD_M49_policy,Africa,Sub-Saharan Africa,Eastern Africa,638,REU,UNSD_M49_overview_plus_DwC_continent_policy,https://unstats.un.org/unsd/methodology/m49/overview/,2026-06-23T11:19:31+00:00
RW,Rwanda,Africa,UNSD Region Name=Africa,auto_from_official_UNSD_M49_policy,Africa,Sub-Saharan Africa,Eastern Africa,646,RWA,UNSD_M49_overview_plus_DwC_continent_policy,https://unstats.un.org/unsd/methodology/m49/overview/,2026-06-23T11:19:31+00:00
SC,Seychelles,Africa,UNSD Region Name=Africa,auto_from_official_UNSD_M49_policy,Africa,Sub-Saharan Africa,Eastern Africa,690,SYC,UNSD_M49_overview_plus_DwC_continent_policy,https://unstats.un.org/unsd/methodology/m49/overview/,2026-06-23T11:19:31+00:00
SO,Somalia,Africa,UNSD Region Name=Africa,auto_from_official_UNSD_M49_policy,Africa,Sub-Saharan Africa,Eastern Africa,706,SOM,UNSD_M49_overview_plus_DwC_continent_policy,https://unstats.un.org/unsd/methodology/m49/overview/,2026-06-23T11:19:31+00:00
SS,South Sudan,Africa,UNSD Region Name=Africa,auto_from_official_UNSD_M49_policy,Africa,Sub-Saharan Africa,Eastern Africa,728,SSD,UNSD_M49_overview_plus_DwC_continent_policy,https://unstats.un.org/unsd/methodology/m49/overview/,2026-06-23T11:19:31+00:00
UG,Uganda,Africa,UNSD Region Name=Africa,auto_from_official_UNSD_M49_policy,Africa,Sub-Saharan Africa,Eastern Africa,800,UGA,UNSD_M49_overview_plus_DwC_continent_policy,https://unstats.un.org/unsd/methodology/m49/overview/,2026-06-23T11:19:31+00:00
TZ,United Republic of Tanzania,Africa,UNSD Region Name=Africa,auto_from_official_UNSD_M49_policy,Africa,Sub-Saharan Africa,Eastern Africa,834,TZA,UNSD_M49_overview_plus_DwC_continent_policy,https://unstats.un.org/unsd/methodology/m49/overview/,2026-06-23T11:19:31+00:00
ZM,Zambia,Africa,UNSD Region Name=Africa,auto_from_official_UNSD_M49_policy,Africa,Sub-Saharan Africa,Eastern Africa,894,ZMB,UNSD_M49_overview_plus_DwC_continent_policy,https://unstats.un.org/unsd/methodology/m49/overview/,2026-06-23T11:19:31+00:00
ZW,Zimbabwe,Africa,UNSD Region Name=Africa,auto_from_official_UNSD_M49_policy,Africa,Sub-Saharan Africa,Eastern Africa,716,ZWE,UNSD_M49_overview_plus_DwC_continent_policy,https://unstats.un.org/unsd/methodology/m49/overview/,2026-06-23T11:19:31+00:00
AO,Angola,Africa,UNSD Region Name=Africa,auto_from_official_UNSD_M49_policy,Africa,Sub-Saharan Africa,Middle Africa,24,AGO,UNSD_M49_overview_plus_DwC_continent_policy,https://unstats.un.org/unsd/methodology/m49/overview/,2026-06-23T11:19:31+00:00
CM,Cameroon,Africa,UNSD Region Name=Africa,auto_from_official_UNSD_M49_policy,Africa,Sub-Saharan Africa,Middle Africa,120,CMR,UNSD_M49_overview_plus_DwC_continent_policy,https://unstats.un.org/unsd/methodology/m49/overview/,2026-06-23T11:19:31+00:00
CF,Central African Republic,Africa,UNSD Region Name=Africa,auto_from_official_UNSD_M49_policy,Africa,Sub-Saharan Africa,Middle Africa,140,CAF,UNSD_M49_overview_plus_DwC_continent_policy,https://unstats.un.org/unsd/methodology/m49/overview/,2026-06-23T11:19:31+00:00
TD,Chad,Africa,UNSD Region Name=Africa,auto_from_official_UNSD_M49_policy,Africa,Sub-Saharan Africa,Middle Africa,148,TCD,UNSD_M49_overview_plus_DwC_continent_policy,https://unstats.un.org/unsd/methodology/m49/overview/,2026-06-23T11:19:31+00:00
CG,Congo,Africa,UNSD Region Name=Africa,auto_from_official_UNSD_M49_policy,Africa,Sub-Saharan Africa,Middle Africa,178,COG,UNSD_M49_overview_plus_DwC_continent_policy,https://unstats.un.org/unsd/methodology/m49/overview/,2026-06-23T11:19:31+00:00
CD,Democratic Republic of the Congo,Africa,UNSD Region Name=Africa,auto_from_official_UNSD_M49_policy,Africa,Sub-Saharan Africa,Middle Africa,180,COD,UNSD_M49_overview_plus_DwC_continent_policy,https://unstats.un.org/unsd/methodology/m49/overview/,2026-06-23T11:19:31+00:00
GQ,Equatorial Guinea,Africa,UNSD Region Name=Africa,auto_from_official_UNSD_M49_policy,Africa,Sub-Saharan Africa,Middle Africa,226,GNQ,UNSD_M49_overview_plus_DwC_continent_policy,https://unstats.un.org/unsd/methodology/m49/overview/,2026-06-23T11:19:31+00:00
GA,Gabon,Africa,UNSD Region Name=Africa,auto_from_official_UNSD_M49_policy,Africa,Sub-Saharan Africa,Middle Africa,266,GAB,UNSD_M49_overview_plus_DwC_continent_policy,https://unstats.un.org/unsd/methodology/m49/overview/,2026-06-23T11:19:31+00:00
ST,Sao Tome and Principe,Africa,UNSD Region Name=Africa,auto_from_official_UNSD_M49_policy,Africa,Sub-Saharan Africa,Middle Africa,678,STP,UNSD_M49_overview_plus_DwC_continent_policy,https://unstats.un.org/unsd/methodology/m49/overview/,2026-06-23T11:19:31+00:00
BW,Botswana,Africa,UNSD Region Name=Africa,auto_from_official_UNSD_M49_policy,Africa,Sub-Saharan Africa,Southern Africa,72,BWA,UNSD_M49_overview_plus_DwC_continent_policy,https://unstats.un.org/unsd/methodology/m49/overview/,2026-06-23T11:19:31+00:00
SZ,Eswatini,Africa,UNSD Region Name=Africa,auto_from_official_UNSD_M49_policy,Africa,Sub-Saharan Africa,Southern Africa,748,SWZ,UNSD_M49_overview_plus_DwC_continent_policy,https://unstats.un.org/unsd/methodology/m49/overview/,2026-06-23T11:19:31+00:00
LS,Lesotho,Africa,UNSD Region Name=Africa,auto_from_official_UNSD_M49_policy,Africa,Sub-Saharan Africa,Southern Africa,426,LSO,UNSD_M49_overview_plus_DwC_continent_policy,https://unstats.un.org/unsd/methodology/m49/overview/,2026-06-23T11:19:31+00:00
ZA,South Africa,Africa,UNSD Region Name=Africa,auto_from_official_UNSD_M49_policy,Africa,Sub-Saharan Africa,Southern Africa,710,ZAF,UNSD_M49_overview_plus_DwC_continent_policy,https://unstats.un.org/unsd/methodology/m49/overview/,2026-06-23T11:19:31+00:00
BJ,Benin,Africa,UNSD Region Name=Africa,auto_from_official_UNSD_M49_policy,Africa,Sub-Saharan Africa,Western Africa,204,BEN,UNSD_M49_overview_plus_DwC_continent_policy,https://unstats.un.org/unsd/methodology/m49/overview/,2026-06-23T11:19:31+00:00
BF,Burkina Faso,Africa,UNSD Region Name=Africa,auto_from_official_UNSD_M49_policy,Africa,Sub-Saharan Africa,Western Africa,854,BFA,UNSD_M49_overview_plus_DwC_continent_policy,https://unstats.un.org/unsd/methodology/m49/overview/,2026-06-23T11:19:31+00:00
CV,Cabo Verde,Africa,UNSD Region Name=Africa,auto_from_official_UNSD_M49_policy,Africa,Sub-Saharan Africa,Western Africa,132,CPV,UNSD_M49_overview_plus_DwC_continent_policy,https://unstats.un.org/unsd/methodology/m49/overview/,2026-06-23T11:19:31+00:00
CI,Côte d’Ivoire,Africa,UNSD Region Name=Africa,auto_from_official_UNSD_M49_policy,Africa,Sub-Saharan Africa,Western Africa,384,CIV,UNSD_M49_overview_plus_DwC_continent_policy,https://unstats.un.org/unsd/methodology/m49/overview/,2026-06-23T11:19:31+00:00
GM,Gambia,Africa,UNSD Region Name=Africa,auto_from_official_UNSD_M49_policy,Africa,Sub-Saharan Africa,Western Africa,270,GMB,UNSD_M49_overview_plus_DwC_continent_policy,https://unstats.un.org/unsd/methodology/m49/overview/,2026-06-23T11:19:31+00:00
GH,Ghana,Africa,UNSD Region Name=Africa,auto_from_official_UNSD_M49_policy,Africa,Sub-Saharan Africa,Western Africa,288,GHA,UNSD_M49_overview_plus_DwC_continent_policy,https://unstats.un.org/unsd/methodology/m49/overview/,2026-06-23T11:19:31+00:00
GN,Guinea,Africa,UNSD Region Name=Africa,auto_from_official_UNSD_M49_policy,Africa,Sub-Saharan Africa,Western Africa,324,GIN,UNSD_M49_overview_plus_DwC_continent_policy,https://unstats.un.org/unsd/methodology/m49/overview/,2026-06-23T11:19:31+00:00
GW,Guinea-Bissau,Africa,UNSD Region Name=Africa,auto_from_official_UNSD_M49_policy,Africa,Sub-Saharan Africa,Western Africa,624,GNB,UNSD_M49_overview_plus_DwC_continent_policy,https://unstats.un.org/unsd/methodology/m49/overview/,2026-06-23T11:19:31+00:00
LR,Liberia,Africa,UNSD Region Name=Africa,auto_from_official_UNSD_M49_policy,Africa,Sub-Saharan Africa,Western Africa,430,LBR,UNSD_M49_overview_plus_DwC_continent_policy,https://unstats.un.org/unsd/methodology/m49/overview/,2026-06-23T11:19:31+00:00
ML,Mali,Africa,UNSD Region Name=Africa,auto_from_official_UNSD_M49_policy,Africa,Sub-Saharan Africa,Western Africa,466,MLI,UNSD_M49_overview_plus_DwC_continent_policy,https://unstats.un.org/unsd/methodology/m49/overview/,2026-06-23T11:19:31+00:00
MR,Mauritania,Africa,UNSD Region Name=Africa,auto_from_official_UNSD_M49_policy,Africa,Sub-Saharan Africa,Western Africa,478,MRT,UNSD_M49_overview_plus_DwC_continent_policy,https://unstats.un.org/unsd/methodology/m49/overview/,2026-06-23T11:19:31+00:00
NE,Niger,Africa,UNSD Region Name=Africa,auto_from_official_UNSD_M49_policy,Africa,Sub-Saharan Africa,Western Africa,562,NER,UNSD_M49_overview_plus_DwC_continent_policy,https://unstats.un.org/unsd/methodology/m49/overview/,2026-06-23T11:19:31+00:00
NG,Nigeria,Africa,UNSD Region Name=Africa,auto_from_official_UNSD_M49_policy,Africa,Sub-Saharan Africa,Western Africa,566,NGA,UNSD_M49_overview_plus_DwC_continent_policy,https://unstats.un.org/unsd/methodology/m49/overview/,2026-06-23T11:19:31+00:00
SH,Saint Helena,Africa,UNSD Region Name=Africa,auto_from_official_UNSD_M49_policy,Africa,Sub-Saharan Africa,Western Africa,654,SHN,UNSD_M49_overview_plus_DwC_continent_policy,https://unstats.un.org/unsd/methodology/m49/overview/,2026-06-23T11:19:31+00:00
SN,Senegal,Africa,UNSD Region Name=Africa,auto_from_official_UNSD_M49_policy,Africa,Sub-Saharan Africa,Western Africa,686,SEN,UNSD_M49_overview_plus_DwC_continent_policy,https://unstats.un.org/unsd/methodology/m49/overview/,2026-06-23T11:19:31+00:00
SL,Sierra Leone,Africa,UNSD Region Name=Africa,auto_from_official_UNSD_M49_policy,Africa,Sub-Saharan Africa,Western Africa,694,SLE,UNSD_M49_overview_plus_DwC_continent_policy,https://unstats.un.org/unsd/methodology/m49/overview/,2026-06-23T11:19:31+00:00
TG,Togo,Africa,UNSD Region Name=Africa,auto_from_official_UNSD_M49_policy,Africa,Sub-Saharan Africa,Western Africa,768,TGO,UNSD_M49_overview_plus_DwC_continent_policy,https://unstats.un.org/unsd/methodology/m49/overview/,2026-06-23T11:19:31+00:00
AI,Anguilla,North America,UNSD Americas + Caribbean -> Darwin Core-style North America,auto_from_official_UNSD_M49_policy,Americas,Latin America and the Caribbean,Caribbean,660,AIA,UNSD_M49_overview_plus_DwC_continent_policy,https://unstats.un.org/unsd/methodology/m49/overview/,2026-06-23T11:19:31+00:00
AG,Antigua and Barbuda,North America,UNSD Americas + Caribbean -> Darwin Core-style North America,auto_from_official_UNSD_M49_policy,Americas,Latin America and the Caribbean,Caribbean,28,ATG,UNSD_M49_overview_plus_DwC_continent_policy,https://unstats.un.org/unsd/methodology/m49/overview/,2026-06-23T11:19:31+00:00
AW,Aruba,North America,UNSD Americas + Caribbean -> Darwin Core-style North America,auto_from_official_UNSD_M49_policy,Americas,Latin America and the Caribbean,Caribbean,533,ABW,UNSD_M49_overview_plus_DwC_continent_policy,https://unstats.un.org/unsd/methodology/m49/overview/,2026-06-23T11:19:31+00:00
BS,Bahamas,North America,UNSD Americas + Caribbean -> Darwin Core-style North America,auto_from_official_UNSD_M49_policy,Americas,Latin America and the Caribbean,Caribbean,44,BHS,UNSD_M49_overview_plus_DwC_continent_policy,https://unstats.un.org/unsd/methodology/m49/overview/,2026-06-23T11:19:31+00:00
BB,Barbados,North America,UNSD Americas + Caribbean -> Darwin Core-style North America,auto_from_official_UNSD_M49_policy,Americas,Latin America and the Caribbean,Caribbean,52,BRB,UNSD_M49_overview_plus_DwC_continent_policy,https://unstats.un.org/unsd/methodology/m49/overview/,2026-06-23T11:19:31+00:00
BQ,"Bonaire, Sint Eustatius and Saba",North America,UNSD Americas + Caribbean -> Darwin Core-style North America,auto_from_official_UNSD_M49_policy,Americas,Latin America and the Caribbean,Caribbean,535,BES,UNSD_M49_overview_plus_DwC_continent_policy,https://unstats.un.org/unsd/methodology/m49/overview/,2026-06-23T11:19:31+00:00
VG,British Virgin Islands,North America,UNSD Americas + Caribbean -> Darwin Core-style North America,auto_from_official_UNSD_M49_policy,Americas,Latin America and the Caribbean,Caribbean,92,VGB,UNSD_M49_overview_plus_DwC_continent_policy,https://unstats.un.org/unsd/methodology/m49/overview/,2026-06-23T11:19:31+00:00
KY,Cayman Islands,North America,UNSD Americas + Caribbean -> Darwin Core-style North America,auto_from_official_UNSD_M49_policy,Americas,Latin America and the Caribbean,Caribbean,136,CYM,UNSD_M49_overview_plus_DwC_continent_policy,https://unstats.un.org/unsd/methodology/m49/overview/,2026-06-23T11:19:31+00:00
CU,Cuba,North America,UNSD Americas + Caribbean -> Darwin Core-style North America,auto_from_official_UNSD_M49_policy,Americas,Latin America and the Caribbean,Caribbean,192,CUB,UNSD_M49_overview_plus_DwC_continent_policy,https://unstats.un.org/unsd/methodology/m49/overview/,2026-06-23T11:19:31+00:00
CW,Curaçao,North America,UNSD Americas + Caribbean -> Darwin Core-style North America,auto_from_official_UNSD_M49_policy,Americas,Latin America and the Caribbean,Caribbean,531,CUW,UNSD_M49_overview_plus_DwC_continent_policy,https://unstats.un.org/unsd/methodology/m49/overview/,2026-06-23T11:19:31+00:00
DM,Dominica,North America,UNSD Americas + Caribbean -> Darwin Core-style North America,auto_from_official_UNSD_M49_policy,Americas,Latin America and the Caribbean,Caribbean,212,DMA,UNSD_M49_overview_plus_DwC_continent_policy,https://unstats.un.org/unsd/methodology/m49/overview/,2026-06-23T11:19:31+00:00
DO,Dominican Republic,North America,UNSD Americas + Caribbean -> Darwin Core-style North America,auto_from_official_UNSD_M49_policy,Americas,Latin America and the Caribbean,Caribbean,214,DOM,UNSD_M49_overview_plus_DwC_continent_policy,https://unstats.un.org/unsd/methodology/m49/overview/,2026-06-23T11:19:31+00:00
GD,Grenada,North America,UNSD Americas + Caribbean -> Darwin Core-style North America,auto_from_official_UNSD_M49_policy,Americas,Latin America and the Caribbean,Caribbean,308,GRD,UNSD_M49_overview_plus_DwC_continent_policy,https://unstats.un.org/unsd/methodology/m49/overview/,2026-06-23T11:19:31+00:00
GP,Guadeloupe,North America,UNSD Americas + Caribbean -> Darwin Core-style North America,auto_from_official_UNSD_M49_policy,Americas,Latin America and the Caribbean,Caribbean,312,GLP,UNSD_M49_overview_plus_DwC_continent_policy,https://unstats.un.org/unsd/methodology/m49/overview/,2026-06-23T11:19:31+00:00
HT,Haiti,North America,UNSD Americas + Caribbean -> Darwin Core-style North America,auto_from_official_UNSD_M49_policy,Americas,Latin America and the Caribbean,Caribbean,332,HTI,UNSD_M49_overview_plus_DwC_continent_policy,https://unstats.un.org/unsd/methodology/m49/overview/,2026-06-23T11:19:31+00:00
JM,Jamaica,North America,UNSD Americas + Caribbean -> Darwin Core-style North America,auto_from_official_UNSD_M49_policy,Americas,Latin America and the Caribbean,Caribbean,388,JAM,UNSD_M49_overview_plus_DwC_continent_policy,https://unstats.un.org/unsd/methodology/m49/overview/,2026-06-23T11:19:31+00:00
MQ,Martinique,North America,UNSD Americas + Caribbean -> Darwin Core-style North America,auto_from_official_UNSD_M49_policy,Americas,Latin America and the Caribbean,Caribbean,474,MTQ,UNSD_M49_overview_plus_DwC_continent_policy,https://unstats.un.org/unsd/methodology/m49/overview/,2026-06-23T11:19:31+00:00
MS,Montserrat,North America,UNSD Americas + Caribbean -> Darwin Core-style North America,auto_from_official_UNSD_M49_policy,Americas,Latin America and the Caribbean,Caribbean,500,MSR,UNSD_M49_overview_plus_DwC_continent_policy,https://unstats.un.org/unsd/methodology/m49/overview/,2026-06-23T11:19:31+00:00
PR,Puerto Rico,North America,UNSD Americas + Caribbean -> Darwin Core-style North America,auto_from_official_UNSD_M49_policy,Americas,Latin America and the Caribbean,Caribbean,630,PRI,UNSD_M49_overview_plus_DwC_continent_policy,https://unstats.un.org/unsd/methodology/m49/overview/,2026-06-23T11:19:31+00:00
BL,Saint Barthélemy,North America,UNSD Americas + Caribbean -> Darwin Core-style North America,auto_from_official_UNSD_M49_policy,Americas,Latin America and the Caribbean,Caribbean,652,BLM,UNSD_M49_overview_plus_DwC_continent_policy,https://unstats.un.org/unsd/methodology/m49/overview/,2026-06-23T11:19:31+00:00
KN,Saint Kitts and Nevis,North America,UNSD Americas + Caribbean -> Darwin Core-style North America,auto_from_official_UNSD_M49_policy,Americas,Latin America and the Caribbean,Caribbean,659,KNA,UNSD_M49_overview_plus_DwC_continent_policy,https://unstats.un.org/unsd/methodology/m49/overview/,2026-06-23T11:19:31+00:00
LC,Saint Lucia,North America,UNSD Americas + Caribbean -> Darwin Core-style North America,auto_from_official_UNSD_M49_policy,Americas,Latin America and the Caribbean,Caribbean,662,LCA,UNSD_M49_overview_plus_DwC_continent_policy,https://unstats.un.org/unsd/methodology/m49/overview/,2026-06-23T11:19:31+00:00
MF,Saint Martin (French Part),North America,UNSD Americas + Caribbean -> Darwin Core-style North America,auto_from_official_UNSD_M49_policy,Americas,Latin America and the Caribbean,Caribbean,663,MAF,UNSD_M49_overview_plus_DwC_continent_policy,https://unstats.un.org/unsd/methodology/m49/overview/,2026-06-23T11:19:31+00:00
VC,Saint Vincent and the Grenadines,North America,UNSD Americas + Caribbean -> Darwin Core-style North America,auto_from_official_UNSD_M49_policy,Americas,Latin America and the Caribbean,Caribbean,670,VCT,UNSD_M49_overview_plus_DwC_continent_policy,https://unstats.un.org/unsd/methodology/m49/overview/,2026-06-23T11:19:31+00:00
SX,Sint Maarten (Dutch part),North America,UNSD Americas + Caribbean -> Darwin Core-style North America,auto_from_official_UNSD_M49_policy,Americas,Latin America and the Caribbean,Caribbean,534,SXM,UNSD_M49_overview_plus_DwC_continent_policy,https://unstats.un.org/unsd/methodology/m49/overview/,2026-06-23T11:19:31+00:00
TT,Trinidad and Tobago,North America,UNSD Americas + Caribbean -> Darwin Core-style North America,auto_from_official_UNSD_M49_policy,Americas,Latin America and the Caribbean,Caribbean,780,TTO,UNSD_M49_overview_plus_DwC_continent_policy,https://unstats.un.org/unsd/methodology/m49/overview/,2026-06-23T11:19:31+00:00
TC,Turks and Caicos Islands,North America,UNSD Americas + Caribbean -> Darwin Core-style North America,auto_from_official_UNSD_M49_policy,Americas,Latin America and the Caribbean,Caribbean,796,TCA,UNSD_M49_overview_plus_DwC_continent_policy,https://unstats.un.org/unsd/methodology/m49/overview/,2026-06-23T11:19:31+00:00
VI,United States Virgin Islands,North America,UNSD Americas + Caribbean -> Darwin Core-style North America,auto_from_official_UNSD_M49_policy,Americas,Latin America and the Caribbean,Caribbean,850,VIR,UNSD_M49_overview_plus_DwC_continent_policy,https://unstats.un.org/unsd/methodology/m49/overview/,2026-06-23T11:19:31+00:00
BZ,Belize,North America,UNSD Americas + Central America -> Darwin Core-style North America,auto_from_official_UNSD_M49_policy,Americas,Latin America and the Caribbean,Central America,84,BLZ,UNSD_M49_overview_plus_DwC_continent_policy,https://unstats.un.org/unsd/methodology/m49/overview/,2026-06-23T11:19:31+00:00
CR,Costa Rica,North America,UNSD Americas + Central America -> Darwin Core-style North America,auto_from_official_UNSD_M49_policy,Americas,Latin America and the Caribbean,Central America,188,CRI,UNSD_M49_overview_plus_DwC_continent_policy,https://unstats.un.org/unsd/methodology/m49/overview/,2026-06-23T11:19:31+00:00
SV,El Salvador,North America,UNSD Americas + Central America -> Darwin Core-style North America,auto_from_official_UNSD_M49_policy,Americas,Latin America and the Caribbean,Central America,222,SLV,UNSD_M49_overview_plus_DwC_continent_policy,https://unstats.un.org/unsd/methodology/m49/overview/,2026-06-23T11:19:31+00:00
GT,Guatemala,North America,UNSD Americas + Central America -> Darwin Core-style North America,auto_from_official_UNSD_M49_policy,Americas,Latin America and the Caribbean,Central America,320,GTM,UNSD_M49_overview_plus_DwC_continent_policy,https://unstats.un.org/unsd/methodology/m49/overview/,2026-06-23T11:19:31+00:00
HN,Honduras,North America,UNSD Americas + Central America -> Darwin Core-style North America,auto_from_official_UNSD_M49_policy,Americas,Latin America and the Caribbean,Central America,340,HND,UNSD_M49_overview_plus_DwC_continent_policy,https://unstats.un.org/unsd/methodology/m49/overview/,2026-06-23T11:19:31+00:00
MX,Mexico,North America,UNSD Americas + Central America -> Darwin Core-style North America,auto_from_official_UNSD_M49_policy,Americas,Latin America and the Caribbean,Central America,484,MEX,UNSD_M49_overview_plus_DwC_continent_policy,https://unstats.un.org/unsd/methodology/m49/overview/,2026-06-23T11:19:31+00:00
NI,Nicaragua,North America,UNSD Americas + Central America -> Darwin Core-style North America,auto_from_official_UNSD_M49_policy,Americas,Latin America and the Caribbean,Central America,558,NIC,UNSD_M49_overview_plus_DwC_continent_policy,https://unstats.un.org/unsd/methodology/m49/overview/,2026-06-23T11:19:31+00:00
PA,Panama,North America,UNSD Americas + Central America -> Darwin Core-style North America,auto_from_official_UNSD_M49_policy,Americas,Latin America and the Caribbean,Central America,591,PAN,UNSD_M49_overview_plus_DwC_continent_policy,https://unstats.un.org/unsd/methodology/m49/overview/,2026-06-23T11:19:31+00:00
AR,Argentina,South America,UNSD Americas + South America -> Darwin Core-style South America,auto_from_official_UNSD_M49_policy,Americas,Latin America and the Caribbean,South America,32,ARG,UNSD_M49_overview_plus_DwC_continent_policy,https://unstats.un.org/unsd/methodology/m49/overview/,2026-06-23T11:19:31+00:00
BO,Bolivia (Plurinational State of),South America,UNSD Americas + South America -> Darwin Core-style South America,auto_from_official_UNSD_M49_policy,Americas,Latin America and the Caribbean,South America,68,BOL,UNSD_M49_overview_plus_DwC_continent_policy,https://unstats.un.org/unsd/methodology/m49/overview/,2026-06-23T11:19:31+00:00
BV,Bouvet Island,South America,UNSD Americas + South America -> Darwin Core-style South America,auto_from_official_UNSD_M49_policy,Americas,Latin America and the Caribbean,South America,74,BVT,UNSD_M49_overview_plus_DwC_continent_policy,https://unstats.un.org/unsd/methodology/m49/overview/,2026-06-23T11:19:31+00:00
BR,Brazil,South America,UNSD Americas + South America -> Darwin Core-style South America,auto_from_official_UNSD_M49_policy,Americas,Latin America and the Caribbean,South America,76,BRA,UNSD_M49_overview_plus_DwC_continent_policy,https://unstats.un.org/unsd/methodology/m49/overview/,2026-06-23T11:19:31+00:00
CL,Chile,South America,UNSD Americas + South America -> Darwin Core-style South America,auto_from_official_UNSD_M49_policy,Americas,Latin America and the Caribbean,South America,152,CHL,UNSD_M49_overview_plus_DwC_continent_policy,https://unstats.un.org/unsd/methodology/m49/overview/,2026-06-23T11:19:31+00:00
CO,Colombia,South America,UNSD Americas + South America -> Darwin Core-style South America,auto_from_official_UNSD_M49_policy,Americas,Latin America and the Caribbean,South America,170,COL,UNSD_M49_overview_plus_DwC_continent_policy,https://unstats.un.org/unsd/methodology/m49/overview/,2026-06-23T11:19:31+00:00
EC,Ecuador,South America,UNSD Americas + South America -> Darwin Core-style South America,auto_from_official_UNSD_M49_policy,Americas,Latin America and the Caribbean,South America,218,ECU,UNSD_M49_overview_plus_DwC_continent_policy,https://unstats.un.org/unsd/methodology/m49/overview/,2026-06-23T11:19:31+00:00
FK,Falkland Islands (Malvinas),South America,UNSD Americas + South America -> Darwin Core-style South America,auto_from_official_UNSD_M49_policy,Americas,Latin America and the Caribbean,South America,238,FLK,UNSD_M49_overview_plus_DwC_continent_policy,https://unstats.un.org/unsd/methodology/m49/overview/,2026-06-23T11:19:31+00:00
GF,French Guiana,South America,UNSD Americas + South America -> Darwin Core-style South America,auto_from_official_UNSD_M49_policy,Americas,Latin America and the Caribbean,South America,254,GUF,UNSD_M49_overview_plus_DwC_continent_policy,https://unstats.un.org/unsd/methodology/m49/overview/,2026-06-23T11:19:31+00:00
GY,Guyana,South America,UNSD Americas + South America -> Darwin Core-style South America,auto_from_official_UNSD_M49_policy,Americas,Latin America and the Caribbean,South America,328,GUY,UNSD_M49_overview_plus_DwC_continent_policy,https://unstats.un.org/unsd/methodology/m49/overview/,2026-06-23T11:19:31+00:00
PY,Paraguay,South America,UNSD Americas + South America -> Darwin Core-style South America,auto_from_official_UNSD_M49_policy,Americas,Latin America and the Caribbean,South America,600,PRY,UNSD_M49_overview_plus_DwC_continent_policy,https://unstats.un.org/unsd/methodology/m49/overview/,2026-06-23T11:19:31+00:00
PE,Peru,South America,UNSD Americas + South America -> Darwin Core-style South America,auto_from_official_UNSD_M49_policy,Americas,Latin America and the Caribbean,South America,604,PER,UNSD_M49_overview_plus_DwC_continent_policy,https://unstats.un.org/unsd/methodology/m49/overview/,2026-06-23T11:19:31+00:00
GS,South Georgia and the South Sandwich Islands,South America,UNSD Americas + South America -> Darwin Core-style South America,auto_from_official_UNSD_M49_policy,Americas,Latin America and the Caribbean,South America,239,SGS,UNSD_M49_overview_plus_DwC_continent_policy,https://unstats.un.org/unsd/methodology/m49/overview/,2026-06-23T11:19:31+00:00
SR,Suriname,South America,UNSD Americas + South America -> Darwin Core-style South America,auto_from_official_UNSD_M49_policy,Americas,Latin America and the Caribbean,South America,740,SUR,UNSD_M49_overview_plus_DwC_continent_policy,https://unstats.un.org/unsd/methodology/m49/overview/,2026-06-23T11:19:31+00:00
UY,Uruguay,South America,UNSD Americas + South America -> Darwin Core-style South America,auto_from_official_UNSD_M49_policy,Americas,Latin America and the Caribbean,South America,858,URY,UNSD_M49_overview_plus_DwC_continent_policy,https://unstats.un.org/unsd/methodology/m49/overview/,2026-06-23T11:19:31+00:00
VE,Venezuela (Bolivarian Republic of),South America,UNSD Americas + South America -> Darwin Core-style South America,auto_from_official_UNSD_M49_policy,Americas,Latin America and the Caribbean,South America,862,VEN,UNSD_M49_overview_plus_DwC_continent_policy,https://unstats.un.org/unsd/methodology/m49/overview/,2026-06-23T11:19:31+00:00
BM,Bermuda,North America,UNSD Americas + Northern America -> Darwin Core-style North America,auto_from_official_UNSD_M49_policy,Americas,Northern America,,60,BMU,UNSD_M49_overview_plus_DwC_continent_policy,https://unstats.un.org/unsd/methodology/m49/overview/,2026-06-23T11:19:31+00:00
CA,Canada,North America,UNSD Americas + Northern America -> Darwin Core-style North America,auto_from_official_UNSD_M49_policy,Americas,Northern America,,124,CAN,UNSD_M49_overview_plus_DwC_continent_policy,https://unstats.un.org/unsd/methodology/m49/overview/,2026-06-23T11:19:31+00:00
GL,Greenland,North America,UNSD Americas + Northern America -> Darwin Core-style North America,auto_from_official_UNSD_M49_policy,Americas,Northern America,,304,GRL,UNSD_M49_overview_plus_DwC_continent_policy,https://unstats.un.org/unsd/methodology/m49/overview/,2026-06-23T11:19:31+00:00
PM,Saint Pierre and Miquelon,North America,UNSD Americas + Northern America -> Darwin Core-style North America,auto_from_official_UNSD_M49_policy,Americas,Northern America,,666,SPM,UNSD_M49_overview_plus_DwC_continent_policy,https://unstats.un.org/unsd/methodology/m49/overview/,2026-06-23T11:19:31+00:00
US,United States of America,North America,UNSD Americas + Northern America -> Darwin Core-style North America,auto_from_official_UNSD_M49_policy,Americas,Northern America,,840,USA,UNSD_M49_overview_plus_DwC_continent_policy,https://unstats.un.org/unsd/methodology/m49/overview/,2026-06-23T11:19:31+00:00
AQ,Antarctica,,review_no_dwc_continent_policy,review,,,,10,ATA,UNSD_M49_overview_plus_DwC_continent_policy,https://unstats.un.org/unsd/methodology/m49/overview/,2026-06-23T11:19:31+00:00
KZ,Kazakhstan,Asia,UNSD Region Name=Asia,auto_from_official_UNSD_M49_policy,Asia,Central Asia,,398,KAZ,UNSD_M49_overview_plus_DwC_continent_policy,https://unstats.un.org/unsd/methodology/m49/overview/,2026-06-23T11:19:31+00:00
KG,Kyrgyzstan,Asia,UNSD Region Name=Asia,auto_from_official_UNSD_M49_policy,Asia,Central Asia,,417,KGZ,UNSD_M49_overview_plus_DwC_continent_policy,https://unstats.un.org/unsd/methodology/m49/overview/,2026-06-23T11:19:31+00:00
TJ,Tajikistan,Asia,UNSD Region Name=Asia,auto_from_official_UNSD_M49_policy,Asia,Central Asia,,762,TJK,UNSD_M49_overview_plus_DwC_continent_policy,https://unstats.un.org/unsd/methodology/m49/overview/,2026-06-23T11:19:31+00:00
TM,Turkmenistan,Asia,UNSD Region Name=Asia,auto_from_official_UNSD_M49_policy,Asia,Central Asia,,795,TKM,UNSD_M49_overview_plus_DwC_continent_policy,https://unstats.un.org/unsd/methodology/m49/overview/,2026-06-23T11:19:31+00:00
UZ,Uzbekistan,Asia,UNSD Region Name=Asia,auto_from_official_UNSD_M49_policy,Asia,Central Asia,,860,UZB,UNSD_M49_overview_plus_DwC_continent_policy,https://unstats.un.org/unsd/methodology/m49/overview/,2026-06-23T11:19:31+00:00
CN,China,Asia,UNSD Region Name=Asia,auto_from_official_UNSD_M49_policy,Asia,Eastern Asia,,156,CHN,UNSD_M49_overview_plus_DwC_continent_policy,https://unstats.un.org/unsd/methodology/m49/overview/,2026-06-23T11:19:31+00:00
HK,"China, Hong Kong Special Administrative Region",Asia,UNSD Region Name=Asia,auto_from_official_UNSD_M49_policy,Asia,Eastern Asia,,344,HKG,UNSD_M49_overview_plus_DwC_continent_policy,https://unstats.un.org/unsd/methodology/m49/overview/,2026-06-23T11:19:31+00:00
MO,"China, Macao Special Administrative Region",Asia,UNSD Region Name=Asia,auto_from_official_UNSD_M49_policy,Asia,Eastern Asia,,446,MAC,UNSD_M49_overview_plus_DwC_continent_policy,https://unstats.un.org/unsd/methodology/m49/overview/,2026-06-23T11:19:31+00:00
KP,Democratic People's Republic of Korea,Asia,UNSD Region Name=Asia,auto_from_official_UNSD_M49_policy,Asia,Eastern Asia,,408,PRK,UNSD_M49_overview_plus_DwC_continent_policy,https://unstats.un.org/unsd/methodology/m49/overview/,2026-06-23T11:19:31+00:00
JP,Japan,Asia,UNSD Region Name=Asia,auto_from_official_UNSD_M49_policy,Asia,Eastern Asia,,392,JPN,UNSD_M49_overview_plus_DwC_continent_policy,https://unstats.un.org/unsd/methodology/m49/overview/,2026-06-23T11:19:31+00:00
MN,Mongolia,Asia,UNSD Region Name=Asia,auto_from_official_UNSD_M49_policy,Asia,Eastern Asia,,496,MNG,UNSD_M49_overview_plus_DwC_continent_policy,https://unstats.un.org/unsd/methodology/m49/overview/,2026-06-23T11:19:31+00:00
KR,Republic of Korea,Asia,UNSD Region Name=Asia,auto_from_official_UNSD_M49_policy,Asia,Eastern Asia,,410,KOR,UNSD_M49_overview_plus_DwC_continent_policy,https://unstats.un.org/unsd/methodology/m49/overview/,2026-06-23T11:19:31+00:00
BN,Brunei Darussalam,Asia,UNSD Region Name=Asia,auto_from_official_UNSD_M49_policy,Asia,South-eastern Asia,,96,BRN,UNSD_M49_overview_plus_DwC_continent_policy,https://unstats.un.org/unsd/methodology/m49/overview/,2026-06-23T11:19:31+00:00
KH,Cambodia,Asia,UNSD Region Name=Asia,auto_from_official_UNSD_M49_policy,Asia,South-eastern Asia,,116,KHM,UNSD_M49_overview_plus_DwC_continent_policy,https://unstats.un.org/unsd/methodology/m49/overview/,2026-06-23T11:19:31+00:00
ID,Indonesia,Asia,UNSD Region Name=Asia,auto_from_official_UNSD_M49_policy,Asia,South-eastern Asia,,360,IDN,UNSD_M49_overview_plus_DwC_continent_policy,https://unstats.un.org/unsd/methodology/m49/overview/,2026-06-23T11:19:31+00:00
LA,Lao People's Democratic Republic,Asia,UNSD Region Name=Asia,auto_from_official_UNSD_M49_policy,Asia,South-eastern Asia,,418,LAO,UNSD_M49_overview_plus_DwC_continent_policy,https://unstats.un.org/unsd/methodology/m49/overview/,2026-06-23T11:19:31+00:00
MY,Malaysia,Asia,UNSD Region Name=Asia,auto_from_official_UNSD_M49_policy,Asia,South-eastern Asia,,458,MYS,UNSD_M49_overview_plus_DwC_continent_policy,https://unstats.un.org/unsd/methodology/m49/overview/,2026-06-23T11:19:31+00:00
MM,Myanmar,Asia,UNSD Region Name=Asia,auto_from_official_UNSD_M49_policy,Asia,South-eastern Asia,,104,MMR,UNSD_M49_overview_plus_DwC_continent_policy,https://unstats.un.org/unsd/methodology/m49/overview/,2026-06-23T11:19:31+00:00
PH,Philippines,Asia,UNSD Region Name=Asia,auto_from_official_UNSD_M49_policy,Asia,South-eastern Asia,,608,PHL,UNSD_M49_overview_plus_DwC_continent_policy,https://unstats.un.org/unsd/methodology/m49/overview/,2026-06-23T11:19:31+00:00
SG,Singapore,Asia,UNSD Region Name=Asia,auto_from_official_UNSD_M49_policy,Asia,South-eastern Asia,,702,SGP,UNSD_M49_overview_plus_DwC_continent_policy,https://unstats.un.org/unsd/methodology/m49/overview/,2026-06-23T11:19:31+00:00
TH,Thailand,Asia,UNSD Region Name=Asia,auto_from_official_UNSD_M49_policy,Asia,South-eastern Asia,,764,THA,UNSD_M49_overview_plus_DwC_continent_policy,https://unstats.un.org/unsd/methodology/m49/overview/,2026-06-23T11:19:31+00:00
TL,Timor-Leste,Asia,UNSD Region Name=Asia,auto_from_official_UNSD_M49_policy,Asia,South-eastern Asia,,626,TLS,UNSD_M49_overview_plus_DwC_continent_policy,https://unstats.un.org/unsd/methodology/m49/overview/,2026-06-23T11:19:31+00:00
VN,Viet Nam,Asia,UNSD Region Name=Asia,auto_from_official_UNSD_M49_policy,Asia,South-eastern Asia,,704,VNM,UNSD_M49_overview_plus_DwC_continent_policy,https://unstats.un.org/unsd/methodology/m49/overview/,2026-06-23T11:19:31+00:00
AF,Afghanistan,Asia,UNSD Region Name=Asia,auto_from_official_UNSD_M49_policy,Asia,Southern Asia,,4,AFG,UNSD_M49_overview_plus_DwC_continent_policy,https://unstats.un.org/unsd/methodology/m49/overview/,2026-06-23T11:19:31+00:00
BD,Bangladesh,Asia,UNSD Region Name=Asia,auto_from_official_UNSD_M49_policy,Asia,Southern Asia,,50,BGD,UNSD_M49_overview_plus_DwC_continent_policy,https://unstats.un.org/unsd/methodology/m49/overview/,2026-06-23T11:19:31+00:00
BT,Bhutan,Asia,UNSD Region Name=Asia,auto_from_official_UNSD_M49_policy,Asia,Southern Asia,,64,BTN,UNSD_M49_overview_plus_DwC_continent_policy,https://unstats.un.org/unsd/methodology/m49/overview/,2026-06-23T11:19:31+00:00
IN,India,Asia,UNSD Region Name=Asia,auto_from_official_UNSD_M49_policy,Asia,Southern Asia,,356,IND,UNSD_M49_overview_plus_DwC_continent_policy,https://unstats.un.org/unsd/methodology/m49/overview/,2026-06-23T11:19:31+00:00
IR,Iran (Islamic Republic of),Asia,UNSD Region Name=Asia,auto_from_official_UNSD_M49_policy,Asia,Southern Asia,,364,IRN,UNSD_M49_overview_plus_DwC_continent_policy,https://unstats.un.org/unsd/methodology/m49/overview/,2026-06-23T11:19:31+00:00
MV,Maldives,Asia,UNSD Region Name=Asia,auto_from_official_UNSD_M49_policy,Asia,Southern Asia,,462,MDV,UNSD_M49_overview_plus_DwC_continent_policy,https://unstats.un.org/unsd/methodology/m49/overview/,2026-06-23T11:19:31+00:00
NP,Nepal,Asia,UNSD Region Name=Asia,auto_from_official_UNSD_M49_policy,Asia,Southern Asia,,524,NPL,UNSD_M49_overview_plus_DwC_continent_policy,https://unstats.un.org/unsd/methodology/m49/overview/,2026-06-23T11:19:31+00:00
PK,Pakistan,Asia,UNSD Region Name=Asia,auto_from_official_UNSD_M49_policy,Asia,Southern Asia,,586,PAK,UNSD_M49_overview_plus_DwC_continent_policy,https://unstats.un.org/unsd/methodology/m49/overview/,2026-06-23T11:19:31+00:00
LK,Sri Lanka,Asia,UNSD Region Name=Asia,auto_from_official_UNSD_M49_policy,Asia,Southern Asia,,144,LKA,UNSD_M49_overview_plus_DwC_continent_policy,https://unstats.un.org/unsd/methodology/m49/overview/,2026-06-23T11:19:31+00:00
AM,Armenia,Asia,UNSD Region Name=Asia,auto_from_official_UNSD_M49_policy,Asia,Western Asia,,51,ARM,UNSD_M49_overview_plus_DwC_continent_policy,https://unstats.un.org/unsd/methodology/m49/overview/,2026-06-23T11:19:31+00:00
AZ,Azerbaijan,Asia,UNSD Region Name=Asia,auto_from_official_UNSD_M49_policy,Asia,Western Asia,,31,AZE,UNSD_M49_overview_plus_DwC_continent_policy,https://unstats.un.org/unsd/methodology/m49/overview/,2026-06-23T11:19:31+00:00
BH,Bahrain,Asia,UNSD Region Name=Asia,auto_from_official_UNSD_M49_policy,Asia,Western Asia,,48,BHR,UNSD_M49_overview_plus_DwC_continent_policy,https://unstats.un.org/unsd/methodology/m49/overview/,2026-06-23T11:19:31+00:00
CY,Cyprus,Asia,UNSD Region Name=Asia,auto_from_official_UNSD_M49_policy,Asia,Western Asia,,196,CYP,UNSD_M49_overview_plus_DwC_continent_policy,https://unstats.un.org/unsd/methodology/m49/overview/,2026-06-23T11:19:31+00:00
GE,Georgia,Asia,UNSD Region Name=Asia,auto_from_official_UNSD_M49_policy,Asia,Western Asia,,268,GEO,UNSD_M49_overview_plus_DwC_continent_policy,https://unstats.un.org/unsd/methodology/m49/overview/,2026-06-23T11:19:31+00:00
IQ,Iraq,Asia,UNSD Region Name=Asia,auto_from_official_UNSD_M49_policy,Asia,Western Asia,,368,IRQ,UNSD_M49_overview_plus_DwC_continent_policy,https://unstats.un.org/unsd/methodology/m49/overview/,2026-06-23T11:19:31+00:00
IL,Israel,Asia,UNSD Region Name=Asia,auto_from_official_UNSD_M49_policy,Asia,Western Asia,,376,ISR,UNSD_M49_overview_plus_DwC_continent_policy,https://unstats.un.org/unsd/methodology/m49/overview/,2026-06-23T11:19:31+00:00
JO,Jordan,Asia,UNSD Region Name=Asia,auto_from_official_UNSD_M49_policy,Asia,Western Asia,,400,JOR,UNSD_M49_overview_plus_DwC_continent_policy,https://unstats.un.org/unsd/methodology/m49/overview/,2026-06-23T11:19:31+00:00
KW,Kuwait,Asia,UNSD Region Name=Asia,auto_from_official_UNSD_M49_policy,Asia,Western Asia,,414,KWT,UNSD_M49_overview_plus_DwC_continent_policy,https://unstats.un.org/unsd/methodology/m49/overview/,2026-06-23T11:19:31+00:00
LB,Lebanon,Asia,UNSD Region Name=Asia,auto_from_official_UNSD_M49_policy,Asia,Western Asia,,422,LBN,UNSD_M49_overview_plus_DwC_continent_policy,https://unstats.un.org/unsd/methodology/m49/overview/,2026-06-23T11:19:31+00:00
OM,Oman,Asia,UNSD Region Name=Asia,auto_from_official_UNSD_M49_policy,Asia,Western Asia,,512,OMN,UNSD_M49_overview_plus_DwC_continent_policy,https://unstats.un.org/unsd/methodology/m49/overview/,2026-06-23T11:19:31+00:00
QA,Qatar,Asia,UNSD Region Name=Asia,auto_from_official_UNSD_M49_policy,Asia,Western Asia,,634,QAT,UNSD_M49_overview_plus_DwC_continent_policy,https://unstats.un.org/unsd/methodology/m49/overview/,2026-06-23T11:19:31+00:00
SA,Saudi Arabia,Asia,UNSD Region Name=Asia,auto_from_official_UNSD_M49_policy,Asia,Western Asia,,682,SAU,UNSD_M49_overview_plus_DwC_continent_policy,https://unstats.un.org/unsd/methodology/m49/overview/,2026-06-23T11:19:31+00:00
PS,State of Palestine,Asia,UNSD Region Name=Asia,auto_from_official_UNSD_M49_policy,Asia,Western Asia,,275,PSE,UNSD_M49_overview_plus_DwC_continent_policy,https://unstats.un.org/unsd/methodology/m49/overview/,2026-06-23T11:19:31+00:00
SY,Syrian Arab Republic,Asia,UNSD Region Name=Asia,auto_from_official_UNSD_M49_policy,Asia,Western Asia,,760,SYR,UNSD_M49_overview_plus_DwC_continent_policy,https://unstats.un.org/unsd/methodology/m49/overview/,2026-06-23T11:19:31+00:00
TR,Türkiye,Asia,UNSD Region Name=Asia,auto_from_official_UNSD_M49_policy,Asia,Western Asia,,792,TUR,UNSD_M49_overview_plus_DwC_continent_policy,https://unstats.un.org/unsd/methodology/m49/overview/,2026-06-23T11:19:31+00:00
AE,United Arab Emirates,Asia,UNSD Region Name=Asia,auto_from_official_UNSD_M49_policy,Asia,Western Asia,,784,ARE,UNSD_M49_overview_plus_DwC_continent_policy,https://unstats.un.org/unsd/methodology/m49/overview/,2026-06-23T11:19:31+00:00
YE,Yemen,Asia,UNSD Region Name=Asia,auto_from_official_UNSD_M49_policy,Asia,Western Asia,,887,YEM,UNSD_M49_overview_plus_DwC_continent_policy,https://unstats.un.org/unsd/methodology/m49/overview/,2026-06-23T11:19:31+00:00
BY,Belarus,Europe,UNSD Region Name=Europe,auto_from_official_UNSD_M49_policy,Europe,Eastern Europe,,112,BLR,UNSD_M49_overview_plus_DwC_continent_policy,https://unstats.un.org/unsd/methodology/m49/overview/,2026-06-23T11:19:31+00:00
BG,Bulgaria,Europe,UNSD Region Name=Europe,auto_from_official_UNSD_M49_policy,Europe,Eastern Europe,,100,BGR,UNSD_M49_overview_plus_DwC_continent_policy,https://unstats.un.org/unsd/methodology/m49/overview/,2026-06-23T11:19:31+00:00
CZ,Czechia,Europe,UNSD Region Name=Europe,auto_from_official_UNSD_M49_policy,Europe,Eastern Europe,,203,CZE,UNSD_M49_overview_plus_DwC_continent_policy,https://unstats.un.org/unsd/methodology/m49/overview/,2026-06-23T11:19:31+00:00
HU,Hungary,Europe,UNSD Region Name=Europe,auto_from_official_UNSD_M49_policy,Europe,Eastern Europe,,348,HUN,UNSD_M49_overview_plus_DwC_continent_policy,https://unstats.un.org/unsd/methodology/m49/overview/,2026-06-23T11:19:31+00:00
PL,Poland,Europe,UNSD Region Name=Europe,auto_from_official_UNSD_M49_policy,Europe,Eastern Europe,,616,POL,UNSD_M49_overview_plus_DwC_continent_policy,https://unstats.un.org/unsd/methodology/m49/overview/,2026-06-23T11:19:31+00:00
MD,Republic of Moldova,Europe,UNSD Region Name=Europe,auto_from_official_UNSD_M49_policy,Europe,Eastern Europe,,498,MDA,UNSD_M49_overview_plus_DwC_continent_policy,https://unstats.un.org/unsd/methodology/m49/overview/,2026-06-23T11:19:31+00:00
RO,Romania,Europe,UNSD Region Name=Europe,auto_from_official_UNSD_M49_policy,Europe,Eastern Europe,,642,ROU,UNSD_M49_overview_plus_DwC_continent_policy,https://unstats.un.org/unsd/methodology/m49/overview/,2026-06-23T11:19:31+00:00
RU,Russian Federation,Europe,UNSD Region Name=Europe,auto_from_official_UNSD_M49_policy,Europe,Eastern Europe,,643,RUS,UNSD_M49_overview_plus_DwC_continent_policy,https://unstats.un.org/unsd/methodology/m49/overview/,2026-06-23T11:19:31+00:00
SK,Slovakia,Europe,UNSD Region Name=Europe,auto_from_official_UNSD_M49_policy,Europe,Eastern Europe,,703,SVK,UNSD_M49_overview_plus_DwC_continent_policy,https://unstats.un.org/unsd/methodology/m49/overview/,2026-06-23T11:19:31+00:00
UA,Ukraine,Europe,UNSD Region Name=Europe,auto_from_official_UNSD_M49_policy,Europe,Eastern Europe,,804,UKR,UNSD_M49_overview_plus_DwC_continent_policy,https://unstats.un.org/unsd/methodology/m49/overview/,2026-06-23T11:19:31+00:00
AX,Åland Islands,Europe,UNSD Region Name=Europe,auto_from_official_UNSD_M49_policy,Europe,Northern Europe,,248,ALA,UNSD_M49_overview_plus_DwC_continent_policy,https://unstats.un.org/unsd/methodology/m49/overview/,2026-06-23T11:19:31+00:00
DK,Denmark,Europe,UNSD Region Name=Europe,auto_from_official_UNSD_M49_policy,Europe,Northern Europe,,208,DNK,UNSD_M49_overview_plus_DwC_continent_policy,https://unstats.un.org/unsd/methodology/m49/overview/,2026-06-23T11:19:31+00:00
EE,Estonia,Europe,UNSD Region Name=Europe,auto_from_official_UNSD_M49_policy,Europe,Northern Europe,,233,EST,UNSD_M49_overview_plus_DwC_continent_policy,https://unstats.un.org/unsd/methodology/m49/overview/,2026-06-23T11:19:31+00:00
FO,Faroe Islands,Europe,UNSD Region Name=Europe,auto_from_official_UNSD_M49_policy,Europe,Northern Europe,,234,FRO,UNSD_M49_overview_plus_DwC_continent_policy,https://unstats.un.org/unsd/methodology/m49/overview/,2026-06-23T11:19:31+00:00
FI,Finland,Europe,UNSD Region Name=Europe,auto_from_official_UNSD_M49_policy,Europe,Northern Europe,,246,FIN,UNSD_M49_overview_plus_DwC_continent_policy,https://unstats.un.org/unsd/methodology/m49/overview/,2026-06-23T11:19:31+00:00
GG,Guernsey,Europe,UNSD Region Name=Europe,auto_from_official_UNSD_M49_policy,Europe,Northern Europe,,831,GGY,UNSD_M49_overview_plus_DwC_continent_policy,https://unstats.un.org/unsd/methodology/m49/overview/,2026-06-23T11:19:31+00:00
IS,Iceland,Europe,UNSD Region Name=Europe,auto_from_official_UNSD_M49_policy,Europe,Northern Europe,,352,ISL,UNSD_M49_overview_plus_DwC_continent_policy,https://unstats.un.org/unsd/methodology/m49/overview/,2026-06-23T11:19:31+00:00
IE,Ireland,Europe,UNSD Region Name=Europe,auto_from_official_UNSD_M49_policy,Europe,Northern Europe,,372,IRL,UNSD_M49_overview_plus_DwC_continent_policy,https://unstats.un.org/unsd/methodology/m49/overview/,2026-06-23T11:19:31+00:00
IM,Isle of Man,Europe,UNSD Region Name=Europe,auto_from_official_UNSD_M49_policy,Europe,Northern Europe,,833,IMN,UNSD_M49_overview_plus_DwC_continent_policy,https://unstats.un.org/unsd/methodology/m49/overview/,2026-06-23T11:19:31+00:00
JE,Jersey,Europe,UNSD Region Name=Europe,auto_from_official_UNSD_M49_policy,Europe,Northern Europe,,832,JEY,UNSD_M49_overview_plus_DwC_continent_policy,https://unstats.un.org/unsd/methodology/m49/overview/,2026-06-23T11:19:31+00:00
LV,Latvia,Europe,UNSD Region Name=Europe,auto_from_official_UNSD_M49_policy,Europe,Northern Europe,,428,LVA,UNSD_M49_overview_plus_DwC_continent_policy,https://unstats.un.org/unsd/methodology/m49/overview/,2026-06-23T11:19:31+00:00
LT,Lithuania,Europe,UNSD Region Name=Europe,auto_from_official_UNSD_M49_policy,Europe,Northern Europe,,440,LTU,UNSD_M49_overview_plus_DwC_continent_policy,https://unstats.un.org/unsd/methodology/m49/overview/,2026-06-23T11:19:31+00:00
NO,Norway,Europe,UNSD Region Name=Europe,auto_from_official_UNSD_M49_policy,Europe,Northern Europe,,578,NOR,UNSD_M49_overview_plus_DwC_continent_policy,https://unstats.un.org/unsd/methodology/m49/overview/,2026-06-23T11:19:31+00:00
SJ,Svalbard and Jan Mayen Islands,Europe,UNSD Region Name=Europe,auto_from_official_UNSD_M49_policy,Europe,Northern Europe,,744,SJM,UNSD_M49_overview_plus_DwC_continent_policy,https://unstats.un.org/unsd/methodology/m49/overview/,2026-06-23T11:19:31+00:00
SE,Sweden,Europe,UNSD Region Name=Europe,auto_from_official_UNSD_M49_policy,Europe,Northern Europe,,752,SWE,UNSD_M49_overview_plus_DwC_continent_policy,https://unstats.un.org/unsd/methodology/m49/overview/,2026-06-23T11:19:31+00:00
GB,United Kingdom of Great Britain and Northern Ireland,Europe,UNSD Region Name=Europe,auto_from_official_UNSD_M49_policy,Europe,Northern Europe,,826,GBR,UNSD_M49_overview_plus_DwC_continent_policy,https://unstats.un.org/unsd/methodology/m49/overview/,2026-06-23T11:19:31+00:00
AL,Albania,Europe,UNSD Region Name=Europe,auto_from_official_UNSD_M49_policy,Europe,Southern Europe,,8,ALB,UNSD_M49_overview_plus_DwC_continent_policy,https://unstats.un.org/unsd/methodology/m49/overview/,2026-06-23T11:19:31+00:00
AD,Andorra,Europe,UNSD Region Name=Europe,auto_from_official_UNSD_M49_policy,Europe,Southern Europe,,20,AND,UNSD_M49_overview_plus_DwC_continent_policy,https://unstats.un.org/unsd/methodology/m49/overview/,2026-06-23T11:19:31+00:00
BA,Bosnia and Herzegovina,Europe,UNSD Region Name=Europe,auto_from_official_UNSD_M49_policy,Europe,Southern Europe,,70,BIH,UNSD_M49_overview_plus_DwC_continent_policy,https://unstats.un.org/unsd/methodology/m49/overview/,2026-06-23T11:19:31+00:00
HR,Croatia,Europe,UNSD Region Name=Europe,auto_from_official_UNSD_M49_policy,Europe,Southern Europe,,191,HRV,UNSD_M49_overview_plus_DwC_continent_policy,https://unstats.un.org/unsd/methodology/m49/overview/,2026-06-23T11:19:31+00:00
GI,Gibraltar,Europe,UNSD Region Name=Europe,auto_from_official_UNSD_M49_policy,Europe,Southern Europe,,292,GIB,UNSD_M49_overview_plus_DwC_continent_policy,https://unstats.un.org/unsd/methodology/m49/overview/,2026-06-23T11:19:31+00:00
GR,Greece,Europe,UNSD Region Name=Europe,auto_from_official_UNSD_M49_policy,Europe,Southern Europe,,300,GRC,UNSD_M49_overview_plus_DwC_continent_policy,https://unstats.un.org/unsd/methodology/m49/overview/,2026-06-23T11:19:31+00:00
VA,Holy See,Europe,UNSD Region Name=Europe,auto_from_official_UNSD_M49_policy,Europe,Southern Europe,,336,VAT,UNSD_M49_overview_plus_DwC_continent_policy,https://unstats.un.org/unsd/methodology/m49/overview/,2026-06-23T11:19:31+00:00
IT,Italy,Europe,UNSD Region Name=Europe,auto_from_official_UNSD_M49_policy,Europe,Southern Europe,,380,ITA,UNSD_M49_overview_plus_DwC_continent_policy,https://unstats.un.org/unsd/methodology/m49/overview/,2026-06-23T11:19:31+00:00
MT,Malta,Europe,UNSD Region Name=Europe,auto_from_official_UNSD_M49_policy,Europe,Southern Europe,,470,MLT,UNSD_M49_overview_plus_DwC_continent_policy,https://unstats.un.org/unsd/methodology/m49/overview/,2026-06-23T11:19:31+00:00
ME,Montenegro,Europe,UNSD Region Name=Europe,auto_from_official_UNSD_M49_policy,Europe,Southern Europe,,499,MNE,UNSD_M49_overview_plus_DwC_continent_policy,https://unstats.un.org/unsd/methodology/m49/overview/,2026-06-23T11:19:31+00:00
MK,North Macedonia,Europe,UNSD Region Name=Europe,auto_from_official_UNSD_M49_policy,Europe,Southern Europe,,807,MKD,UNSD_M49_overview_plus_DwC_continent_policy,https://unstats.un.org/unsd/methodology/m49/overview/,2026-06-23T11:19:31+00:00
PT,Portugal,Europe,UNSD Region Name=Europe,auto_from_official_UNSD_M49_policy,Europe,Southern Europe,,620,PRT,UNSD_M49_overview_plus_DwC_continent_policy,https://unstats.un.org/unsd/methodology/m49/overview/,2026-06-23T11:19:31+00:00
SM,San Marino,Europe,UNSD Region Name=Europe,auto_from_official_UNSD_M49_policy,Europe,Southern Europe,,674,SMR,UNSD_M49_overview_plus_DwC_continent_policy,https://unstats.un.org/unsd/methodology/m49/overview/,2026-06-23T11:19:31+00:00
RS,Serbia,Europe,UNSD Region Name=Europe,auto_from_official_UNSD_M49_policy,Europe,Southern Europe,,688,SRB,UNSD_M49_overview_plus_DwC_continent_policy,https://unstats.un.org/unsd/methodology/m49/overview/,2026-06-23T11:19:31+00:00
SI,Slovenia,Europe,UNSD Region Name=Europe,auto_from_official_UNSD_M49_policy,Europe,Southern Europe,,705,SVN,UNSD_M49_overview_plus_DwC_continent_policy,https://unstats.un.org/unsd/methodology/m49/overview/,2026-06-23T11:19:31+00:00
ES,Spain,Europe,UNSD Region Name=Europe,auto_from_official_UNSD_M49_policy,Europe,Southern Europe,,724,ESP,UNSD_M49_overview_plus_DwC_continent_policy,https://unstats.un.org/unsd/methodology/m49/overview/,2026-06-23T11:19:31+00:00
AT,Austria,Europe,UNSD Region Name=Europe,auto_from_official_UNSD_M49_policy,Europe,Western Europe,,40,AUT,UNSD_M49_overview_plus_DwC_continent_policy,https://unstats.un.org/unsd/methodology/m49/overview/,2026-06-23T11:19:31+00:00
BE,Belgium,Europe,UNSD Region Name=Europe,auto_from_official_UNSD_M49_policy,Europe,Western Europe,,56,BEL,UNSD_M49_overview_plus_DwC_continent_policy,https://unstats.un.org/unsd/methodology/m49/overview/,2026-06-23T11:19:31+00:00
FR,France,Europe,UNSD Region Name=Europe,auto_from_official_UNSD_M49_policy,Europe,Western Europe,,250,FRA,UNSD_M49_overview_plus_DwC_continent_policy,https://unstats.un.org/unsd/methodology/m49/overview/,2026-06-23T11:19:31+00:00
DE,Germany,Europe,UNSD Region Name=Europe,auto_from_official_UNSD_M49_policy,Europe,Western Europe,,276,DEU,UNSD_M49_overview_plus_DwC_continent_policy,https://unstats.un.org/unsd/methodology/m49/overview/,2026-06-23T11:19:31+00:00
LI,Liechtenstein,Europe,UNSD Region Name=Europe,auto_from_official_UNSD_M49_policy,Europe,Western Europe,,438,LIE,UNSD_M49_overview_plus_DwC_continent_policy,https://unstats.un.org/unsd/methodology/m49/overview/,2026-06-23T11:19:31+00:00
LU,Luxembourg,Europe,UNSD Region Name=Europe,auto_from_official_UNSD_M49_policy,Europe,Western Europe,,442,LUX,UNSD_M49_overview_plus_DwC_continent_policy,https://unstats.un.org/unsd/methodology/m49/overview/,2026-06-23T11:19:31+00:00
MC,Monaco,Europe,UNSD Region Name=Europe,auto_from_official_UNSD_M49_policy,Europe,Western Europe,,492,MCO,UNSD_M49_overview_plus_DwC_continent_policy,https://unstats.un.org/unsd/methodology/m49/overview/,2026-06-23T11:19:31+00:00
NL,Netherlands (Kingdom of the),Europe,UNSD Region Name=Europe,auto_from_official_UNSD_M49_policy,Europe,Western Europe,,528,NLD,UNSD_M49_overview_plus_DwC_continent_policy,https://unstats.un.org/unsd/methodology/m49/overview/,2026-06-23T11:19:31+00:00
CH,Switzerland,Europe,UNSD Region Name=Europe,auto_from_official_UNSD_M49_policy,Europe,Western Europe,,756,CHE,UNSD_M49_overview_plus_DwC_continent_policy,https://unstats.un.org/unsd/methodology/m49/overview/,2026-06-23T11:19:31+00:00
AU,Australia,Oceania,UNSD Region Name=Oceania,auto_from_official_UNSD_M49_policy,Oceania,Australia and New Zealand,,36,AUS,UNSD_M49_overview_plus_DwC_continent_policy,https://unstats.un.org/unsd/methodology/m49/overview/,2026-06-23T11:19:31+00:00
CX,Christmas Island,Oceania,UNSD Region Name=Oceania,auto_from_official_UNSD_M49_policy,Oceania,Australia and New Zealand,,162,CXR,UNSD_M49_overview_plus_DwC_continent_policy,https://unstats.un.org/unsd/methodology/m49/overview/,2026-06-23T11:19:31+00:00
CC,Cocos (Keeling) Islands,Oceania,UNSD Region Name=Oceania,auto_from_official_UNSD_M49_policy,Oceania,Australia and New Zealand,,166,CCK,UNSD_M49_overview_plus_DwC_continent_policy,https://unstats.un.org/unsd/methodology/m49/overview/,2026-06-23T11:19:31+00:00
HM,Heard Island and McDonald Islands,Oceania,UNSD Region Name=Oceania,auto_from_official_UNSD_M49_policy,Oceania,Australia and New Zealand,,334,HMD,UNSD_M49_overview_plus_DwC_continent_policy,https://unstats.un.org/unsd/methodology/m49/overview/,2026-06-23T11:19:31+00:00
NZ,New Zealand,Oceania,UNSD Region Name=Oceania,auto_from_official_UNSD_M49_policy,Oceania,Australia and New Zealand,,554,NZL,UNSD_M49_overview_plus_DwC_continent_policy,https://unstats.un.org/unsd/methodology/m49/overview/,2026-06-23T11:19:31+00:00
NF,Norfolk Island,Oceania,UNSD Region Name=Oceania,auto_from_official_UNSD_M49_policy,Oceania,Australia and New Zealand,,574,NFK,UNSD_M49_overview_plus_DwC_continent_policy,https://unstats.un.org/unsd/methodology/m49/overview/,2026-06-23T11:19:31+00:00
FJ,Fiji,Oceania,UNSD Region Name=Oceania,auto_from_official_UNSD_M49_policy,Oceania,Melanesia,,242,FJI,UNSD_M49_overview_plus_DwC_continent_policy,https://unstats.un.org/unsd/methodology/m49/overview/,2026-06-23T11:19:31+00:00
NC,New Caledonia,Oceania,UNSD Region Name=Oceania,auto_from_official_UNSD_M49_policy,Oceania,Melanesia,,540,NCL,UNSD_M49_overview_plus_DwC_continent_policy,https://unstats.un.org/unsd/methodology/m49/overview/,2026-06-23T11:19:31+00:00
PG,Papua New Guinea,Oceania,UNSD Region Name=Oceania,auto_from_official_UNSD_M49_policy,Oceania,Melanesia,,598,PNG,UNSD_M49_overview_plus_DwC_continent_policy,https://unstats.un.org/unsd/methodology/m49/overview/,2026-06-23T11:19:31+00:00
SB,Solomon Islands,Oceania,UNSD Region Name=Oceania,auto_from_official_UNSD_M49_policy,Oceania,Melanesia,,90,SLB,UNSD_M49_overview_plus_DwC_continent_policy,https://unstats.un.org/unsd/methodology/m49/overview/,2026-06-23T11:19:31+00:00
VU,Vanuatu,Oceania,UNSD Region Name=Oceania,auto_from_official_UNSD_M49_policy,Oceania,Melanesia,,548,VUT,UNSD_M49_overview_plus_DwC_continent_policy,https://unstats.un.org/unsd/methodology/m49/overview/,2026-06-23T11:19:31+00:00
GU,Guam,Oceania,UNSD Region Name=Oceania,auto_from_official_UNSD_M49_policy,Oceania,Micronesia,,316,GUM,UNSD_M49_overview_plus_DwC_continent_policy,https://unstats.un.org/unsd/methodology/m49/overview/,2026-06-23T11:19:31+00:00
KI,Kiribati,Oceania,UNSD Region Name=Oceania,auto_from_official_UNSD_M49_policy,Oceania,Micronesia,,296,KIR,UNSD_M49_overview_plus_DwC_continent_policy,https://unstats.un.org/unsd/methodology/m49/overview/,2026-06-23T11:19:31+00:00
MH,Marshall Islands,Oceania,UNSD Region Name=Oceania,auto_from_official_UNSD_M49_policy,Oceania,Micronesia,,584,MHL,UNSD_M49_overview_plus_DwC_continent_policy,https://unstats.un.org/unsd/methodology/m49/overview/,2026-06-23T11:19:31+00:00
FM,Micronesia (Federated States of),Oceania,UNSD Region Name=Oceania,auto_from_official_UNSD_M49_policy,Oceania,Micronesia,,583,FSM,UNSD_M49_overview_plus_DwC_continent_policy,https://unstats.un.org/unsd/methodology/m49/overview/,2026-06-23T11:19:31+00:00
NR,Nauru,Oceania,UNSD Region Name=Oceania,auto_from_official_UNSD_M49_policy,Oceania,Micronesia,,520,NRU,UNSD_M49_overview_plus_DwC_continent_policy,https://unstats.un.org/unsd/methodology/m49/overview/,2026-06-23T11:19:31+00:00
MP,Northern Mariana Islands,Oceania,UNSD Region Name=Oceania,auto_from_official_UNSD_M49_policy,Oceania,Micronesia,,580,MNP,UNSD_M49_overview_plus_DwC_continent_policy,https://unstats.un.org/unsd/methodology/m49/overview/,2026-06-23T11:19:31+00:00
PW,Palau,Oceania,UNSD Region Name=Oceania,auto_from_official_UNSD_M49_policy,Oceania,Micronesia,,585,PLW,UNSD_M49_overview_plus_DwC_continent_policy,https://unstats.un.org/unsd/methodology/m49/overview/,2026-06-23T11:19:31+00:00
UM,United States Minor Outlying Islands,Oceania,UNSD Region Name=Oceania,auto_from_official_UNSD_M49_policy,Oceania,Micronesia,,581,UMI,UNSD_M49_overview_plus_DwC_continent_policy,https://unstats.un.org/unsd/methodology/m49/overview/,2026-06-23T11:19:31+00:00
AS,American Samoa,Oceania,UNSD Region Name=Oceania,auto_from_official_UNSD_M49_policy,Oceania,Polynesia,,16,ASM,UNSD_M49_overview_plus_DwC_continent_policy,https://unstats.un.org/unsd/methodology/m49/overview/,2026-06-23T11:19:31+00:00
CK,Cook Islands,Oceania,UNSD Region Name=Oceania,auto_from_official_UNSD_M49_policy,Oceania,Polynesia,,184,COK,UNSD_M49_overview_plus_DwC_continent_policy,https://unstats.un.org/unsd/methodology/m49/overview/,2026-06-23T11:19:31+00:00
PF,French Polynesia,Oceania,UNSD Region Name=Oceania,auto_from_official_UNSD_M49_policy,Oceania,Polynesia,,258,PYF,UNSD_M49_overview_plus_DwC_continent_policy,https://unstats.un.org/unsd/methodology/m49/overview/,2026-06-23T11:19:31+00:00
NU,Niue,Oceania,UNSD Region Name=Oceania,auto_from_official_UNSD_M49_policy,Oceania,Polynesia,,570,NIU,UNSD_M49_overview_plus_DwC_continent_policy,https://unstats.un.org/unsd/methodology/m49/overview/,2026-06-23T11:19:31+00:00
PN,Pitcairn,Oceania,UNSD Region Name=Oceania,auto_from_official_UNSD_M49_policy,Oceania,Polynesia,,612,PCN,UNSD_M49_overview_plus_DwC_continent_policy,https://unstats.un.org/unsd/methodology/m49/overview/,2026-06-23T11:19:31+00:00
WS,Samoa,Oceania,UNSD Region Name=Oceania,auto_from_official_UNSD_M49_policy,Oceania,Polynesia,,882,WSM,UNSD_M49_overview_plus_DwC_continent_policy,https://unstats.un.org/unsd/methodology/m49/overview/,2026-06-23T11:19:31+00:00
TK,Tokelau,Oceania,UNSD Region Name=Oceania,auto_from_official_UNSD_M49_policy,Oceania,Polynesia,,772,TKL,UNSD_M49_overview_plus_DwC_continent_policy,https://unstats.un.org/unsd/methodology/m49/overview/,2026-06-23T11:19:31+00:00
TO,Tonga,Oceania,UNSD Region Name=Oceania,auto_from_official_UNSD_M49_policy,Oceania,Polynesia,,776,TON,UNSD_M49_overview_plus_DwC_continent_policy,https://unstats.un.org/unsd/methodology/m49/overview/,2026-06-23T11:19:31+00:00
TV,Tuvalu,Oceania,UNSD Region Name=Oceania,auto_from_official_UNSD_M49_policy,Oceania,Polynesia,,798,TUV,UNSD_M49_overview_plus_DwC_continent_policy,https://unstats.un.org/unsd/methodology/m49/overview/,2026-06-23T11:19:31+00:00
WF,Wallis and Futuna Islands,Oceania,UNSD Region Name=Oceania,auto_from_official_UNSD_M49_policy,Oceania,Polynesia,,876,WLF,UNSD_M49_overview_plus_DwC_continent_policy,https://unstats.un.org/unsd/methodology/m49/overview/,2026-06-23T11:19:31+00:00
