task_id	specimen_id	source_row	image_path	occurrenceID	DOI	jpegURL	jsonURL	all750_idx0
0	E00633257	1	/mnt/iusers01/sk01/f70829xm/code/nhm/data_rds/02_raw_images/new250/new250_row0001_E00633257.jpg	http://data.rbge.org.uk/herb/E00633257	http://dx.doi.org/10.5281/zenodo.1484146	https://zenodo.org/record/1484146/files/E00633257.jpg	https://zenodo.org/record/1484146/files/E00633257.json	500
1	E00144488	2	/mnt/iusers01/sk01/f70829xm/code/nhm/data_rds/02_raw_images/new250/new250_row0002_E00144488.jpg	http://data.rbge.org.uk/herb/E00144488	http://dx.doi.org/10.5281/zenodo.1483772	https://zenodo.org/record/1483772/files/E00144488.jpg	https://zenodo.org/record/1483772/files/E00144488.json	501
2	H.1080032	3	/mnt/iusers01/sk01/f70829xm/code/nhm/data_rds/02_raw_images/new250/new250_row0003_H.1080032.jpg	http://id.luomus.fi/H.1080032	http://dx.doi.org/10.5281/zenodo.1485480	https://zenodo.org/record/1485480/files/H.1080032.jpg	https://zenodo.org/record/1485480/files/H.1080032.json	502
3	H.1099712	4	/mnt/iusers01/sk01/f70829xm/code/nhm/data_rds/02_raw_images/new250/new250_row0004_H.1099712.jpg	http://id.luomus.fi/H.1099712	http://dx.doi.org/10.5281/zenodo.1485500	https://zenodo.org/record/1485500/files/H.1099712.jpg	https://zenodo.org/record/1485500/files/H.1099712.json	503
4	H.1080985	5	/mnt/iusers01/sk01/f70829xm/code/nhm/data_rds/02_raw_images/new250/new250_row0005_H.1080985.jpg	http://id.luomus.fi/H.1080985	http://dx.doi.org/10.5281/zenodo.1485488	https://zenodo.org/record/1485488/files/H.1080985.jpg	https://zenodo.org/record/1485488/files/H.1080985.json	504
5	H.1099710	6	/mnt/iusers01/sk01/f70829xm/code/nhm/data_rds/02_raw_images/new250/new250_row0006_H.1099710.jpg	http://id.luomus.fi/H.1099710	http://dx.doi.org/10.5281/zenodo.1485498	https://zenodo.org/record/1485498/files/H.1099710.jpg	https://zenodo.org/record/1485498/files/H.1099710.json	505
6	H.1099713	7	/mnt/iusers01/sk01/f70829xm/code/nhm/data_rds/02_raw_images/new250/new250_row0007_H.1099713.jpg	http://id.luomus.fi/H.1099713	http://dx.doi.org/10.5281/zenodo.1485502	https://zenodo.org/record/1485502/files/H.1099713.jpg	https://zenodo.org/record/1485502/files/H.1099713.json	506
7	BR0000025565478V	8	/mnt/iusers01/sk01/f70829xm/code/nhm/data_rds/02_raw_images/new250/new250_row0008_BR0000025565478V.jpg	http://www.botanicalcollections.be/specimen/BR0000025565478V	http://dx.doi.org/10.5281/zenodo.1483427	https://zenodo.org/record/1483427/files/BR0000025565478V.jpg	https://zenodo.org/record/1483427/files/BR0000025565478V.json	507
8	H.1073986	9	/mnt/iusers01/sk01/f70829xm/code/nhm/data_rds/02_raw_images/new250/new250_row0009_H.1073986.jpg	http://id.luomus.fi/H.1073986	http://dx.doi.org/10.5281/zenodo.1485464	https://zenodo.org/record/1485464/files/H.1073986.jpg	https://zenodo.org/record/1485464/files/H.1073986.json	508
9	L_0004873	10	/mnt/iusers01/sk01/f70829xm/code/nhm/data_rds/02_raw_images/new250/L_0004873.jpg	http://data.biodiversitydata.nl/naturalis/specimen/L%20%200004873	http://dx.doi.org/10.5281/zenodo.1486752	https://zenodo.org/record/1486752/files/L  0004873.jpg	https://zenodo.org/record/1486752/files/L  0004873.json	509
10	BM001039578	11	/mnt/iusers01/sk01/f70829xm/code/nhm/data_rds/02_raw_images/new250/new250_row0011_BM001039578.jpg	59c660df-7a51-40eb-9226-fee6a71eb60c	http://dx.doi.org/10.5281/zenodo.1480597	https://zenodo.org/record/1480597/files/BM001039578.jpg	https://zenodo.org/record/1480597/files/BM001039578.json	510
11	BM001039580	12	/mnt/iusers01/sk01/f70829xm/code/nhm/data_rds/02_raw_images/new250/new250_row0012_BM001039580.jpg	ebc20f5a-d994-4ec5-a8f9-fe77503f99ea	http://dx.doi.org/10.5281/zenodo.1480601	https://zenodo.org/record/1480601/files/BM001039580.jpg	https://zenodo.org/record/1480601/files/BM001039580.json	511
12	HA.H1613656	13	/mnt/iusers01/sk01/f70829xm/code/nhm/data_rds/02_raw_images/new250/new250_row0013_HA.H1613656.jpg	http://id.luomus.fi/HA.H1613656	http://dx.doi.org/10.5281/zenodo.1485581	https://zenodo.org/record/1485581/files/HA.H1613656.jpg	https://zenodo.org/record/1485581/files/HA.H1613656.json	512
13	HA.H1701393	14	/mnt/iusers01/sk01/f70829xm/code/nhm/data_rds/02_raw_images/new250/new250_row0014_HA.H1701393.jpg	http://id.luomus.fi/HA.H1701393	http://dx.doi.org/10.5281/zenodo.1485590	https://zenodo.org/record/1485590/files/HA.H1701393.jpg	https://zenodo.org/record/1485590/files/HA.H1701393.json	513
14	BR0000005906826	15	/mnt/iusers01/sk01/f70829xm/code/nhm/data_rds/02_raw_images/new250/new250_row0015_BR0000005906826.jpg	http://www.botanicalcollections.be/specimen/BR0000005906826	http://dx.doi.org/10.5281/zenodo.1480914	https://zenodo.org/record/1480914/files/BR0000005906826.jpg	https://zenodo.org/record/1480914/files/BR0000005906826.json	514
15	BR0000005907694	16	/mnt/iusers01/sk01/f70829xm/code/nhm/data_rds/02_raw_images/new250/new250_row0016_BR0000005907694.jpg	http://www.botanicalcollections.be/specimen/BR0000005907694	http://dx.doi.org/10.5281/zenodo.1480922	https://zenodo.org/record/1480922/files/BR0000005907694.jpg	https://zenodo.org/record/1480922/files/BR0000005907694.json	515
16	EIG.1345	17	/mnt/iusers01/sk01/f70829xm/code/nhm/data_rds/02_raw_images/new250/new250_row0017_EIG.1345.jpg	http://id.luomus.fi/EIG.1345	http://dx.doi.org/10.5281/zenodo.1484964	https://zenodo.org/record/1484964/files/EIG.1345.jpg	https://zenodo.org/record/1484964/files/EIG.1345.json	516
17	EIG.1346	18	/mnt/iusers01/sk01/f70829xm/code/nhm/data_rds/02_raw_images/new250/new250_row0018_EIG.1346.jpg	http://id.luomus.fi/EIG.1346	http://dx.doi.org/10.5281/zenodo.1484966	https://zenodo.org/record/1484966/files/EIG.1346.jpg	https://zenodo.org/record/1484966/files/EIG.1346.json	517
18	EIG.1349	19	/mnt/iusers01/sk01/f70829xm/code/nhm/data_rds/02_raw_images/new250/new250_row0019_EIG.1349.jpg	http://id.luomus.fi/EIG.1349	http://dx.doi.org/10.5281/zenodo.1484970	https://zenodo.org/record/1484970/files/EIG.1349.jpg	https://zenodo.org/record/1484970/files/EIG.1349.json	518
19	EIG.1261	20	/mnt/iusers01/sk01/f70829xm/code/nhm/data_rds/02_raw_images/new250/new250_row0020_EIG.1261.jpg	http://id.luomus.fi/EIG.1261	http://dx.doi.org/10.5281/zenodo.1484946	https://zenodo.org/record/1484946/files/EIG.1261.jpg	https://zenodo.org/record/1484946/files/EIG.1261.json	519
20	EIG.1262	21	/mnt/iusers01/sk01/f70829xm/code/nhm/data_rds/02_raw_images/new250/new250_row0021_EIG.1262.jpg	http://id.luomus.fi/EIG.1262	http://dx.doi.org/10.5281/zenodo.1484952	https://zenodo.org/record/1484952/files/EIG.1262.jpg	https://zenodo.org/record/1484952/files/EIG.1262.json	520
21	EIG.1441	22	/mnt/iusers01/sk01/f70829xm/code/nhm/data_rds/02_raw_images/new250/new250_row0022_EIG.1441.jpg	http://id.luomus.fi/EIG.1441	http://dx.doi.org/10.5281/zenodo.1484976	https://zenodo.org/record/1484976/files/EIG.1441.jpg	https://zenodo.org/record/1484976/files/EIG.1441.json	521
22	EIG.1442	23	/mnt/iusers01/sk01/f70829xm/code/nhm/data_rds/02_raw_images/new250/new250_row0023_EIG.1442.jpg	http://id.luomus.fi/EIG.1442	http://dx.doi.org/10.5281/zenodo.1484980	https://zenodo.org/record/1484980/files/EIG.1442.jpg	https://zenodo.org/record/1484980/files/EIG.1442.json	522
23	P05142947	24	/mnt/iusers01/sk01/f70829xm/code/nhm/data_rds/02_raw_images/new250/new250_row0024_P05142947.jpg	http://coldb.mnhn.fr/catalognumber/mnhn/p/p05142947	http://dx.doi.org/10.5281/zenodo.1487425	https://zenodo.org/record/1487425/files/P05142947.jpg	https://zenodo.org/record/1487425/files/P05142947.json	523
24	EIG.6734	25	/mnt/iusers01/sk01/f70829xm/code/nhm/data_rds/02_raw_images/new250/new250_row0025_EIG.6734.jpg	http://id.luomus.fi/EIG.6734	http://dx.doi.org/10.5281/zenodo.1485152	https://zenodo.org/record/1485152/files/EIG.6734.jpg	https://zenodo.org/record/1485152/files/EIG.6734.json	524
25	EIG.6741	26	/mnt/iusers01/sk01/f70829xm/code/nhm/data_rds/02_raw_images/new250/new250_row0026_EIG.6741.jpg	http://id.luomus.fi/EIG.6741	http://dx.doi.org/10.5281/zenodo.1485154	https://zenodo.org/record/1485154/files/EIG.6741.jpg	https://zenodo.org/record/1485154/files/EIG.6741.json	525
26	EIG.6742	27	/mnt/iusers01/sk01/f70829xm/code/nhm/data_rds/02_raw_images/new250/new250_row0027_EIG.6742.jpg	http://id.luomus.fi/EIG.6742	http://dx.doi.org/10.5281/zenodo.1485158	https://zenodo.org/record/1485158/files/EIG.6742.jpg	https://zenodo.org/record/1485158/files/EIG.6742.json	526
27	EIG.6743	28	/mnt/iusers01/sk01/f70829xm/code/nhm/data_rds/02_raw_images/new250/new250_row0028_EIG.6743.jpg	http://id.luomus.fi/EIG.6743	http://dx.doi.org/10.5281/zenodo.1485162	https://zenodo.org/record/1485162/files/EIG.6743.jpg	https://zenodo.org/record/1485162/files/EIG.6743.json	527
28	EIG.6759	29	/mnt/iusers01/sk01/f70829xm/code/nhm/data_rds/02_raw_images/new250/new250_row0029_EIG.6759.jpg	http://id.luomus.fi/EIG.6759	http://dx.doi.org/10.5281/zenodo.1485168	https://zenodo.org/record/1485168/files/EIG.6759.jpg	https://zenodo.org/record/1485168/files/EIG.6759.json	528
29	EIG.6762	30	/mnt/iusers01/sk01/f70829xm/code/nhm/data_rds/02_raw_images/new250/new250_row0030_EIG.6762.jpg	http://id.luomus.fi/EIG.6762	http://dx.doi.org/10.5281/zenodo.1485170	https://zenodo.org/record/1485170/files/EIG.6762.jpg	https://zenodo.org/record/1485170/files/EIG.6762.json	529
30	EIG.6763	31	/mnt/iusers01/sk01/f70829xm/code/nhm/data_rds/02_raw_images/new250/new250_row0031_EIG.6763.jpg	http://id.luomus.fi/EIG.6763	http://dx.doi.org/10.5281/zenodo.1485174	https://zenodo.org/record/1485174/files/EIG.6763.jpg	https://zenodo.org/record/1485174/files/EIG.6763.json	530
31	HA.H9503468	32	/mnt/iusers01/sk01/f70829xm/code/nhm/data_rds/02_raw_images/new250/new250_row0032_HA.H9503468.jpg	http://id.luomus.fi/HA.H9503468	http://dx.doi.org/10.5281/zenodo.1485650	https://zenodo.org/record/1485650/files/HA.H9503468.jpg	https://zenodo.org/record/1485650/files/HA.H9503468.json	531
32	EIG.7053	33	/mnt/iusers01/sk01/f70829xm/code/nhm/data_rds/02_raw_images/new250/new250_row0033_EIG.7053.jpg	http://id.luomus.fi/EIG.7053	http://dx.doi.org/10.5281/zenodo.1485225	https://zenodo.org/record/1485225/files/EIG.7053.jpg	https://zenodo.org/record/1485225/files/EIG.7053.json	532
33	EIG.7060	34	/mnt/iusers01/sk01/f70829xm/code/nhm/data_rds/02_raw_images/new250/new250_row0034_EIG.7060.jpg	http://id.luomus.fi/EIG.7060	http://dx.doi.org/10.5281/zenodo.1485227	https://zenodo.org/record/1485227/files/EIG.7060.jpg	https://zenodo.org/record/1485227/files/EIG.7060.json	533
34	EIG.7061	35	/mnt/iusers01/sk01/f70829xm/code/nhm/data_rds/02_raw_images/new250/new250_row0035_EIG.7061.jpg	http://id.luomus.fi/EIG.7061	http://dx.doi.org/10.5281/zenodo.1485233	https://zenodo.org/record/1485233/files/EIG.7061.jpg	https://zenodo.org/record/1485233/files/EIG.7061.json	534
35	EIG.7145	36	/mnt/iusers01/sk01/f70829xm/code/nhm/data_rds/02_raw_images/new250/new250_row0036_EIG.7145.jpg	http://id.luomus.fi/EIG.7145	http://dx.doi.org/10.5281/zenodo.1485241	https://zenodo.org/record/1485241/files/EIG.7145.jpg	https://zenodo.org/record/1485241/files/EIG.7145.json	535
36	EIG.7147	37	/mnt/iusers01/sk01/f70829xm/code/nhm/data_rds/02_raw_images/new250/new250_row0037_EIG.7147.jpg	http://id.luomus.fi/EIG.7147	http://dx.doi.org/10.5281/zenodo.1485247	https://zenodo.org/record/1485247/files/EIG.7147.jpg	https://zenodo.org/record/1485247/files/EIG.7147.json	536
37	EIG.7151	38	/mnt/iusers01/sk01/f70829xm/code/nhm/data_rds/02_raw_images/new250/new250_row0038_EIG.7151.jpg	http://id.luomus.fi/EIG.7151	http://dx.doi.org/10.5281/zenodo.1485249	https://zenodo.org/record/1485249/files/EIG.7151.jpg	https://zenodo.org/record/1485249/files/EIG.7151.json	537
38	EIG.7155	39	/mnt/iusers01/sk01/f70829xm/code/nhm/data_rds/02_raw_images/new250/new250_row0039_EIG.7155.jpg	http://id.luomus.fi/EIG.7155	http://dx.doi.org/10.5281/zenodo.1485253	https://zenodo.org/record/1485253/files/EIG.7155.jpg	https://zenodo.org/record/1485253/files/EIG.7155.json	538
39	EIG.7234	40	/mnt/iusers01/sk01/f70829xm/code/nhm/data_rds/02_raw_images/new250/new250_row0040_EIG.7234.jpg	http://id.luomus.fi/EIG.7234	http://dx.doi.org/10.5281/zenodo.1485259	https://zenodo.org/record/1485259/files/EIG.7234.jpg	https://zenodo.org/record/1485259/files/EIG.7234.json	539
40	EIG.7240	41	/mnt/iusers01/sk01/f70829xm/code/nhm/data_rds/02_raw_images/new250/new250_row0041_EIG.7240.jpg	http://id.luomus.fi/EIG.7240	http://dx.doi.org/10.5281/zenodo.1485261	https://zenodo.org/record/1485261/files/EIG.7240.jpg	https://zenodo.org/record/1485261/files/EIG.7240.json	540
41	EIG.7281	42	/mnt/iusers01/sk01/f70829xm/code/nhm/data_rds/02_raw_images/new250/new250_row0042_EIG.7281.jpg	http://id.luomus.fi/EIG.7281	http://dx.doi.org/10.5281/zenodo.1485275	https://zenodo.org/record/1485275/files/EIG.7281.jpg	https://zenodo.org/record/1485275/files/EIG.7281.json	541
42	EIG.7294	43	/mnt/iusers01/sk01/f70829xm/code/nhm/data_rds/02_raw_images/new250/new250_row0043_EIG.7294.jpg	http://id.luomus.fi/EIG.7294	http://dx.doi.org/10.5281/zenodo.1485281	https://zenodo.org/record/1485281/files/EIG.7294.jpg	https://zenodo.org/record/1485281/files/EIG.7294.json	542
43	EIG.7313	44	/mnt/iusers01/sk01/f70829xm/code/nhm/data_rds/02_raw_images/new250/EIG.7313.jpg	http://id.luomus.fi/EIG.7313	http://dx.doi.org/10.5281/zenodo.1485288	https://zenodo.org/record/1485288/files/EIG.7313.jpg	https://zenodo.org/record/1485288/files/EIG.7313.json	543
44	EIG.7443	45	/mnt/iusers01/sk01/f70829xm/code/nhm/data_rds/02_raw_images/new250/new250_row0045_EIG.7443.jpg	http://id.luomus.fi/EIG.7443	http://dx.doi.org/10.5281/zenodo.1485302	https://zenodo.org/record/1485302/files/EIG.7443.jpg	https://zenodo.org/record/1485302/files/EIG.7443.json	544
45	EIG.7494	46	/mnt/iusers01/sk01/f70829xm/code/nhm/data_rds/02_raw_images/new250/new250_row0046_EIG.7494.jpg	http://id.luomus.fi/EIG.7494	http://dx.doi.org/10.5281/zenodo.1485319	https://zenodo.org/record/1485319/files/EIG.7494.jpg	https://zenodo.org/record/1485319/files/EIG.7494.json	545
46	EIG.7613	47	/mnt/iusers01/sk01/f70829xm/code/nhm/data_rds/02_raw_images/new250/new250_row0047_EIG.7613.jpg	http://id.luomus.fi/EIG.7613	http://dx.doi.org/10.5281/zenodo.1485333	https://zenodo.org/record/1485333/files/EIG.7613.jpg	https://zenodo.org/record/1485333/files/EIG.7613.json	546
47	EIG.7788	48	/mnt/iusers01/sk01/f70829xm/code/nhm/data_rds/02_raw_images/new250/new250_row0048_EIG.7788.jpg	http://id.luomus.fi/EIG.7788	http://dx.doi.org/10.5281/zenodo.1485368	https://zenodo.org/record/1485368/files/EIG.7788.jpg	https://zenodo.org/record/1485368/files/EIG.7788.json	547
48	EIG.7743	49	/mnt/iusers01/sk01/f70829xm/code/nhm/data_rds/02_raw_images/new250/new250_row0049_EIG.7743.jpg	http://id.luomus.fi/EIG.7743	http://dx.doi.org/10.5281/zenodo.1485356	https://zenodo.org/record/1485356/files/EIG.7743.jpg	https://zenodo.org/record/1485356/files/EIG.7743.json	548
49	EIG.7879	50	/mnt/iusers01/sk01/f70829xm/code/nhm/data_rds/02_raw_images/new250/new250_row0050_EIG.7879.jpg	http://id.luomus.fi/EIG.7879	http://dx.doi.org/10.5281/zenodo.1485372	https://zenodo.org/record/1485372/files/EIG.7879.jpg	https://zenodo.org/record/1485372/files/EIG.7879.json	549
50	EIG.8123	51	/mnt/iusers01/sk01/f70829xm/code/nhm/data_rds/02_raw_images/new250/new250_row0051_EIG.8123.jpg	http://id.luomus.fi/EIG.8123	http://dx.doi.org/10.5281/zenodo.1485378	https://zenodo.org/record/1485378/files/EIG.8123.jpg	https://zenodo.org/record/1485378/files/EIG.8123.json	550
51	EIG.8145	52	/mnt/iusers01/sk01/f70829xm/code/nhm/data_rds/02_raw_images/new250/new250_row0052_EIG.8145.jpg	http://id.luomus.fi/EIG.8145	http://dx.doi.org/10.5281/zenodo.1485390	https://zenodo.org/record/1485390/files/EIG.8145.jpg	https://zenodo.org/record/1485390/files/EIG.8145.json	551
52	EIG.8147	53	/mnt/iusers01/sk01/f70829xm/code/nhm/data_rds/02_raw_images/new250/new250_row0053_EIG.8147.jpg	http://id.luomus.fi/EIG.8147	http://dx.doi.org/10.5281/zenodo.1485396	https://zenodo.org/record/1485396/files/EIG.8147.jpg	https://zenodo.org/record/1485396/files/EIG.8147.json	552
53	EIG.8322	54	/mnt/iusers01/sk01/f70829xm/code/nhm/data_rds/02_raw_images/new250/new250_row0054_EIG.8322.jpg	http://id.luomus.fi/EIG.8322	http://dx.doi.org/10.5281/zenodo.1485408	https://zenodo.org/record/1485408/files/EIG.8322.jpg	https://zenodo.org/record/1485408/files/EIG.8322.json	553
54	BR0000005785315	55	/mnt/iusers01/sk01/f70829xm/code/nhm/data_rds/02_raw_images/new250/new250_row0055_BR0000005785315.jpg	http://www.botanicalcollections.be/specimen/BR0000005785315	http://dx.doi.org/10.5281/zenodo.1480862	https://zenodo.org/record/1480862/files/BR0000005785315.jpg	https://zenodo.org/record/1480862/files/BR0000005785315.json	554
55	EIG.4866	56	/mnt/iusers01/sk01/f70829xm/code/nhm/data_rds/02_raw_images/new250/new250_row0056_EIG.4866.jpg	http://id.luomus.fi/EIG.4866	http://dx.doi.org/10.5281/zenodo.1485118	https://zenodo.org/record/1485118/files/EIG.4866.jpg	https://zenodo.org/record/1485118/files/EIG.4866.json	555
56	EIG.5251	57	/mnt/iusers01/sk01/f70829xm/code/nhm/data_rds/02_raw_images/new250/new250_row0057_EIG.5251.jpg	http://id.luomus.fi/EIG.5251	http://dx.doi.org/10.5281/zenodo.1485126	https://zenodo.org/record/1485126/files/EIG.5251.jpg	https://zenodo.org/record/1485126/files/EIG.5251.json	556
57	K000807066	58	/mnt/iusers01/sk01/f70829xm/code/nhm/data_rds/02_raw_images/new250/new250_row0058_K000807066.jpg	http://specimens.kew.org/herbarium/K000807066	http://dx.doi.org/10.5281/zenodo.1486000	https://zenodo.org/record/1486000/files/K000807066.jpg	https://zenodo.org/record/1486000/files/K000807066.json	557
58	E00315011	59	/mnt/iusers01/sk01/f70829xm/code/nhm/data_rds/02_raw_images/new250/new250_row0059_E00315011.jpg	http://data.rbge.org.uk/herb/E00315011	http://dx.doi.org/10.5281/zenodo.1483934	https://zenodo.org/record/1483934/files/E00315011.jpg	https://zenodo.org/record/1483934/files/E00315011.json	558
59	WAG.1163030	60	/mnt/iusers01/sk01/f70829xm/code/nhm/data_rds/02_raw_images/new250/new250_row0060_WAG.1163030.jpg	http://data.biodiversitydata.nl/naturalis/specimen/WAG.1163030	http://dx.doi.org/10.5281/zenodo.1491148	https://zenodo.org/record/1491148/files/WAG.1163030.jpg	https://zenodo.org/record/1491148/files/WAG.1163030.json	559
60	K000954210	61	/mnt/iusers01/sk01/f70829xm/code/nhm/data_rds/02_raw_images/new250/new250_row0061_K000954210.jpg	http://specimens.kew.org/herbarium/K000954210	http://dx.doi.org/10.5281/zenodo.1486528	https://zenodo.org/record/1486528/files/K000954210.jpg	https://zenodo.org/record/1486528/files/K000954210.json	560
61	EIG.6930	62	/mnt/iusers01/sk01/f70829xm/code/nhm/data_rds/02_raw_images/new250/new250_row0062_EIG.6930.jpg	http://id.luomus.fi/EIG.6930	http://dx.doi.org/10.5281/zenodo.1485197	https://zenodo.org/record/1485197/files/EIG.6930.jpg	https://zenodo.org/record/1485197/files/EIG.6930.json	561
62	K000945563	63	/mnt/iusers01/sk01/f70829xm/code/nhm/data_rds/02_raw_images/new250/new250_row0063_K000945563.jpg	http://specimens.kew.org/herbarium/K000945563	http://dx.doi.org/10.5281/zenodo.1486518	https://zenodo.org/record/1486518/files/K000945563.jpg	https://zenodo.org/record/1486518/files/K000945563.json	562
63	HA.H3016850	64	/mnt/iusers01/sk01/f70829xm/code/nhm/data_rds/02_raw_images/new250/new250_row0064_HA.H3016850.jpg	http://id.luomus.fi/HA.H3016850	http://dx.doi.org/10.5281/zenodo.1485596	https://zenodo.org/record/1485596/files/HA.H3016850.jpg	https://zenodo.org/record/1485596/files/HA.H3016850.json	563
64	HA.H9502487	65	/mnt/iusers01/sk01/f70829xm/code/nhm/data_rds/02_raw_images/new250/new250_row0065_HA.H9502487.jpg	http://id.luomus.fi/HA.H9502487	http://dx.doi.org/10.5281/zenodo.1485636	https://zenodo.org/record/1485636/files/HA.H9502487.jpg	https://zenodo.org/record/1485636/files/HA.H9502487.json	564
65	HA.H9503781	66	/mnt/iusers01/sk01/f70829xm/code/nhm/data_rds/02_raw_images/new250/new250_row0066_HA.H9503781.jpg	http://id.luomus.fi/HA.H9503781	http://dx.doi.org/10.5281/zenodo.1485656	https://zenodo.org/record/1485656/files/HA.H9503781.jpg	https://zenodo.org/record/1485656/files/HA.H9503781.json	565
66	HA.H9500048	67	/mnt/iusers01/sk01/f70829xm/code/nhm/data_rds/02_raw_images/new250/new250_row0067_HA.H9500048.jpg	http://id.luomus.fi/HA.H9500048	http://dx.doi.org/10.5281/zenodo.1485628	https://zenodo.org/record/1485628/files/HA.H9500048.jpg	https://zenodo.org/record/1485628/files/HA.H9500048.json	566
67	HA.H9504020	68	/mnt/iusers01/sk01/f70829xm/code/nhm/data_rds/02_raw_images/new250/new250_row0068_HA.H9504020.jpg	http://id.luomus.fi/HA.H9504020	http://dx.doi.org/10.5281/zenodo.1485658	https://zenodo.org/record/1485658/files/HA.H9504020.jpg	https://zenodo.org/record/1485658/files/HA.H9504020.json	567
68	E00209246	69	/mnt/iusers01/sk01/f70829xm/code/nhm/data_rds/02_raw_images/new250/new250_row0069_E00209246.jpg	http://data.rbge.org.uk/herb/E00209246	http://dx.doi.org/10.5281/zenodo.1483850	https://zenodo.org/record/1483850/files/E00209246.jpg	https://zenodo.org/record/1483850/files/E00209246.json	568
69	K000533059	70	/mnt/iusers01/sk01/f70829xm/code/nhm/data_rds/02_raw_images/new250/new250_row0070_K000533059.jpg	http://specimens.kew.org/herbarium/K000533059	http://dx.doi.org/10.5281/zenodo.1485879	https://zenodo.org/record/1485879/files/K000533059.jpg	https://zenodo.org/record/1485879/files/K000533059.json	569
70	E00762441	71	/mnt/iusers01/sk01/f70829xm/code/nhm/data_rds/02_raw_images/new250/new250_row0071_E00762441.jpg	http://data.rbge.org.uk/herb/E00762441	http://dx.doi.org/10.5281/zenodo.1484295	https://zenodo.org/record/1484295/files/E00762441.jpg	https://zenodo.org/record/1484295/files/E00762441.json	570
71	P04560687	72	/mnt/iusers01/sk01/f70829xm/code/nhm/data_rds/02_raw_images/new250/new250_row0072_P04560687.jpg	http://coldb.mnhn.fr/catalognumber/mnhn/p/p04560687	http://dx.doi.org/10.5281/zenodo.1487383	https://zenodo.org/record/1487383/files/P04560687.jpg	https://zenodo.org/record/1487383/files/P04560687.json	571
72	EIG.1513	73	/mnt/iusers01/sk01/f70829xm/code/nhm/data_rds/02_raw_images/new250/new250_row0073_EIG.1513.jpg	http://id.luomus.fi/EIG.1513	http://dx.doi.org/10.5281/zenodo.1484984	https://zenodo.org/record/1484984/files/EIG.1513.jpg	https://zenodo.org/record/1484984/files/EIG.1513.json	572
73	EIG.1524	74	/mnt/iusers01/sk01/f70829xm/code/nhm/data_rds/02_raw_images/new250/new250_row0074_EIG.1524.jpg	http://id.luomus.fi/EIG.1524	http://dx.doi.org/10.5281/zenodo.1484986	https://zenodo.org/record/1484986/files/EIG.1524.jpg	https://zenodo.org/record/1484986/files/EIG.1524.json	573
74	EIG.1561	75	/mnt/iusers01/sk01/f70829xm/code/nhm/data_rds/02_raw_images/new250/new250_row0075_EIG.1561.jpg	http://id.luomus.fi/EIG.1561	http://dx.doi.org/10.5281/zenodo.1484992	https://zenodo.org/record/1484992/files/EIG.1561.jpg	https://zenodo.org/record/1484992/files/EIG.1561.json	574
75	BM000804813	76	/mnt/iusers01/sk01/f70829xm/code/nhm/data_rds/02_raw_images/new250/new250_row0076_BM000804813.jpg	e0bff9e5-d8eb-4a94-8254-15eeee667b40	http://dx.doi.org/10.5281/zenodo.1480340	https://zenodo.org/record/1480340/files/BM000804813.jpg	https://zenodo.org/record/1480340/files/BM000804813.json	575
76	EIG.5460	77	/mnt/iusers01/sk01/f70829xm/code/nhm/data_rds/02_raw_images/new250/new250_row0077_EIG.5460.jpg	http://id.luomus.fi/EIG.5460	http://dx.doi.org/10.5281/zenodo.1485130	https://zenodo.org/record/1485130/files/EIG.5460.jpg	https://zenodo.org/record/1485130/files/EIG.5460.json	576
77	EIG.5686	78	/mnt/iusers01/sk01/f70829xm/code/nhm/data_rds/02_raw_images/new250/new250_row0078_EIG.5686.jpg	http://id.luomus.fi/EIG.5686	http://dx.doi.org/10.5281/zenodo.1485134	https://zenodo.org/record/1485134/files/EIG.5686.jpg	https://zenodo.org/record/1485134/files/EIG.5686.json	577
78	K001203450	79	/mnt/iusers01/sk01/f70829xm/code/nhm/data_rds/02_raw_images/new250/new250_row0079_K001203450.jpg	http://specimens.kew.org/herbarium/K001203450	http://dx.doi.org/10.5281/zenodo.1486693	https://zenodo.org/record/1486693/files/K001203450.jpg	https://zenodo.org/record/1486693/files/K001203450.json	578
79	H.1034530	80	/mnt/iusers01/sk01/f70829xm/code/nhm/data_rds/02_raw_images/new250/new250_row0080_H.1034530.jpg	http://id.luomus.fi/H.1034530	http://dx.doi.org/10.5281/zenodo.1485426	https://zenodo.org/record/1485426/files/H.1034530.jpg	https://zenodo.org/record/1485426/files/H.1034530.json	579
80	E00702463	81	/mnt/iusers01/sk01/f70829xm/code/nhm/data_rds/02_raw_images/new250/new250_row0081_E00702463.jpg	http://data.rbge.org.uk/herb/E00702463	http://dx.doi.org/10.5281/zenodo.1484213	https://zenodo.org/record/1484213/files/E00702463.jpg	https://zenodo.org/record/1484213/files/E00702463.json	580
81	BM000637970	82	/mnt/iusers01/sk01/f70829xm/code/nhm/data_rds/02_raw_images/new250/new250_row0082_BM000637970.jpg	79dd29da-ba99-4036-b5c4-c6cb6de377a3	http://dx.doi.org/10.5281/zenodo.1480312	https://zenodo.org/record/1480312/files/BM000637970.jpg	https://zenodo.org/record/1480312/files/BM000637970.json	581
82	L_0044240	83	/mnt/iusers01/sk01/f70829xm/code/nhm/data_rds/02_raw_images/new250/L_0044240.jpg	http://data.biodiversitydata.nl/naturalis/specimen/L%20%200044240	http://dx.doi.org/10.5281/zenodo.1486776	https://zenodo.org/record/1486776/files/L  0044240.jpg	https://zenodo.org/record/1486776/files/L  0044240.json	582
83	EIG.2770	84	/mnt/iusers01/sk01/f70829xm/code/nhm/data_rds/02_raw_images/new250/new250_row0084_EIG.2770.jpg	http://id.luomus.fi/EIG.2770	http://dx.doi.org/10.5281/zenodo.1485056	https://zenodo.org/record/1485056/files/EIG.2770.jpg	https://zenodo.org/record/1485056/files/EIG.2770.json	583
84	EIG.2751	85	/mnt/iusers01/sk01/f70829xm/code/nhm/data_rds/02_raw_images/new250/new250_row0085_EIG.2751.jpg	http://id.luomus.fi/EIG.2751	http://dx.doi.org/10.5281/zenodo.1485052	https://zenodo.org/record/1485052/files/EIG.2751.jpg	https://zenodo.org/record/1485052/files/EIG.2751.json	584
85	EIG.2840	86	/mnt/iusers01/sk01/f70829xm/code/nhm/data_rds/02_raw_images/new250/new250_row0086_EIG.2840.jpg	http://id.luomus.fi/EIG.2840	http://dx.doi.org/10.5281/zenodo.1485060	https://zenodo.org/record/1485060/files/EIG.2840.jpg	https://zenodo.org/record/1485060/files/EIG.2840.json	585
86	EIG.3022	87	/mnt/iusers01/sk01/f70829xm/code/nhm/data_rds/02_raw_images/new250/new250_row0087_EIG.3022.jpg	http://id.luomus.fi/EIG.3022	http://dx.doi.org/10.5281/zenodo.1485068	https://zenodo.org/record/1485068/files/EIG.3022.jpg	https://zenodo.org/record/1485068/files/EIG.3022.json	586
87	EIG.3579	88	/mnt/iusers01/sk01/f70829xm/code/nhm/data_rds/02_raw_images/new250/new250_row0088_EIG.3579.jpg	http://id.luomus.fi/EIG.3579	http://dx.doi.org/10.5281/zenodo.1485084	https://zenodo.org/record/1485084/files/EIG.3579.jpg	https://zenodo.org/record/1485084/files/EIG.3579.json	587
88	BM000990388	89	/mnt/iusers01/sk01/f70829xm/code/nhm/data_rds/02_raw_images/new250/new250_row0089_BM000990388.jpg	eb25f2c1-d2b0-4fb7-83dd-160d09bad6d8	http://dx.doi.org/10.5281/zenodo.1480558	https://zenodo.org/record/1480558/files/BM000990388.jpg	https://zenodo.org/record/1480558/files/BM000990388.json	588
89	P02132367	90	/mnt/iusers01/sk01/f70829xm/code/nhm/data_rds/02_raw_images/new250/new250_row0090_P02132367.jpg	http://coldb.mnhn.fr/catalognumber/mnhn/p/p02132367	http://dx.doi.org/10.5281/zenodo.1487258	https://zenodo.org/record/1487258/files/P02132367.jpg	https://zenodo.org/record/1487258/files/P02132367.json	589
90	EIG.1314	91	/mnt/iusers01/sk01/f70829xm/code/nhm/data_rds/02_raw_images/new250/new250_row0091_EIG.1314.jpg	http://id.luomus.fi/EIG.1314	http://dx.doi.org/10.5281/zenodo.1484956	https://zenodo.org/record/1484956/files/EIG.1314.jpg	https://zenodo.org/record/1484956/files/EIG.1314.json	590
91	H.1027364	92	/mnt/iusers01/sk01/f70829xm/code/nhm/data_rds/02_raw_images/new250/new250_row0092_H.1027364.jpg	http://id.luomus.fi/H.1027364	http://dx.doi.org/10.5281/zenodo.1485420	https://zenodo.org/record/1485420/files/H.1027364.jpg	https://zenodo.org/record/1485420/files/H.1027364.json	591
92	H.1027349	93	/mnt/iusers01/sk01/f70829xm/code/nhm/data_rds/02_raw_images/new250/new250_row0093_H.1027349.jpg	http://id.luomus.fi/H.1027349	http://dx.doi.org/10.5281/zenodo.1485416	https://zenodo.org/record/1485416/files/H.1027349.jpg	https://zenodo.org/record/1485416/files/H.1027349.json	592
93	EIG.381	94	/mnt/iusers01/sk01/f70829xm/code/nhm/data_rds/02_raw_images/new250/new250_row0094_EIG.381.jpg	http://id.luomus.fi/EIG.381	http://dx.doi.org/10.5281/zenodo.1485094	https://zenodo.org/record/1485094/files/EIG.381.jpg	https://zenodo.org/record/1485094/files/EIG.381.json	593
94	EIG.434	95	/mnt/iusers01/sk01/f70829xm/code/nhm/data_rds/02_raw_images/new250/new250_row0095_EIG.434.jpg	http://id.luomus.fi/EIG.434	http://dx.doi.org/10.5281/zenodo.1485096	https://zenodo.org/record/1485096/files/EIG.434.jpg	https://zenodo.org/record/1485096/files/EIG.434.json	594
95	EIG.435	96	/mnt/iusers01/sk01/f70829xm/code/nhm/data_rds/02_raw_images/new250/new250_row0096_EIG.435.jpg	http://id.luomus.fi/EIG.435	http://dx.doi.org/10.5281/zenodo.1485102	https://zenodo.org/record/1485102/files/EIG.435.jpg	https://zenodo.org/record/1485102/files/EIG.435.json	595
96	EIG.436	97	/mnt/iusers01/sk01/f70829xm/code/nhm/data_rds/02_raw_images/new250/new250_row0097_EIG.436.jpg	http://id.luomus.fi/EIG.436	http://dx.doi.org/10.5281/zenodo.1485104	https://zenodo.org/record/1485104/files/EIG.436.jpg	https://zenodo.org/record/1485104/files/EIG.436.json	596
97	EIG.437	98	/mnt/iusers01/sk01/f70829xm/code/nhm/data_rds/02_raw_images/new250/new250_row0098_EIG.437.jpg	http://id.luomus.fi/EIG.437	http://dx.doi.org/10.5281/zenodo.1485106	https://zenodo.org/record/1485106/files/EIG.437.jpg	https://zenodo.org/record/1485106/files/EIG.437.json	597
98	EIG.438	99	/mnt/iusers01/sk01/f70829xm/code/nhm/data_rds/02_raw_images/new250/new250_row0099_EIG.438.jpg	http://id.luomus.fi/EIG.438	http://dx.doi.org/10.5281/zenodo.1485108	https://zenodo.org/record/1485108/files/EIG.438.jpg	https://zenodo.org/record/1485108/files/EIG.438.json	598
99	EIG.439	100	/mnt/iusers01/sk01/f70829xm/code/nhm/data_rds/02_raw_images/new250/new250_row0100_EIG.439.jpg	http://id.luomus.fi/EIG.439	http://dx.doi.org/10.5281/zenodo.1485112	https://zenodo.org/record/1485112/files/EIG.439.jpg	https://zenodo.org/record/1485112/files/EIG.439.json	599
100	EIG.592	101	/mnt/iusers01/sk01/f70829xm/code/nhm/data_rds/02_raw_images/new250/new250_row0101_EIG.592.jpg	http://id.luomus.fi/EIG.592	http://dx.doi.org/10.5281/zenodo.1485136	https://zenodo.org/record/1485136/files/EIG.592.jpg	https://zenodo.org/record/1485136/files/EIG.592.json	600
101	EIG.594	102	/mnt/iusers01/sk01/f70829xm/code/nhm/data_rds/02_raw_images/new250/new250_row0102_EIG.594.jpg	http://id.luomus.fi/EIG.594	http://dx.doi.org/10.5281/zenodo.1485140	https://zenodo.org/record/1485140/files/EIG.594.jpg	https://zenodo.org/record/1485140/files/EIG.594.json	601
102	EIG.595	103	/mnt/iusers01/sk01/f70829xm/code/nhm/data_rds/02_raw_images/new250/new250_row0103_EIG.595.jpg	http://id.luomus.fi/EIG.595	http://dx.doi.org/10.5281/zenodo.1485142	https://zenodo.org/record/1485142/files/EIG.595.jpg	https://zenodo.org/record/1485142/files/EIG.595.json	602
103	EIG.1068	104	/mnt/iusers01/sk01/f70829xm/code/nhm/data_rds/02_raw_images/new250/new250_row0104_EIG.1068.jpg	http://id.luomus.fi/EIG.1068	http://dx.doi.org/10.5281/zenodo.1484936	https://zenodo.org/record/1484936/files/EIG.1068.jpg	https://zenodo.org/record/1484936/files/EIG.1068.json	603
104	EIG.1074	105	/mnt/iusers01/sk01/f70829xm/code/nhm/data_rds/02_raw_images/new250/new250_row0105_EIG.1074.jpg	http://id.luomus.fi/EIG.1074	http://dx.doi.org/10.5281/zenodo.1484942	https://zenodo.org/record/1484942/files/EIG.1074.jpg	https://zenodo.org/record/1484942/files/EIG.1074.json	604
105	EIG.1060	106	/mnt/iusers01/sk01/f70829xm/code/nhm/data_rds/02_raw_images/new250/new250_row0106_EIG.1060.jpg	http://id.luomus.fi/EIG.1060	http://dx.doi.org/10.5281/zenodo.1484932	https://zenodo.org/record/1484932/files/EIG.1060.jpg	https://zenodo.org/record/1484932/files/EIG.1060.json	605
106	BM000937184	107	/mnt/iusers01/sk01/f70829xm/code/nhm/data_rds/02_raw_images/new250/new250_row0107_BM000937184.jpg	dcbd25c9-bd71-42ae-9bbd-705f2aef70c7	http://dx.doi.org/10.5281/zenodo.1480481	https://zenodo.org/record/1480481/files/BM000937184.jpg	https://zenodo.org/record/1480481/files/BM000937184.json	606
107	E00792879	108	/mnt/iusers01/sk01/f70829xm/code/nhm/data_rds/02_raw_images/new250/new250_row0108_E00792879.jpg	http://data.rbge.org.uk/herb/E00792879	http://dx.doi.org/10.5281/zenodo.1484930	https://zenodo.org/record/1484930/files/E00792879.jpg	https://zenodo.org/record/1484930/files/E00792879.json	607
108	EIG.6951	109	/mnt/iusers01/sk01/f70829xm/code/nhm/data_rds/02_raw_images/new250/new250_row0109_EIG.6951.jpg	http://id.luomus.fi/EIG.6951	http://dx.doi.org/10.5281/zenodo.1485203	https://zenodo.org/record/1485203/files/EIG.6951.jpg	https://zenodo.org/record/1485203/files/EIG.6951.json	608
109	EIG.7034	110	/mnt/iusers01/sk01/f70829xm/code/nhm/data_rds/02_raw_images/new250/new250_row0110_EIG.7034.jpg	http://id.luomus.fi/EIG.7034	http://dx.doi.org/10.5281/zenodo.1485221	https://zenodo.org/record/1485221/files/EIG.7034.jpg	https://zenodo.org/record/1485221/files/EIG.7034.json	609
110	BM001044551	111	/mnt/iusers01/sk01/f70829xm/code/nhm/data_rds/02_raw_images/new250/new250_row0111_BM001044551.jpg	c7486490-51de-4110-bde9-7b7886914063	http://dx.doi.org/10.5281/zenodo.1480605	https://zenodo.org/record/1480605/files/BM001044551.jpg	https://zenodo.org/record/1480605/files/BM001044551.json	610
111	L_0059912	112	/mnt/iusers01/sk01/f70829xm/code/nhm/data_rds/02_raw_images/new250/L_0059912.jpg	http://data.biodiversitydata.nl/naturalis/specimen/L%20%200059912	http://dx.doi.org/10.5281/zenodo.1486794	https://zenodo.org/record/1486794/files/L  0059912.jpg	https://zenodo.org/record/1486794/files/L  0059912.json	611
112	E00502283	113	/mnt/iusers01/sk01/f70829xm/code/nhm/data_rds/02_raw_images/new250/new250_row0113_E00502283.jpg	http://data.rbge.org.uk/herb/E00502283	http://dx.doi.org/10.5281/zenodo.1484105	https://zenodo.org/record/1484105/files/E00502283.jpg	https://zenodo.org/record/1484105/files/E00502283.json	612
113	K000954129	114	/mnt/iusers01/sk01/f70829xm/code/nhm/data_rds/02_raw_images/new250/new250_row0114_K000954129.jpg	http://specimens.kew.org/herbarium/K000954129	http://dx.doi.org/10.5281/zenodo.1486526	https://zenodo.org/record/1486526/files/K000954129.jpg	https://zenodo.org/record/1486526/files/K000954129.json	613
114	BR0000005619801	115	/mnt/iusers01/sk01/f70829xm/code/nhm/data_rds/02_raw_images/new250/new250_row0115_BR0000005619801.jpg	http://www.botanicalcollections.be/specimen/BR0000005619801	http://dx.doi.org/10.5281/zenodo.1480844	https://zenodo.org/record/1480844/files/BR0000005619801.jpg	https://zenodo.org/record/1480844/files/BR0000005619801.json	614
115	BR0000005619498	116	/mnt/iusers01/sk01/f70829xm/code/nhm/data_rds/02_raw_images/new250/new250_row0116_BR0000005619498.jpg	http://www.botanicalcollections.be/specimen/BR0000005619498	http://dx.doi.org/10.5281/zenodo.1480842	https://zenodo.org/record/1480842/files/BR0000005619498.jpg	https://zenodo.org/record/1480842/files/BR0000005619498.json	615
116	K000487165	117	/mnt/iusers01/sk01/f70829xm/code/nhm/data_rds/02_raw_images/new250/new250_row0117_K000487165.jpg	http://specimens.kew.org/herbarium/K000487165	http://dx.doi.org/10.5281/zenodo.1485862	https://zenodo.org/record/1485862/files/K000487165.jpg	https://zenodo.org/record/1485862/files/K000487165.json	616
117	L.3806577	118	/mnt/iusers01/sk01/f70829xm/code/nhm/data_rds/02_raw_images/new250/new250_row0118_L.3806577.jpg	http://data.biodiversitydata.nl/naturalis/specimen/L.3806577	http://dx.doi.org/10.5281/zenodo.1487066	https://zenodo.org/record/1487066/files/L.3806577.jpg	https://zenodo.org/record/1487066/files/L.3806577.json	617
118	L_0039590	119	/mnt/iusers01/sk01/f70829xm/code/nhm/data_rds/02_raw_images/new250/L_0039590.jpg	http://data.biodiversitydata.nl/naturalis/specimen/L%20%200039590	http://dx.doi.org/10.5281/zenodo.1486770	https://zenodo.org/record/1486770/files/L  0039590.jpg	https://zenodo.org/record/1486770/files/L  0039590.json	618
119	P06607437	120	/mnt/iusers01/sk01/f70829xm/code/nhm/data_rds/02_raw_images/new250/new250_row0120_P06607437.jpg	http://coldb.mnhn.fr/catalognumber/mnhn/p/p06607437	http://dx.doi.org/10.5281/zenodo.1487443	https://zenodo.org/record/1487443/files/P06607437.jpg	https://zenodo.org/record/1487443/files/P06607437.json	619
120	BM001205312	121	/mnt/iusers01/sk01/f70829xm/code/nhm/data_rds/02_raw_images/new250/new250_row0121_BM001205312.jpg	4bf7a03f-272b-42cf-b374-23d75dbec925	http://dx.doi.org/10.5281/zenodo.1480704	https://zenodo.org/record/1480704/files/BM001205312.jpg	https://zenodo.org/record/1480704/files/BM001205312.json	620
121	BM001205313	122	/mnt/iusers01/sk01/f70829xm/code/nhm/data_rds/02_raw_images/new250/new250_row0122_BM001205313.jpg	a65522de-695a-47b2-a9af-0a5b1139c6b2	http://dx.doi.org/10.5281/zenodo.1480706	https://zenodo.org/record/1480706/files/BM001205313.jpg	https://zenodo.org/record/1480706/files/BM001205313.json	621
122	BM001206103	123	/mnt/iusers01/sk01/f70829xm/code/nhm/data_rds/02_raw_images/new250/new250_row0123_BM001206103.jpg	ccda6f7f-a38e-4663-ae4b-bb7187270234	http://dx.doi.org/10.5281/zenodo.1480771	https://zenodo.org/record/1480771/files/BM001206103.jpg	https://zenodo.org/record/1480771/files/BM001206103.json	622
123	BM000974050	124	/mnt/iusers01/sk01/f70829xm/code/nhm/data_rds/02_raw_images/new250/new250_row0124_BM000974050.jpg	7bbb33ea-9dcc-4194-acca-d2c4adf87183	http://dx.doi.org/10.5281/zenodo.1480552	https://zenodo.org/record/1480552/files/BM000974050.jpg	https://zenodo.org/record/1480552/files/BM000974050.json	623
124	BM001202191	125	/mnt/iusers01/sk01/f70829xm/code/nhm/data_rds/02_raw_images/new250/new250_row0125_BM001202191.jpg	c1441612-8082-40d5-8629-8ed390b2af31	http://dx.doi.org/10.5281/zenodo.1480684	https://zenodo.org/record/1480684/files/BM001202191.jpg	https://zenodo.org/record/1480684/files/BM001202191.json	624
125	K000876695	126	/mnt/iusers01/sk01/f70829xm/code/nhm/data_rds/02_raw_images/new250/new250_row0126_K000876695.jpg	http://specimens.kew.org/herbarium/K000876695	http://dx.doi.org/10.5281/zenodo.1486418	https://zenodo.org/record/1486418/files/K000876695.jpg	https://zenodo.org/record/1486418/files/K000876695.json	625
126	P03538527	127	/mnt/iusers01/sk01/f70829xm/code/nhm/data_rds/02_raw_images/new250/new250_row0127_P03538527.jpg	http://coldb.mnhn.fr/catalognumber/mnhn/p/p03538527	http://dx.doi.org/10.5281/zenodo.1487334	https://zenodo.org/record/1487334/files/P03538527.jpg	https://zenodo.org/record/1487334/files/P03538527.json	626
127	K000944863	128	/mnt/iusers01/sk01/f70829xm/code/nhm/data_rds/02_raw_images/new250/new250_row0128_K000944863.jpg	http://specimens.kew.org/herbarium/K000944863	http://dx.doi.org/10.5281/zenodo.1486516	https://zenodo.org/record/1486516/files/K000944863.jpg	https://zenodo.org/record/1486516/files/K000944863.json	627
128	L_0007231	129	/mnt/iusers01/sk01/f70829xm/code/nhm/data_rds/02_raw_images/new250/L_0007231.jpg	http://data.biodiversitydata.nl/naturalis/specimen/L%20%200007231	http://dx.doi.org/10.5281/zenodo.1486754	https://zenodo.org/record/1486754/files/L  0007231.jpg	https://zenodo.org/record/1486754/files/L  0007231.json	628
129	BR0000013472849	130	/mnt/iusers01/sk01/f70829xm/code/nhm/data_rds/02_raw_images/new250/new250_row0130_BR0000013472849.jpg	http://www.botanicalcollections.be/specimen/BR0000013472849	http://dx.doi.org/10.5281/zenodo.1483292	https://zenodo.org/record/1483292/files/BR0000013472849.jpg	https://zenodo.org/record/1483292/files/BR0000013472849.json	629
130	BR0000005859351	131	/mnt/iusers01/sk01/f70829xm/code/nhm/data_rds/02_raw_images/new250/new250_row0131_BR0000005859351.jpg	http://www.botanicalcollections.be/specimen/BR0000005859351	http://dx.doi.org/10.5281/zenodo.1480898	https://zenodo.org/record/1480898/files/BR0000005859351.jpg	https://zenodo.org/record/1480898/files/BR0000005859351.json	630
131	BR0000005859337	132	/mnt/iusers01/sk01/f70829xm/code/nhm/data_rds/02_raw_images/new250/new250_row0132_BR0000005859337.jpg	http://www.botanicalcollections.be/specimen/BR0000005859337	http://dx.doi.org/10.5281/zenodo.1480896	https://zenodo.org/record/1480896/files/BR0000005859337.jpg	https://zenodo.org/record/1480896/files/BR0000005859337.json	631
132	BM000903857	133	/mnt/iusers01/sk01/f70829xm/code/nhm/data_rds/02_raw_images/new250/new250_row0133_BM000903857.jpg	b7df9cc0-11b4-429c-bbf1-7e7f2078327c	http://dx.doi.org/10.5281/zenodo.1480443	https://zenodo.org/record/1480443/files/BM000903857.jpg	https://zenodo.org/record/1480443/files/BM000903857.json	632
133	K000095866	134	/mnt/iusers01/sk01/f70829xm/code/nhm/data_rds/02_raw_images/new250/new250_row0134_K000095866.jpg	http://specimens.kew.org/herbarium/K000095866	http://dx.doi.org/10.5281/zenodo.1485753	https://zenodo.org/record/1485753/files/K000095866.jpg	https://zenodo.org/record/1485753/files/K000095866.json	633
134	H.1104467	135	/mnt/iusers01/sk01/f70829xm/code/nhm/data_rds/02_raw_images/new250/new250_row0135_H.1104467.jpg	http://id.luomus.fi/H.1104467	http://dx.doi.org/10.5281/zenodo.1485508	https://zenodo.org/record/1485508/files/H.1104467.jpg	https://zenodo.org/record/1485508/files/H.1104467.json	634
135	K000864487	136	/mnt/iusers01/sk01/f70829xm/code/nhm/data_rds/02_raw_images/new250/new250_row0136_K000864487.jpg	http://specimens.kew.org/herbarium/K000864487	http://dx.doi.org/10.5281/zenodo.1486416	https://zenodo.org/record/1486416/files/K000864487.jpg	https://zenodo.org/record/1486416/files/K000864487.json	635
136	BM000974225	137	/mnt/iusers01/sk01/f70829xm/code/nhm/data_rds/02_raw_images/new250/new250_row0137_BM000974225.jpg	95dab5f7-26b7-4eac-b215-e61683a809d5	http://dx.doi.org/10.5281/zenodo.1480554	https://zenodo.org/record/1480554/files/BM000974225.jpg	https://zenodo.org/record/1480554/files/BM000974225.json	636
137	EIG.6727	138	/mnt/iusers01/sk01/f70829xm/code/nhm/data_rds/02_raw_images/new250/new250_row0138_EIG.6727.jpg	http://id.luomus.fi/EIG.6727	http://dx.doi.org/10.5281/zenodo.1485150	https://zenodo.org/record/1485150/files/EIG.6727.jpg	https://zenodo.org/record/1485150/files/EIG.6727.json	637
138	P04432567	139	/mnt/iusers01/sk01/f70829xm/code/nhm/data_rds/02_raw_images/new250/new250_row0139_P04432567.jpg	http://coldb.mnhn.fr/catalognumber/mnhn/p/p04432567	http://dx.doi.org/10.5281/zenodo.1487373	https://zenodo.org/record/1487373/files/P04432567.jpg	https://zenodo.org/record/1487373/files/P04432567.json	638
139	K000096032	140	/mnt/iusers01/sk01/f70829xm/code/nhm/data_rds/02_raw_images/new250/new250_row0140_K000096032.jpg	http://specimens.kew.org/herbarium/K000096032	http://dx.doi.org/10.5281/zenodo.1485757	https://zenodo.org/record/1485757/files/K000096032.jpg	https://zenodo.org/record/1485757/files/K000096032.json	639
140	H.1069760	141	/mnt/iusers01/sk01/f70829xm/code/nhm/data_rds/02_raw_images/new250/new250_row0141_H.1069760.jpg	http://id.luomus.fi/H.1069760	http://dx.doi.org/10.5281/zenodo.1485457	https://zenodo.org/record/1485457/files/H.1069760.jpg	https://zenodo.org/record/1485457/files/H.1069760.json	640
141	HA.H9503354	142	/mnt/iusers01/sk01/f70829xm/code/nhm/data_rds/02_raw_images/new250/new250_row0142_HA.H9503354.jpg	http://id.luomus.fi/HA.H9503354	http://dx.doi.org/10.5281/zenodo.1485640	https://zenodo.org/record/1485640/files/HA.H9503354.jpg	https://zenodo.org/record/1485640/files/HA.H9503354.json	641
142	HA.H9503747	143	/mnt/iusers01/sk01/f70829xm/code/nhm/data_rds/02_raw_images/new250/new250_row0143_HA.H9503747.jpg	http://id.luomus.fi/HA.H9503747	http://dx.doi.org/10.5281/zenodo.1485654	https://zenodo.org/record/1485654/files/HA.H9503747.jpg	https://zenodo.org/record/1485654/files/HA.H9503747.json	642
143	E00693937	144	/mnt/iusers01/sk01/f70829xm/code/nhm/data_rds/02_raw_images/new250/new250_row0144_E00693937.jpg	http://data.rbge.org.uk/herb/E00693937	http://dx.doi.org/10.5281/zenodo.1484203	https://zenodo.org/record/1484203/files/E00693937.jpg	https://zenodo.org/record/1484203/files/E00693937.json	643
144	H.1080029	145	/mnt/iusers01/sk01/f70829xm/code/nhm/data_rds/02_raw_images/new250/new250_row0145_H.1080029.jpg	http://id.luomus.fi/H.1080029	http://dx.doi.org/10.5281/zenodo.1485476	https://zenodo.org/record/1485476/files/H.1080029.jpg	https://zenodo.org/record/1485476/files/H.1080029.json	644
145	H.1108834	146	/mnt/iusers01/sk01/f70829xm/code/nhm/data_rds/02_raw_images/new250/new250_row0146_H.1108834.jpg	http://id.luomus.fi/H.1108834	http://dx.doi.org/10.5281/zenodo.1485520	https://zenodo.org/record/1485520/files/H.1108834.jpg	https://zenodo.org/record/1485520/files/H.1108834.json	645
146	BR0000025289732	147	/mnt/iusers01/sk01/f70829xm/code/nhm/data_rds/02_raw_images/new250/new250_row0147_BR0000025289732.jpg	http://www.botanicalcollections.be/specimen/BR0000025289732	http://dx.doi.org/10.5281/zenodo.1483379	https://zenodo.org/record/1483379/files/BR0000025289732.jpg	https://zenodo.org/record/1483379/files/BR0000025289732.json	646
147	BR0000013091514	148	/mnt/iusers01/sk01/f70829xm/code/nhm/data_rds/02_raw_images/new250/new250_row0148_BR0000013091514.jpg	http://www.botanicalcollections.be/specimen/BR0000013091514	http://dx.doi.org/10.5281/zenodo.1483204	https://zenodo.org/record/1483204/files/BR0000013091514.jpg	https://zenodo.org/record/1483204/files/BR0000013091514.json	647
148	BR0000013091521	149	/mnt/iusers01/sk01/f70829xm/code/nhm/data_rds/02_raw_images/new250/new250_row0149_BR0000013091521.jpg	http://www.botanicalcollections.be/specimen/BR0000013091521	http://dx.doi.org/10.5281/zenodo.1483206	https://zenodo.org/record/1483206/files/BR0000013091521.jpg	https://zenodo.org/record/1483206/files/BR0000013091521.json	648
149	L.1537752	150	/mnt/iusers01/sk01/f70829xm/code/nhm/data_rds/02_raw_images/new250/new250_row0150_L.1537752.jpg	http://data.biodiversitydata.nl/naturalis/specimen/L.1537752	http://dx.doi.org/10.5281/zenodo.1486844	https://zenodo.org/record/1486844/files/L.1537752.jpg	https://zenodo.org/record/1486844/files/L.1537752.json	649
150	P04535877	151	/mnt/iusers01/sk01/f70829xm/code/nhm/data_rds/02_raw_images/new250/new250_row0151_P04535877.jpg	http://coldb.mnhn.fr/catalognumber/mnhn/p/p04535877	http://dx.doi.org/10.5281/zenodo.1487381	https://zenodo.org/record/1487381/files/P04535877.jpg	https://zenodo.org/record/1487381/files/P04535877.json	650
151	BM000906257	152	/mnt/iusers01/sk01/f70829xm/code/nhm/data_rds/02_raw_images/new250/new250_row0152_BM000906257.jpg	e3150551-f6bc-4643-96cc-a7d430a1af97	http://dx.doi.org/10.5281/zenodo.1480447	https://zenodo.org/record/1480447/files/BM000906257.jpg	https://zenodo.org/record/1480447/files/BM000906257.json	651
152	BM001067777	153	/mnt/iusers01/sk01/f70829xm/code/nhm/data_rds/02_raw_images/new250/new250_row0153_BM001067777.jpg	c8dbfcb5-e718-4a5a-9e49-c2ee7cbe4bac	http://dx.doi.org/10.5281/zenodo.1480636	https://zenodo.org/record/1480636/files/BM001067777.jpg	https://zenodo.org/record/1480636/files/BM001067777.json	652
153	EIG.1651	154	/mnt/iusers01/sk01/f70829xm/code/nhm/data_rds/02_raw_images/new250/new250_row0154_EIG.1651.jpg	http://id.luomus.fi/EIG.1651	http://dx.doi.org/10.5281/zenodo.1485000	https://zenodo.org/record/1485000/files/EIG.1651.jpg	https://zenodo.org/record/1485000/files/EIG.1651.json	653
154	EIG.2190	155	/mnt/iusers01/sk01/f70829xm/code/nhm/data_rds/02_raw_images/new250/new250_row0155_EIG.2190.jpg	http://id.luomus.fi/EIG.2190	http://dx.doi.org/10.5281/zenodo.1485010	https://zenodo.org/record/1485010/files/EIG.2190.jpg	https://zenodo.org/record/1485010/files/EIG.2190.json	654
155	EIG.2377	156	/mnt/iusers01/sk01/f70829xm/code/nhm/data_rds/02_raw_images/new250/new250_row0156_EIG.2377.jpg	http://id.luomus.fi/EIG.2377	http://dx.doi.org/10.5281/zenodo.1485012	https://zenodo.org/record/1485012/files/EIG.2377.jpg	https://zenodo.org/record/1485012/files/EIG.2377.json	655
156	EIG.2379	157	/mnt/iusers01/sk01/f70829xm/code/nhm/data_rds/02_raw_images/new250/new250_row0157_EIG.2379.jpg	http://id.luomus.fi/EIG.2379	http://dx.doi.org/10.5281/zenodo.1485016	https://zenodo.org/record/1485016/files/EIG.2379.jpg	https://zenodo.org/record/1485016/files/EIG.2379.json	656
157	EIG.2381	158	/mnt/iusers01/sk01/f70829xm/code/nhm/data_rds/02_raw_images/new250/new250_row0158_EIG.2381.jpg	http://id.luomus.fi/EIG.2381	http://dx.doi.org/10.5281/zenodo.1485026	https://zenodo.org/record/1485026/files/EIG.2381.jpg	https://zenodo.org/record/1485026/files/EIG.2381.json	657
158	EIG.2382	159	/mnt/iusers01/sk01/f70829xm/code/nhm/data_rds/02_raw_images/new250/new250_row0159_EIG.2382.jpg	http://id.luomus.fi/EIG.2382	http://dx.doi.org/10.5281/zenodo.1485032	https://zenodo.org/record/1485032/files/EIG.2382.jpg	https://zenodo.org/record/1485032/files/EIG.2382.json	658
159	L_0052013	160	/mnt/iusers01/sk01/f70829xm/code/nhm/data_rds/02_raw_images/new250/L_0052013.jpg	http://data.biodiversitydata.nl/naturalis/specimen/L%20%200052013	http://dx.doi.org/10.5281/zenodo.1486788	https://zenodo.org/record/1486788/files/L  0052013.jpg	https://zenodo.org/record/1486788/files/L  0052013.json	659
160	E00024129	161	/mnt/iusers01/sk01/f70829xm/code/nhm/data_rds/02_raw_images/new250/new250_row0161_E00024129.jpg	http://data.rbge.org.uk/herb/E00024129	http://dx.doi.org/10.5281/zenodo.1483573	https://zenodo.org/record/1483573/files/E00024129.jpg	https://zenodo.org/record/1483573/files/E00024129.json	660
161	H.1080054	162	/mnt/iusers01/sk01/f70829xm/code/nhm/data_rds/02_raw_images/new250/new250_row0162_H.1080054.jpg	http://id.luomus.fi/H.1080054	http://dx.doi.org/10.5281/zenodo.1485484	https://zenodo.org/record/1485484/files/H.1080054.jpg	https://zenodo.org/record/1485484/files/H.1080054.json	661
162	H.1108800	163	/mnt/iusers01/sk01/f70829xm/code/nhm/data_rds/02_raw_images/new250/new250_row0163_H.1108800.jpg	http://id.luomus.fi/H.1108800	http://dx.doi.org/10.5281/zenodo.1485516	https://zenodo.org/record/1485516/files/H.1108800.jpg	https://zenodo.org/record/1485516/files/H.1108800.json	662
163	H.1056221	164	/mnt/iusers01/sk01/f70829xm/code/nhm/data_rds/02_raw_images/new250/new250_row0164_H.1056221.jpg	http://id.luomus.fi/H.1056221	http://dx.doi.org/10.5281/zenodo.1485430	https://zenodo.org/record/1485430/files/H.1056221.jpg	https://zenodo.org/record/1485430/files/H.1056221.json	663
164	H.1056223	165	/mnt/iusers01/sk01/f70829xm/code/nhm/data_rds/02_raw_images/new250/new250_row0165_H.1056223.jpg	http://id.luomus.fi/H.1056223	http://dx.doi.org/10.5281/zenodo.1485434	https://zenodo.org/record/1485434/files/H.1056223.jpg	https://zenodo.org/record/1485434/files/H.1056223.json	664
165	H.1091939	166	/mnt/iusers01/sk01/f70829xm/code/nhm/data_rds/02_raw_images/new250/new250_row0166_H.1091939.jpg	http://id.luomus.fi/H.1091939	http://dx.doi.org/10.5281/zenodo.1485496	https://zenodo.org/record/1485496/files/H.1091939.jpg	https://zenodo.org/record/1485496/files/H.1091939.json	665
166	H.1056231	167	/mnt/iusers01/sk01/f70829xm/code/nhm/data_rds/02_raw_images/new250/new250_row0167_H.1056231.jpg	http://id.luomus.fi/H.1056231	http://dx.doi.org/10.5281/zenodo.1485436	https://zenodo.org/record/1485436/files/H.1056231.jpg	https://zenodo.org/record/1485436/files/H.1056231.json	666
167	BR0000025759242V	168	/mnt/iusers01/sk01/f70829xm/code/nhm/data_rds/02_raw_images/new250/new250_row0168_BR0000025759242V.jpg	http://www.botanicalcollections.be/specimen/BR0000025759242V	http://dx.doi.org/10.5281/zenodo.1483447	https://zenodo.org/record/1483447/files/BR0000025759242V.jpg	https://zenodo.org/record/1483447/files/BR0000025759242V.json	667
168	L_0007337	169	/mnt/iusers01/sk01/f70829xm/code/nhm/data_rds/02_raw_images/new250/L_0007337.jpg	http://data.biodiversitydata.nl/naturalis/specimen/L%20%200007337	http://dx.doi.org/10.5281/zenodo.1486756	https://zenodo.org/record/1486756/files/L  0007337.jpg	https://zenodo.org/record/1486756/files/L  0007337.json	668
169	E00633117	170	/mnt/iusers01/sk01/f70829xm/code/nhm/data_rds/02_raw_images/new250/new250_row0170_E00633117.jpg	http://data.rbge.org.uk/herb/E00633117	http://dx.doi.org/10.5281/zenodo.1484140	https://zenodo.org/record/1484140/files/E00633117.jpg	https://zenodo.org/record/1484140/files/E00633117.json	669
170	E00633154	171	/mnt/iusers01/sk01/f70829xm/code/nhm/data_rds/02_raw_images/new250/new250_row0171_E00633154.jpg	http://data.rbge.org.uk/herb/E00633154	http://dx.doi.org/10.5281/zenodo.1484142	https://zenodo.org/record/1484142/files/E00633154.jpg	https://zenodo.org/record/1484142/files/E00633154.json	670
171	E00633212	172	/mnt/iusers01/sk01/f70829xm/code/nhm/data_rds/02_raw_images/new250/new250_row0172_E00633212.jpg	http://data.rbge.org.uk/herb/E00633212	http://dx.doi.org/10.5281/zenodo.1484144	https://zenodo.org/record/1484144/files/E00633212.jpg	https://zenodo.org/record/1484144/files/E00633212.json	671
172	E00149946	173	/mnt/iusers01/sk01/f70829xm/code/nhm/data_rds/02_raw_images/new250/new250_row0173_E00149946.jpg	http://data.rbge.org.uk/herb/E00149946	http://dx.doi.org/10.5281/zenodo.1483788	https://zenodo.org/record/1483788/files/E00149946.jpg	https://zenodo.org/record/1483788/files/E00149946.json	672
173	K001136340	174	/mnt/iusers01/sk01/f70829xm/code/nhm/data_rds/02_raw_images/new250/new250_row0174_K001136340.jpg	http://specimens.kew.org/herbarium/K001136340	http://dx.doi.org/10.5281/zenodo.1486652	https://zenodo.org/record/1486652/files/K001136340.jpg	https://zenodo.org/record/1486652/files/K001136340.json	673
174	L_0015432	175	/mnt/iusers01/sk01/f70829xm/code/nhm/data_rds/02_raw_images/new250/L_0015432.jpg	http://data.biodiversitydata.nl/naturalis/specimen/L%20%200015432	http://dx.doi.org/10.5281/zenodo.1486760	https://zenodo.org/record/1486760/files/L  0015432.jpg	https://zenodo.org/record/1486760/files/L  0015432.json	674
175	BM001082057	176	/mnt/iusers01/sk01/f70829xm/code/nhm/data_rds/02_raw_images/new250/new250_row0176_BM001082057.jpg	def8931c-b93a-45e2-8105-921b18bff729	http://dx.doi.org/10.5281/zenodo.1480644	https://zenodo.org/record/1480644/files/BM001082057.jpg	https://zenodo.org/record/1480644/files/BM001082057.json	675
176	HA.H3300061	177	/mnt/iusers01/sk01/f70829xm/code/nhm/data_rds/02_raw_images/new250/new250_row0177_HA.H3300061.jpg	http://id.luomus.fi/HA.H3300061	http://dx.doi.org/10.5281/zenodo.1485598	https://zenodo.org/record/1485598/files/HA.H3300061.jpg	https://zenodo.org/record/1485598/files/HA.H3300061.json	676
177	BM000798777	178	/mnt/iusers01/sk01/f70829xm/code/nhm/data_rds/02_raw_images/new250/new250_row0178_BM000798777.jpg	bd50dfbd-2df3-44de-a911-26fc62d94856	http://dx.doi.org/10.5281/zenodo.1480336	https://zenodo.org/record/1480336/files/BM000798777.jpg	https://zenodo.org/record/1480336/files/BM000798777.json	677
178	L_0014277	179	/mnt/iusers01/sk01/f70829xm/code/nhm/data_rds/02_raw_images/new250/L_0014277.jpg	http://data.biodiversitydata.nl/naturalis/specimen/L%20%200014277	http://dx.doi.org/10.5281/zenodo.1486758	https://zenodo.org/record/1486758/files/L  0014277.jpg	https://zenodo.org/record/1486758/files/L  0014277.json	678
179	BR0000013475154	180	/mnt/iusers01/sk01/f70829xm/code/nhm/data_rds/02_raw_images/new250/new250_row0180_BR0000013475154.jpg	http://www.botanicalcollections.be/specimen/BR0000013475154	http://dx.doi.org/10.5281/zenodo.1483300	https://zenodo.org/record/1483300/files/BR0000013475154.jpg	https://zenodo.org/record/1483300/files/BR0000013475154.json	679
180	WAG.1561522	181	/mnt/iusers01/sk01/f70829xm/code/nhm/data_rds/02_raw_images/new250/new250_row0181_WAG.1561522.jpg	http://data.biodiversitydata.nl/naturalis/specimen/WAG.1561522	http://dx.doi.org/10.5281/zenodo.1491160	https://zenodo.org/record/1491160/files/WAG.1561522.jpg	https://zenodo.org/record/1491160/files/WAG.1561522.json	680
181	BM000846738	182	/mnt/iusers01/sk01/f70829xm/code/nhm/data_rds/02_raw_images/new250/new250_row0182_BM000846738.jpg	5e6e70c5-4891-48b4-93a6-bf46d06df4ac	http://dx.doi.org/10.5281/zenodo.1480401	https://zenodo.org/record/1480401/files/BM000846738.jpg	https://zenodo.org/record/1480401/files/BM000846738.json	681
182	BM000846411	183	/mnt/iusers01/sk01/f70829xm/code/nhm/data_rds/02_raw_images/new250/new250_row0183_BM000846411.jpg	0580bb43-0223-48f6-aa98-58dd521b41f8	http://dx.doi.org/10.5281/zenodo.1480383	https://zenodo.org/record/1480383/files/BM000846411.jpg	https://zenodo.org/record/1480383/files/BM000846411.json	682
183	BM000846361	184	/mnt/iusers01/sk01/f70829xm/code/nhm/data_rds/02_raw_images/new250/new250_row0184_BM000846361.jpg	945b531e-dcbf-43ba-ba8f-6d61040e3def	http://dx.doi.org/10.5281/zenodo.1480373	https://zenodo.org/record/1480373/files/BM000846361.jpg	https://zenodo.org/record/1480373/files/BM000846361.json	683
184	BM000846372	185	/mnt/iusers01/sk01/f70829xm/code/nhm/data_rds/02_raw_images/new250/new250_row0185_BM000846372.jpg	b325deb1-73ad-418e-8732-34f682e4c2ca	http://dx.doi.org/10.5281/zenodo.1480377	https://zenodo.org/record/1480377/files/BM000846372.jpg	https://zenodo.org/record/1480377/files/BM000846372.json	684
185	BM000846813	186	/mnt/iusers01/sk01/f70829xm/code/nhm/data_rds/02_raw_images/new250/new250_row0186_BM000846813.jpg	7dadd8b9-e08a-4ccb-b637-9e78df643db6	http://dx.doi.org/10.5281/zenodo.1480411	https://zenodo.org/record/1480411/files/BM000846813.jpg	https://zenodo.org/record/1480411/files/BM000846813.json	685
186	BM000846785	187	/mnt/iusers01/sk01/f70829xm/code/nhm/data_rds/02_raw_images/new250/new250_row0187_BM000846785.jpg	db4d76b2-f452-45ac-b23b-c2d6138bfebe	http://dx.doi.org/10.5281/zenodo.1480409	https://zenodo.org/record/1480409/files/BM000846785.jpg	https://zenodo.org/record/1480409/files/BM000846785.json	686
187	BM000934779	188	/mnt/iusers01/sk01/f70829xm/code/nhm/data_rds/02_raw_images/new250/new250_row0188_BM000934779.jpg	ff0e7a91-63d2-4dbd-8436-634cd263e673	http://dx.doi.org/10.5281/zenodo.1480465	https://zenodo.org/record/1480465/files/BM000934779.jpg	https://zenodo.org/record/1480465/files/BM000934779.json	687
188	K001218982	189	/mnt/iusers01/sk01/f70829xm/code/nhm/data_rds/02_raw_images/new250/new250_row0189_K001218982.jpg	http://specimens.kew.org/herbarium/K001218982	http://dx.doi.org/10.5281/zenodo.1486722	https://zenodo.org/record/1486722/files/K001218982.jpg	https://zenodo.org/record/1486722/files/K001218982.json	688
189	H.1084145	190	/mnt/iusers01/sk01/f70829xm/code/nhm/data_rds/02_raw_images/new250/new250_row0190_H.1084145.jpg	http://id.luomus.fi/H.1084145	http://dx.doi.org/10.5281/zenodo.1485492	https://zenodo.org/record/1485492/files/H.1084145.jpg	https://zenodo.org/record/1485492/files/H.1084145.json	689
190	K000972878	191	/mnt/iusers01/sk01/f70829xm/code/nhm/data_rds/02_raw_images/new250/new250_row0191_K000972878.jpg	http://specimens.kew.org/herbarium/K000972878	http://dx.doi.org/10.5281/zenodo.1486552	https://zenodo.org/record/1486552/files/K000972878.jpg	https://zenodo.org/record/1486552/files/K000972878.json	690
191	K000972625	192	/mnt/iusers01/sk01/f70829xm/code/nhm/data_rds/02_raw_images/new250/new250_row0192_K000972625.jpg	http://specimens.kew.org/herbarium/K000972625	http://dx.doi.org/10.5281/zenodo.1486548	https://zenodo.org/record/1486548/files/K000972625.jpg	https://zenodo.org/record/1486548/files/K000972625.json	691
192	P02733867	193	/mnt/iusers01/sk01/f70829xm/code/nhm/data_rds/02_raw_images/new250/new250_row0193_P02733867.jpg	http://coldb.mnhn.fr/catalognumber/mnhn/p/p02733867	http://dx.doi.org/10.5281/zenodo.1487298	https://zenodo.org/record/1487298/files/P02733867.jpg	https://zenodo.org/record/1487298/files/P02733867.json	692
193	P03803397	194	/mnt/iusers01/sk01/f70829xm/code/nhm/data_rds/02_raw_images/new250/new250_row0194_P03803397.jpg	http://coldb.mnhn.fr/catalognumber/mnhn/p/p03803397	http://dx.doi.org/10.5281/zenodo.1487340	https://zenodo.org/record/1487340/files/P03803397.jpg	https://zenodo.org/record/1487340/files/P03803397.json	693
194	P04732717	195	/mnt/iusers01/sk01/f70829xm/code/nhm/data_rds/02_raw_images/new250/new250_row0195_P04732717.jpg	http://coldb.mnhn.fr/catalognumber/mnhn/p/p04732717	http://dx.doi.org/10.5281/zenodo.1487397	https://zenodo.org/record/1487397/files/P04732717.jpg	https://zenodo.org/record/1487397/files/P04732717.json	694
195	EIG.6494	196	/mnt/iusers01/sk01/f70829xm/code/nhm/data_rds/02_raw_images/new250/new250_row0196_EIG.6494.jpg	http://id.luomus.fi/EIG.6494	http://dx.doi.org/10.5281/zenodo.1485146	https://zenodo.org/record/1485146/files/EIG.6494.jpg	https://zenodo.org/record/1485146/files/EIG.6494.json	695
196	L.3728020	197	/mnt/iusers01/sk01/f70829xm/code/nhm/data_rds/02_raw_images/new250/new250_row0197_L.3728020.jpg	http://data.biodiversitydata.nl/naturalis/specimen/L.3728020	http://dx.doi.org/10.5281/zenodo.1487064	https://zenodo.org/record/1487064/files/L.3728020.jpg	https://zenodo.org/record/1487064/files/L.3728020.json	696
197	E00389799	198	/mnt/iusers01/sk01/f70829xm/code/nhm/data_rds/02_raw_images/new250/new250_row0198_E00389799.jpg	http://data.rbge.org.uk/herb/E00389799	http://dx.doi.org/10.5281/zenodo.1483993	https://zenodo.org/record/1483993/files/E00389799.jpg	https://zenodo.org/record/1483993/files/E00389799.json	697
198	B_10_0003463	199	/mnt/iusers01/sk01/f70829xm/code/nhm/data_rds/02_raw_images/new250/B_10_0003463.jpg	http://herbarium.bgbm.org/object/B100003463	http://dx.doi.org/10.5281/zenodo.1479078	https://zenodo.org/record/1479078/files/B 10 0003463.jpg	https://zenodo.org/record/1479078/files/B 10 0003463.json	698
199	B_10_0003483	200	/mnt/iusers01/sk01/f70829xm/code/nhm/data_rds/02_raw_images/new250/B_10_0003483.jpg	http://herbarium.bgbm.org/object/B100003483	http://dx.doi.org/10.5281/zenodo.1479082	https://zenodo.org/record/1479082/files/B 10 0003483.jpg	https://zenodo.org/record/1479082/files/B 10 0003483.json	699
200	B_10_0003484	201	/mnt/iusers01/sk01/f70829xm/code/nhm/data_rds/02_raw_images/new250/B_10_0003484.jpg	http://herbarium.bgbm.org/object/B100003484	http://dx.doi.org/10.5281/zenodo.1479085	https://zenodo.org/record/1479085/files/B 10 0003484.jpg	https://zenodo.org/record/1479085/files/B 10 0003484.json	700
201	B_10_0003487	202	/mnt/iusers01/sk01/f70829xm/code/nhm/data_rds/02_raw_images/new250/B_10_0003487.jpg	http://herbarium.bgbm.org/object/B100003487	http://dx.doi.org/10.5281/zenodo.1479089	https://zenodo.org/record/1479089/files/B 10 0003487.jpg	https://zenodo.org/record/1479089/files/B 10 0003487.json	701
202	B_10_0218488	203	/mnt/iusers01/sk01/f70829xm/code/nhm/data_rds/02_raw_images/new250/B_10_0218488.jpg	http://herbarium.bgbm.org/object/B100218488	http://dx.doi.org/10.5281/zenodo.1479390	https://zenodo.org/record/1479390/files/B 10 0218488.jpg	https://zenodo.org/record/1479390/files/B 10 0218488.json	702
203	B_10_0460005	204	/mnt/iusers01/sk01/f70829xm/code/nhm/data_rds/02_raw_images/new250/B_10_0460005.jpg	http://herbarium.bgbm.org/object/B100460005	http://dx.doi.org/10.5281/zenodo.1479574	https://zenodo.org/record/1479574/files/B 10 0460005.jpg	https://zenodo.org/record/1479574/files/B 10 0460005.json	703
204	B_10_0277122	205	/mnt/iusers01/sk01/f70829xm/code/nhm/data_rds/02_raw_images/new250/B_10_0277122.jpg	http://herbarium.bgbm.org/object/B100277122	http://dx.doi.org/10.5281/zenodo.1479466	https://zenodo.org/record/1479466/files/B 10 0277122.jpg	https://zenodo.org/record/1479466/files/B 10 0277122.json	704
205	B_10_0249671	206	/mnt/iusers01/sk01/f70829xm/code/nhm/data_rds/02_raw_images/new250/B_10_0249671.jpg	http://herbarium.bgbm.org/object/B100249671	http://dx.doi.org/10.5281/zenodo.1479420	https://zenodo.org/record/1479420/files/B 10 0249671.jpg	https://zenodo.org/record/1479420/files/B 10 0249671.json	705
206	B_10_0190476	207	/mnt/iusers01/sk01/f70829xm/code/nhm/data_rds/02_raw_images/new250/B_10_0190476.jpg	http://herbarium.bgbm.org/object/B100190476	http://dx.doi.org/10.5281/zenodo.1479360	https://zenodo.org/record/1479360/files/B 10 0190476.jpg	https://zenodo.org/record/1479360/files/B 10 0190476.json	706
207	B_10_0190397	208	/mnt/iusers01/sk01/f70829xm/code/nhm/data_rds/02_raw_images/new250/B_10_0190397.jpg	http://herbarium.bgbm.org/object/B100190397	http://dx.doi.org/10.5281/zenodo.1479352	https://zenodo.org/record/1479352/files/B 10 0190397.jpg	https://zenodo.org/record/1479352/files/B 10 0190397.json	707
208	B_10_0190385	209	/mnt/iusers01/sk01/f70829xm/code/nhm/data_rds/02_raw_images/new250/B_10_0190385.jpg	http://herbarium.bgbm.org/object/B100190385	http://dx.doi.org/10.5281/zenodo.1479350	https://zenodo.org/record/1479350/files/B 10 0190385.jpg	https://zenodo.org/record/1479350/files/B 10 0190385.json	708
209	B_10_0190534	210	/mnt/iusers01/sk01/f70829xm/code/nhm/data_rds/02_raw_images/new250/B_10_0190534.jpg	http://herbarium.bgbm.org/object/B100190534	http://dx.doi.org/10.5281/zenodo.1479362	https://zenodo.org/record/1479362/files/B 10 0190534.jpg	https://zenodo.org/record/1479362/files/B 10 0190534.json	709
210	B_10_0217760	211	/mnt/iusers01/sk01/f70829xm/code/nhm/data_rds/02_raw_images/new250/B_10_0217760.jpg	http://herbarium.bgbm.org/object/B100217760	http://dx.doi.org/10.5281/zenodo.1479386	https://zenodo.org/record/1479386/files/B 10 0217760.jpg	https://zenodo.org/record/1479386/files/B 10 0217760.json	710
211	B_10_0049579	212	/mnt/iusers01/sk01/f70829xm/code/nhm/data_rds/02_raw_images/new250/B_10_0049579.jpg	http://herbarium.bgbm.org/object/B100049579	http://dx.doi.org/10.5281/zenodo.1479183	https://zenodo.org/record/1479183/files/B 10 0049579.jpg	https://zenodo.org/record/1479183/files/B 10 0049579.json	711
212	B_10_0089444	213	/mnt/iusers01/sk01/f70829xm/code/nhm/data_rds/02_raw_images/new250/B_10_0089444.jpg	http://herbarium.bgbm.org/object/B100089444	http://dx.doi.org/10.5281/zenodo.1479262	https://zenodo.org/record/1479262/files/B 10 0089444.jpg	https://zenodo.org/record/1479262/files/B 10 0089444.json	712
213	B_10_0088191	214	/mnt/iusers01/sk01/f70829xm/code/nhm/data_rds/02_raw_images/new250/B_10_0088191.jpg	http://herbarium.bgbm.org/object/B100088191	http://dx.doi.org/10.5281/zenodo.1479250	https://zenodo.org/record/1479250/files/B 10 0088191.jpg	https://zenodo.org/record/1479250/files/B 10 0088191.json	713
214	B_10_0114359	215	/mnt/iusers01/sk01/f70829xm/code/nhm/data_rds/02_raw_images/new250/B_10_0114359.jpg	http://herbarium.bgbm.org/object/B100114359	http://dx.doi.org/10.5281/zenodo.1479286	https://zenodo.org/record/1479286/files/B 10 0114359.jpg	https://zenodo.org/record/1479286/files/B 10 0114359.json	714
215	B_10_0176994	216	/mnt/iusers01/sk01/f70829xm/code/nhm/data_rds/02_raw_images/new250/B_10_0176994.jpg	http://herbarium.bgbm.org/object/B100176994	http://dx.doi.org/10.5281/zenodo.1479331	https://zenodo.org/record/1479331/files/B 10 0176994.jpg	https://zenodo.org/record/1479331/files/B 10 0176994.json	715
216	B_10_0355192	217	/mnt/iusers01/sk01/f70829xm/code/nhm/data_rds/02_raw_images/new250/B_10_0355192.jpg	http://herbarium.bgbm.org/object/B100355192	http://dx.doi.org/10.5281/zenodo.1479507	https://zenodo.org/record/1479507/files/B 10 0355192.jpg	https://zenodo.org/record/1479507/files/B 10 0355192.json	716
217	B_10_0241565	218	/mnt/iusers01/sk01/f70829xm/code/nhm/data_rds/02_raw_images/new250/B_10_0241565.jpg	http://herbarium.bgbm.org/object/B100241565	http://dx.doi.org/10.5281/zenodo.1479413	https://zenodo.org/record/1479413/files/B 10 0241565.jpg	https://zenodo.org/record/1479413/files/B 10 0241565.json	717
218	B_10_0271999	219	/mnt/iusers01/sk01/f70829xm/code/nhm/data_rds/02_raw_images/new250/B_10_0271999.jpg	http://herbarium.bgbm.org/object/B100271999	http://dx.doi.org/10.5281/zenodo.1479454	https://zenodo.org/record/1479454/files/B 10 0271999.jpg	https://zenodo.org/record/1479454/files/B 10 0271999.json	718
219	B_10_0263614	220	/mnt/iusers01/sk01/f70829xm/code/nhm/data_rds/02_raw_images/new250/B_10_0263614.jpg	http://herbarium.bgbm.org/object/B100263614	http://dx.doi.org/10.5281/zenodo.1479446	https://zenodo.org/record/1479446/files/B 10 0263614.jpg	https://zenodo.org/record/1479446/files/B 10 0263614.json	719
220	B_10_0003200	221	/mnt/iusers01/sk01/f70829xm/code/nhm/data_rds/02_raw_images/new250/B_10_0003200.jpg	http://herbarium.bgbm.org/object/B100003200	http://dx.doi.org/10.5281/zenodo.1479068	https://zenodo.org/record/1479068/files/B 10 0003200.jpg	https://zenodo.org/record/1479068/files/B 10 0003200.json	720
221	B_10_0460007	222	/mnt/iusers01/sk01/f70829xm/code/nhm/data_rds/02_raw_images/new250/B_10_0460007.jpg	http://herbarium.bgbm.org/object/B100460007	http://dx.doi.org/10.5281/zenodo.1479576	https://zenodo.org/record/1479576/files/B 10 0460007.jpg	https://zenodo.org/record/1479576/files/B 10 0460007.json	721
222	B_10_0002884	223	/mnt/iusers01/sk01/f70829xm/code/nhm/data_rds/02_raw_images/new250/B_10_0002884.jpg	http://herbarium.bgbm.org/object/B100002884	http://dx.doi.org/10.5281/zenodo.1479064	https://zenodo.org/record/1479064/files/B 10 0002884.jpg	https://zenodo.org/record/1479064/files/B 10 0002884.json	722
223	B_10_0242276	224	/mnt/iusers01/sk01/f70829xm/code/nhm/data_rds/02_raw_images/new250/B_10_0242276.jpg	http://herbarium.bgbm.org/object/B100242276	http://dx.doi.org/10.5281/zenodo.1479416	https://zenodo.org/record/1479416/files/B 10 0242276.jpg	https://zenodo.org/record/1479416/files/B 10 0242276.json	723
224	B_10_1001999	225	/mnt/iusers01/sk01/f70829xm/code/nhm/data_rds/02_raw_images/new250/B_10_1001999.jpg	http://herbarium.bgbm.org/object/B101001999	http://dx.doi.org/10.5281/zenodo.1479640	https://zenodo.org/record/1479640/files/B 10 1001999.jpg	https://zenodo.org/record/1479640/files/B 10 1001999.json	724
225	B_10_0278843	226	/mnt/iusers01/sk01/f70829xm/code/nhm/data_rds/02_raw_images/new250/B_10_0278843.jpg	http://herbarium.bgbm.org/object/B100278843	http://dx.doi.org/10.5281/zenodo.1479477	https://zenodo.org/record/1479477/files/B 10 0278843.jpg	https://zenodo.org/record/1479477/files/B 10 0278843.json	725
226	B_10_0220914	227	/mnt/iusers01/sk01/f70829xm/code/nhm/data_rds/02_raw_images/new250/B_10_0220914.jpg	http://herbarium.bgbm.org/object/B100220914	http://dx.doi.org/10.5281/zenodo.1479398	https://zenodo.org/record/1479398/files/B 10 0220914.jpg	https://zenodo.org/record/1479398/files/B 10 0220914.json	726
227	B_10_0241279	228	/mnt/iusers01/sk01/f70829xm/code/nhm/data_rds/02_raw_images/new250/B_10_0241279.jpg	http://herbarium.bgbm.org/object/B100241279	http://dx.doi.org/10.5281/zenodo.1479404	https://zenodo.org/record/1479404/files/B 10 0241279.jpg	https://zenodo.org/record/1479404/files/B 10 0241279.json	727
228	B_10_0069251	229	/mnt/iusers01/sk01/f70829xm/code/nhm/data_rds/02_raw_images/new250/B_10_0069251.jpg	http://herbarium.bgbm.org/object/B100069251	http://dx.doi.org/10.5281/zenodo.1479203	https://zenodo.org/record/1479203/files/B 10 0069251.jpg	https://zenodo.org/record/1479203/files/B 10 0069251.json	728
229	B_10_0086706	230	/mnt/iusers01/sk01/f70829xm/code/nhm/data_rds/02_raw_images/new250/B_10_0086706.jpg	http://herbarium.bgbm.org/object/B100086706	http://dx.doi.org/10.5281/zenodo.1479248	https://zenodo.org/record/1479248/files/B 10 0086706.jpg	https://zenodo.org/record/1479248/files/B 10 0086706.json	729
230	B_10_0177791	231	/mnt/iusers01/sk01/f70829xm/code/nhm/data_rds/02_raw_images/new250/B_10_0177791.jpg	http://herbarium.bgbm.org/object/B100177791	http://dx.doi.org/10.5281/zenodo.1479333	https://zenodo.org/record/1479333/files/B 10 0177791.jpg	https://zenodo.org/record/1479333/files/B 10 0177791.json	730
231	B_10_0005500	232	/mnt/iusers01/sk01/f70829xm/code/nhm/data_rds/02_raw_images/new250/B_10_0005500.jpg	http://herbarium.bgbm.org/object/B100005500	http://dx.doi.org/10.5281/zenodo.1479151	https://zenodo.org/record/1479151/files/B 10 0005500.jpg	https://zenodo.org/record/1479151/files/B 10 0005500.json	731
232	B_10_0367296	233	/mnt/iusers01/sk01/f70829xm/code/nhm/data_rds/02_raw_images/new250/B_10_0367296.jpg	http://herbarium.bgbm.org/object/B100367296	http://dx.doi.org/10.5281/zenodo.1479517	https://zenodo.org/record/1479517/files/B 10 0367296.jpg	https://zenodo.org/record/1479517/files/B 10 0367296.json	732
233	B_10_0260193	234	/mnt/iusers01/sk01/f70829xm/code/nhm/data_rds/02_raw_images/new250/B_10_0260193.jpg	http://herbarium.bgbm.org/object/B100260193	http://dx.doi.org/10.5281/zenodo.1479434	https://zenodo.org/record/1479434/files/B 10 0260193.jpg	https://zenodo.org/record/1479434/files/B 10 0260193.json	733
234	B_10_0293085	235	/mnt/iusers01/sk01/f70829xm/code/nhm/data_rds/02_raw_images/new250/B_10_0293085.jpg	http://herbarium.bgbm.org/object/B100293085	http://dx.doi.org/10.5281/zenodo.1479482	https://zenodo.org/record/1479482/files/B 10 0293085.jpg	https://zenodo.org/record/1479482/files/B 10 0293085.json	734
235	B_10_0517303	236	/mnt/iusers01/sk01/f70829xm/code/nhm/data_rds/02_raw_images/new250/B_10_0517303.jpg	http://herbarium.bgbm.org/object/B100517303	http://dx.doi.org/10.5281/zenodo.1479594	https://zenodo.org/record/1479594/files/B 10 0517303.jpg	https://zenodo.org/record/1479594/files/B 10 0517303.json	735
236	B_10_0355271	237	/mnt/iusers01/sk01/f70829xm/code/nhm/data_rds/02_raw_images/new250/B_10_0355271.jpg	http://herbarium.bgbm.org/object/B100355271	http://dx.doi.org/10.5281/zenodo.1479509	https://zenodo.org/record/1479509/files/B 10 0355271.jpg	https://zenodo.org/record/1479509/files/B 10 0355271.json	736
237	B_10_0326671	238	/mnt/iusers01/sk01/f70829xm/code/nhm/data_rds/02_raw_images/new250/B_10_0326671.jpg	http://herbarium.bgbm.org/object/B100326671	http://dx.doi.org/10.5281/zenodo.1479493	https://zenodo.org/record/1479493/files/B 10 0326671.jpg	https://zenodo.org/record/1479493/files/B 10 0326671.json	737
238	B_10_0279821	239	/mnt/iusers01/sk01/f70829xm/code/nhm/data_rds/02_raw_images/new250/B_10_0279821.jpg	http://herbarium.bgbm.org/object/B100279821	http://dx.doi.org/10.5281/zenodo.1479479	https://zenodo.org/record/1479479/files/B 10 0279821.jpg	https://zenodo.org/record/1479479/files/B 10 0279821.json	738
239	B_10_0157339	240	/mnt/iusers01/sk01/f70829xm/code/nhm/data_rds/02_raw_images/new250/B_10_0157339.jpg	http://herbarium.bgbm.org/object/B100157339	http://dx.doi.org/10.5281/zenodo.1479304	https://zenodo.org/record/1479304/files/B 10 0157339.jpg	https://zenodo.org/record/1479304/files/B 10 0157339.json	739
240	B_10_0030420	241	/mnt/iusers01/sk01/f70829xm/code/nhm/data_rds/02_raw_images/new250/B_10_0030420.jpg	http://herbarium.bgbm.org/object/B100030420	http://dx.doi.org/10.5281/zenodo.1479168	https://zenodo.org/record/1479168/files/B 10 0030420.jpg	https://zenodo.org/record/1479168/files/B 10 0030420.json	740
241	B_10_0127220	242	/mnt/iusers01/sk01/f70829xm/code/nhm/data_rds/02_raw_images/new250/B_10_0127220.jpg	http://herbarium.bgbm.org/object/B100127220	http://dx.doi.org/10.5281/zenodo.1479298	https://zenodo.org/record/1479298/files/B 10 0127220.jpg	https://zenodo.org/record/1479298/files/B 10 0127220.json	741
242	B_10_0172760	243	/mnt/iusers01/sk01/f70829xm/code/nhm/data_rds/02_raw_images/new250/B_10_0172760.jpg	http://herbarium.bgbm.org/object/B100172760	http://dx.doi.org/10.5281/zenodo.1479317	https://zenodo.org/record/1479317/files/B 10 0172760.jpg	https://zenodo.org/record/1479317/files/B 10 0172760.json	742
243	B_10_0172762	244	/mnt/iusers01/sk01/f70829xm/code/nhm/data_rds/02_raw_images/new250/B_10_0172762.jpg	http://herbarium.bgbm.org/object/B100172762	http://dx.doi.org/10.5281/zenodo.1479319	https://zenodo.org/record/1479319/files/B 10 0172762.jpg	https://zenodo.org/record/1479319/files/B 10 0172762.json	743
244	B_10_0172769	245	/mnt/iusers01/sk01/f70829xm/code/nhm/data_rds/02_raw_images/new250/B_10_0172769.jpg	http://herbarium.bgbm.org/object/B100172769	http://dx.doi.org/10.5281/zenodo.1479321	https://zenodo.org/record/1479321/files/B 10 0172769.jpg	https://zenodo.org/record/1479321/files/B 10 0172769.json	744
245	B_10_0172773	246	/mnt/iusers01/sk01/f70829xm/code/nhm/data_rds/02_raw_images/new250/B_10_0172773.jpg	http://herbarium.bgbm.org/object/B100172773	http://dx.doi.org/10.5281/zenodo.1479323	https://zenodo.org/record/1479323/files/B 10 0172773.jpg	https://zenodo.org/record/1479323/files/B 10 0172773.json	745
246	B_10_0185596	247	/mnt/iusers01/sk01/f70829xm/code/nhm/data_rds/02_raw_images/new250/B_10_0185596.jpg	http://herbarium.bgbm.org/object/B100185596	http://dx.doi.org/10.5281/zenodo.1479339	https://zenodo.org/record/1479339/files/B 10 0185596.jpg	https://zenodo.org/record/1479339/files/B 10 0185596.json	746
247	B_10_0046042	248	/mnt/iusers01/sk01/f70829xm/code/nhm/data_rds/02_raw_images/new250/B_10_0046042.jpg	http://herbarium.bgbm.org/object/B100046042	http://dx.doi.org/10.5281/zenodo.1479173	https://zenodo.org/record/1479173/files/B 10 0046042.jpg	https://zenodo.org/record/1479173/files/B 10 0046042.json	747
248	B_10_0209435	249	/mnt/iusers01/sk01/f70829xm/code/nhm/data_rds/02_raw_images/new250/B_10_0209435.jpg	http://herbarium.bgbm.org/object/B100209435	http://dx.doi.org/10.5281/zenodo.1479370	https://zenodo.org/record/1479370/files/B 10 0209435.jpg	https://zenodo.org/record/1479370/files/B 10 0209435.json	748
249	B_10_0002520	250	/mnt/iusers01/sk01/f70829xm/code/nhm/data_rds/02_raw_images/new250/B_10_0002520.jpg	http://herbarium.bgbm.org/object/B100002520	http://dx.doi.org/10.5281/zenodo.1479040	https://zenodo.org/record/1479040/files/B 10 0002520.jpg	https://zenodo.org/record/1479040/files/B 10 0002520.json	749
